ISO-10303-21;
HEADER;
FILE_DESCRIPTION(('KiCad electronic assembly'),'2;1');
FILE_NAME('BSPD.step','2025-07-28T13:38:33',('Pcbnew'),('Kicad'),
  'Open CASCADE STEP processor 7.7','KiCad to STEP converter','Unknown'
  );
FILE_SCHEMA(('AUTOMOTIVE_DESIGN { 1 0 10303 214 1 1 1 1 }'));
ENDSEC;
DATA;
#1 = APPLICATION_PROTOCOL_DEFINITION('international standard',
  'automotive_design',2000,#2);
#2 = APPLICATION_CONTEXT(
  'core data for automotive mechanical design processes');
#3 = SHAPE_DEFINITION_REPRESENTATION(#4,#10);
#4 = PRODUCT_DEFINITION_SHAPE('','',#5);
#5 = PRODUCT_DEFINITION('design','',#6,#9);
#6 = PRODUCT_DEFINITION_FORMATION('','',#7);
#7 = PRODUCT('BSPD 1','BSPD 1','',(#8));
#8 = PRODUCT_CONTEXT('',#2,'mechanical');
#9 = PRODUCT_DEFINITION_CONTEXT('part definition',#2,'design');
#10 = SHAPE_REPRESENTATION('',(#11,#15,#19,#23,#27,#31,#35,#39,#43,#47,
    #51,#55,#59,#63,#67,#71,#75,#79,#83,#87,#91,#95,#99,#103,#107,#111,
    #115,#119,#123,#127,#131,#135,#139,#143,#147,#151,#155,#159,#163,
    #167),#171);
#11 = AXIS2_PLACEMENT_3D('',#12,#13,#14);
#12 = CARTESIAN_POINT('',(0.,0.,0.));
#13 = DIRECTION('',(0.,0.,1.));
#14 = DIRECTION('',(1.,0.,-0.));
#15 = AXIS2_PLACEMENT_3D('',#16,#17,#18);
#16 = CARTESIAN_POINT('',(6.858,8.89,1.65));
#17 = DIRECTION('',(0.,0.,1.));
#18 = DIRECTION('',(1.,0.,0.));
#19 = AXIS2_PLACEMENT_3D('',#20,#21,#22);
#20 = CARTESIAN_POINT('',(9.779,-2.413,1.65));
#21 = DIRECTION('',(0.,0.,1.));
#22 = DIRECTION('',(-1.,1.224646799147E-16,0.));
#23 = AXIS2_PLACEMENT_3D('',#24,#25,#26);
#24 = CARTESIAN_POINT('',(-3.2235,-0.889,1.65));
#25 = DIRECTION('',(0.,0.,1.));
#26 = DIRECTION('',(1.,0.,0.));
#27 = AXIS2_PLACEMENT_3D('',#28,#29,#30);
#28 = CARTESIAN_POINT('',(-8.636,-3.048,1.65));
#29 = DIRECTION('',(0.,-0.,1.));
#30 = DIRECTION('',(1.110223024625E-16,1.,0.));
#31 = AXIS2_PLACEMENT_3D('',#32,#33,#34);
#32 = CARTESIAN_POINT('',(10.0625,22.735,1.65));
#33 = DIRECTION('',(0.,0.,1.));
#34 = DIRECTION('',(1.,0.,0.));
#35 = AXIS2_PLACEMENT_3D('',#36,#37,#38);
#36 = CARTESIAN_POINT('',(-9.398,11.811,1.65));
#37 = DIRECTION('',(0.,0.,1.));
#38 = DIRECTION('',(1.,0.,0.));
#39 = AXIS2_PLACEMENT_3D('',#40,#41,#42);
#40 = CARTESIAN_POINT('',(5.256,0.25,1.65));
#41 = DIRECTION('',(0.,-0.,1.));
#42 = DIRECTION('',(1.110223024625E-16,1.,0.));
#43 = AXIS2_PLACEMENT_3D('',#44,#45,#46);
#44 = CARTESIAN_POINT('',(10.0625,12.695,1.65));
#45 = DIRECTION('',(0.,0.,1.));
#46 = DIRECTION('',(1.,0.,0.));
#47 = AXIS2_PLACEMENT_3D('',#48,#49,#50);
#48 = CARTESIAN_POINT('',(52.706,6.144,1.65));
#49 = DIRECTION('',(0.,0.,1.));
#50 = DIRECTION('',(1.,0.,0.));
#51 = AXIS2_PLACEMENT_3D('',#52,#53,#54);
#52 = CARTESIAN_POINT('',(-6.477,2.286,1.65));
#53 = DIRECTION('',(-0.,0.,1.));
#54 = DIRECTION('',(1.110223024625E-16,-1.,0.));
#55 = AXIS2_PLACEMENT_3D('',#56,#57,#58);
#56 = CARTESIAN_POINT('',(1.397,2.54,1.65));
#57 = DIRECTION('',(0.,-0.,1.));
#58 = DIRECTION('',(1.110223024625E-16,1.,0.));
#59 = AXIS2_PLACEMENT_3D('',#60,#61,#62);
#60 = CARTESIAN_POINT('',(-21.209,9.488,1.65));
#61 = DIRECTION('',(0.,0.,1.));
#62 = DIRECTION('',(1.,0.,0.));
#63 = AXIS2_PLACEMENT_3D('',#64,#65,#66);
#64 = CARTESIAN_POINT('',(9.779,4.191,1.65));
#65 = DIRECTION('',(0.,0.,1.));
#66 = DIRECTION('',(-1.,1.224646799147E-16,0.));
#67 = AXIS2_PLACEMENT_3D('',#68,#69,#70);
#68 = CARTESIAN_POINT('',(4.318,3.175,1.65));
#69 = DIRECTION('',(0.,0.,1.));
#70 = DIRECTION('',(1.,0.,0.));
#71 = AXIS2_PLACEMENT_3D('',#72,#73,#74);
#72 = CARTESIAN_POINT('',(13.97,12.695,1.65));
#73 = DIRECTION('',(0.,0.,1.));
#74 = DIRECTION('',(1.,0.,0.));
#75 = AXIS2_PLACEMENT_3D('',#76,#77,#78);
#76 = CARTESIAN_POINT('',(6.0525,15.205,1.65));
#77 = DIRECTION('',(0.,0.,1.));
#78 = DIRECTION('',(1.,0.,0.));
#79 = AXIS2_PLACEMENT_3D('',#80,#81,#82);
#80 = CARTESIAN_POINT('',(13.97,7.675,1.65));
#81 = DIRECTION('',(0.,0.,1.));
#82 = DIRECTION('',(1.,0.,0.));
#83 = AXIS2_PLACEMENT_3D('',#84,#85,#86);
#84 = CARTESIAN_POINT('',(-10.287,-3.048,1.65));
#85 = DIRECTION('',(0.,-0.,1.));
#86 = DIRECTION('',(1.110223024625E-16,1.,0.));
#87 = AXIS2_PLACEMENT_3D('',#88,#89,#90);
#88 = CARTESIAN_POINT('',(52.706,2.794,1.65));
#89 = DIRECTION('',(0.,0.,1.));
#90 = DIRECTION('',(1.,0.,0.));
#91 = AXIS2_PLACEMENT_3D('',#92,#93,#94);
#92 = CARTESIAN_POINT('',(6.0525,17.715,1.65));
#93 = DIRECTION('',(0.,0.,1.));
#94 = DIRECTION('',(1.,0.,0.));
#95 = AXIS2_PLACEMENT_3D('',#96,#97,#98);
#96 = CARTESIAN_POINT('',(0.635,-1.27,1.65));
#97 = DIRECTION('',(0.,0.,1.));
#98 = DIRECTION('',(1.,0.,0.));
#99 = AXIS2_PLACEMENT_3D('',#100,#101,#102);
#100 = CARTESIAN_POINT('',(-3.81,-5.207,1.65));
#101 = DIRECTION('',(0.,0.,1.));
#102 = DIRECTION('',(1.,0.,0.));
#103 = AXIS2_PLACEMENT_3D('',#104,#105,#106);
#104 = CARTESIAN_POINT('',(-9.271,2.286,1.65));
#105 = DIRECTION('',(0.,0.,1.));
#106 = DIRECTION('',(-1.,1.224646799147E-16,0.));
#107 = AXIS2_PLACEMENT_3D('',#108,#109,#110);
#108 = CARTESIAN_POINT('',(7.493,3.937,1.65));
#109 = DIRECTION('',(-0.,0.,1.));
#110 = DIRECTION('',(1.110223024625E-16,-1.,0.));
#111 = AXIS2_PLACEMENT_3D('',#112,#113,#114);
#112 = CARTESIAN_POINT('',(-13.589,10.668,1.65));
#113 = DIRECTION('',(0.,0.,1.));
#114 = DIRECTION('',(1.,0.,0.));
#115 = AXIS2_PLACEMENT_3D('',#116,#117,#118);
#116 = CARTESIAN_POINT('',(-8.697,-6.5255,1.65));
#117 = DIRECTION('',(-0.,0.,1.));
#118 = DIRECTION('',(1.110223024625E-16,-1.,0.));
#119 = AXIS2_PLACEMENT_3D('',#120,#121,#122);
#120 = CARTESIAN_POINT('',(-3.163001,-8.206,1.65));
#121 = DIRECTION('',(0.,-0.,1.));
#122 = DIRECTION('',(1.110223024625E-16,1.,0.));
#123 = AXIS2_PLACEMENT_3D('',#124,#125,#126);
#124 = CARTESIAN_POINT('',(17.98,12.695,1.65));
#125 = DIRECTION('',(0.,0.,1.));
#126 = DIRECTION('',(1.,0.,0.));
#127 = AXIS2_PLACEMENT_3D('',#128,#129,#130);
#128 = CARTESIAN_POINT('',(9.398,0.127,1.65));
#129 = DIRECTION('',(0.,0.,1.));
#130 = DIRECTION('',(-1.,1.224646799147E-16,0.));
#131 = AXIS2_PLACEMENT_3D('',#132,#133,#134);
#132 = CARTESIAN_POINT('',(13.97,15.205,1.65));
#133 = DIRECTION('',(0.,0.,1.));
#134 = DIRECTION('',(1.,0.,0.));
#135 = AXIS2_PLACEMENT_3D('',#136,#137,#138);
#136 = CARTESIAN_POINT('',(10.0625,20.225,1.65));
#137 = DIRECTION('',(0.,0.,1.));
#138 = DIRECTION('',(1.,0.,0.));
#139 = AXIS2_PLACEMENT_3D('',#140,#141,#142);
#140 = CARTESIAN_POINT('',(-17.399,10.668,1.65));
#141 = DIRECTION('',(0.,0.,1.));
#142 = DIRECTION('',(1.,0.,0.));
#143 = AXIS2_PLACEMENT_3D('',#144,#145,#146);
#144 = CARTESIAN_POINT('',(9.779,-3.937,1.65));
#145 = DIRECTION('',(0.,0.,1.));
#146 = DIRECTION('',(-1.,1.224646799147E-16,0.));
#147 = AXIS2_PLACEMENT_3D('',#148,#149,#150);
#148 = CARTESIAN_POINT('',(-6.985,7.62,1.65));
#149 = DIRECTION('',(0.,0.,1.));
#150 = DIRECTION('',(1.,0.,0.));
#151 = AXIS2_PLACEMENT_3D('',#152,#153,#154);
#152 = CARTESIAN_POINT('',(7.493,-3.556,1.65));
#153 = DIRECTION('',(0.,-0.,1.));
#154 = DIRECTION('',(1.110223024625E-16,1.,0.));
#155 = AXIS2_PLACEMENT_3D('',#156,#157,#158);
#156 = CARTESIAN_POINT('',(9.779,2.667,1.65));
#157 = DIRECTION('',(0.,0.,1.));
#158 = DIRECTION('',(-1.,1.224646799147E-16,0.));
#159 = AXIS2_PLACEMENT_3D('',#160,#161,#162);
#160 = CARTESIAN_POINT('',(3.81,-3.175,1.65));
#161 = DIRECTION('',(0.,0.,1.));
#162 = DIRECTION('',(1.,0.,0.));
#163 = AXIS2_PLACEMENT_3D('',#164,#165,#166);
#164 = CARTESIAN_POINT('',(-0.762,-5.207,1.65));
#165 = DIRECTION('',(0.,0.,1.));
#166 = DIRECTION('',(1.,0.,0.));
#167 = AXIS2_PLACEMENT_3D('',#168,#169,#170);
#168 = CARTESIAN_POINT('',(0.,0.,0.));
#169 = DIRECTION('',(0.,0.,1.));
#170 = DIRECTION('',(1.,0.,-0.));
#171 = ( GEOMETRIC_REPRESENTATION_CONTEXT(3) 
GLOBAL_UNCERTAINTY_ASSIGNED_CONTEXT((#175)) GLOBAL_UNIT_ASSIGNED_CONTEXT
((#172,#173,#174)) REPRESENTATION_CONTEXT('Context #1',
  '3D Context with UNIT and UNCERTAINTY') );
#172 = ( LENGTH_UNIT() NAMED_UNIT(*) SI_UNIT(.MILLI.,.METRE.) );
#173 = ( NAMED_UNIT(*) PLANE_ANGLE_UNIT() SI_UNIT($,.RADIAN.) );
#174 = ( NAMED_UNIT(*) SI_UNIT($,.STERADIAN.) SOLID_ANGLE_UNIT() );
#175 = UNCERTAINTY_MEASURE_WITH_UNIT(LENGTH_MEASURE(5.E-07),#172,
  'distance_accuracy_value','confusion accuracy');
#176 = PRODUCT_RELATED_PRODUCT_CATEGORY('part',$,(#7));
#177 = SHAPE_DEFINITION_REPRESENTATION(#178,#184);
#178 = PRODUCT_DEFINITION_SHAPE('','',#179);
#179 = PRODUCT_DEFINITION('design','',#180,#183);
#180 = PRODUCT_DEFINITION_FORMATION('','',#181);
#181 = PRODUCT('R_0603_1608Metric','R_0603_1608Metric','',(#182));
#182 = PRODUCT_CONTEXT('',#2,'mechanical');
#183 = PRODUCT_DEFINITION_CONTEXT('part definition',#2,'design');
#184 = SHAPE_REPRESENTATION('',(#11,#185),#189);
#185 = AXIS2_PLACEMENT_3D('',#186,#187,#188);
#186 = CARTESIAN_POINT('',(0.,0.,0.));
#187 = DIRECTION('',(0.,0.,1.));
#188 = DIRECTION('',(1.,0.,-0.));
#189 = ( GEOMETRIC_REPRESENTATION_CONTEXT(3) 
GLOBAL_UNCERTAINTY_ASSIGNED_CONTEXT((#193)) GLOBAL_UNIT_ASSIGNED_CONTEXT
((#190,#191,#192)) REPRESENTATION_CONTEXT('Context #1',
  '3D Context with UNIT and UNCERTAINTY') );
#190 = ( LENGTH_UNIT() NAMED_UNIT(*) SI_UNIT(.MILLI.,.METRE.) );
#191 = ( NAMED_UNIT(*) PLANE_ANGLE_UNIT() SI_UNIT($,.RADIAN.) );
#192 = ( NAMED_UNIT(*) SI_UNIT($,.STERADIAN.) SOLID_ANGLE_UNIT() );
#193 = UNCERTAINTY_MEASURE_WITH_UNIT(LENGTH_MEASURE(1.E-07),#190,
  'distance_accuracy_value','confusion accuracy');
#194 = CONTEXT_DEPENDENT_SHAPE_REPRESENTATION(#195,#197);
#195 = ( REPRESENTATION_RELATIONSHIP('','',#184,#10) 
REPRESENTATION_RELATIONSHIP_WITH_TRANSFORMATION(#196) 
SHAPE_REPRESENTATION_RELATIONSHIP() );
#196 = ITEM_DEFINED_TRANSFORMATION('','',#11,#15);
#197 = PRODUCT_DEFINITION_SHAPE('Placement','Placement of an item',#198
  );
#198 = NEXT_ASSEMBLY_USAGE_OCCURRENCE('2','R11','',#5,#179,$);
#199 = PRODUCT_RELATED_PRODUCT_CATEGORY('part',$,(#181));
#200 = SHAPE_DEFINITION_REPRESENTATION(#201,#207);
#201 = PRODUCT_DEFINITION_SHAPE('','',#202);
#202 = PRODUCT_DEFINITION('design','',#203,#206);
#203 = PRODUCT_DEFINITION_FORMATION('','',#204);
#204 = PRODUCT('R_0603_1608Metric','R_0603_1608Metric','',(#205));
#205 = PRODUCT_CONTEXT('',#2,'mechanical');
#206 = PRODUCT_DEFINITION_CONTEXT('part definition',#2,'design');
#207 = ADVANCED_BREP_SHAPE_REPRESENTATION('',(#11,#208),#998);
#208 = MANIFOLD_SOLID_BREP('',#209);
#209 = CLOSED_SHELL('',(#210,#250,#333,#358,#383,#450,#467,#484,#533,
    #550,#567,#616,#633,#702,#733,#757,#826,#850,#867,#884,#901,#918,
    #935,#952,#969,#986));
#210 = ADVANCED_FACE('',(#211),#245,.F.);
#211 = FACE_BOUND('',#212,.F.);
#212 = EDGE_LOOP('',(#213,#223,#231,#239));
#213 = ORIENTED_EDGE('',*,*,#214,.F.);
#214 = EDGE_CURVE('',#215,#217,#219,.T.);
#215 = VERTEX_POINT('',#216);
#216 = CARTESIAN_POINT('',(-0.8,-0.4,4.5E-02));
#217 = VERTEX_POINT('',#218);
#218 = CARTESIAN_POINT('',(-0.8,-0.4,0.405));
#219 = LINE('',#220,#221);
#220 = CARTESIAN_POINT('',(-0.8,-0.4,0.));
#221 = VECTOR('',#222,1.);
#222 = DIRECTION('',(0.,0.,1.));
#223 = ORIENTED_EDGE('',*,*,#224,.T.);
#224 = EDGE_CURVE('',#215,#225,#227,.T.);
#225 = VERTEX_POINT('',#226);
#226 = CARTESIAN_POINT('',(-0.8,0.4,4.5E-02));
#227 = LINE('',#228,#229);
#228 = CARTESIAN_POINT('',(-0.8,-0.4,4.5E-02));
#229 = VECTOR('',#230,1.);
#230 = DIRECTION('',(0.,1.,0.));
#231 = ORIENTED_EDGE('',*,*,#232,.T.);
#232 = EDGE_CURVE('',#225,#233,#235,.T.);
#233 = VERTEX_POINT('',#234);
#234 = CARTESIAN_POINT('',(-0.8,0.4,0.405));
#235 = LINE('',#236,#237);
#236 = CARTESIAN_POINT('',(-0.8,0.4,0.));
#237 = VECTOR('',#238,1.);
#238 = DIRECTION('',(0.,0.,1.));
#239 = ORIENTED_EDGE('',*,*,#240,.F.);
#240 = EDGE_CURVE('',#217,#233,#241,.T.);
#241 = LINE('',#242,#243);
#242 = CARTESIAN_POINT('',(-0.8,-0.4,0.405));
#243 = VECTOR('',#244,1.);
#244 = DIRECTION('',(0.,1.,0.));
#245 = PLANE('',#246);
#246 = AXIS2_PLACEMENT_3D('',#247,#248,#249);
#247 = CARTESIAN_POINT('',(-0.8,-0.4,0.));
#248 = DIRECTION('',(1.,0.,0.));
#249 = DIRECTION('',(0.,0.,1.));
#250 = ADVANCED_FACE('',(#251),#328,.F.);
#251 = FACE_BOUND('',#252,.F.);
#252 = EDGE_LOOP('',(#253,#263,#270,#271,#280,#288,#297,#305,#313,#321)
  );
#253 = ORIENTED_EDGE('',*,*,#254,.F.);
#254 = EDGE_CURVE('',#255,#257,#259,.T.);
#255 = VERTEX_POINT('',#256);
#256 = CARTESIAN_POINT('',(-0.755,-0.4,-2.775557561563E-17));
#257 = VERTEX_POINT('',#258);
#258 = CARTESIAN_POINT('',(-0.545,-0.4,-2.775557561563E-17));
#259 = LINE('',#260,#261);
#260 = CARTESIAN_POINT('',(-0.8,-0.4,0.));
#261 = VECTOR('',#262,1.);
#262 = DIRECTION('',(1.,0.,0.));
#263 = ORIENTED_EDGE('',*,*,#264,.F.);
#264 = EDGE_CURVE('',#215,#255,#265,.T.);
#265 = CIRCLE('',#266,4.5E-02);
#266 = AXIS2_PLACEMENT_3D('',#267,#268,#269);
#267 = CARTESIAN_POINT('',(-0.755,-0.4,4.5E-02));
#268 = DIRECTION('',(0.,-1.,0.));
#269 = DIRECTION('',(0.,0.,1.));
#270 = ORIENTED_EDGE('',*,*,#214,.T.);
#271 = ORIENTED_EDGE('',*,*,#272,.T.);
#272 = EDGE_CURVE('',#217,#273,#275,.T.);
#273 = VERTEX_POINT('',#274);
#274 = CARTESIAN_POINT('',(-0.755,-0.4,0.45));
#275 = CIRCLE('',#276,4.5E-02);
#276 = AXIS2_PLACEMENT_3D('',#277,#278,#279);
#277 = CARTESIAN_POINT('',(-0.755,-0.4,0.405));
#278 = DIRECTION('',(0.,1.,0.));
#279 = DIRECTION('',(0.,-0.,1.));
#280 = ORIENTED_EDGE('',*,*,#281,.T.);
#281 = EDGE_CURVE('',#273,#282,#284,.T.);
#282 = VERTEX_POINT('',#283);
#283 = CARTESIAN_POINT('',(-0.545,-0.4,0.45));
#284 = LINE('',#285,#286);
#285 = CARTESIAN_POINT('',(-0.8,-0.4,0.45));
#286 = VECTOR('',#287,1.);
#287 = DIRECTION('',(1.,0.,0.));
#288 = ORIENTED_EDGE('',*,*,#289,.F.);
#289 = EDGE_CURVE('',#290,#282,#292,.T.);
#290 = VERTEX_POINT('',#291);
#291 = CARTESIAN_POINT('',(-0.5,-0.4,0.405));
#292 = CIRCLE('',#293,4.5E-02);
#293 = AXIS2_PLACEMENT_3D('',#294,#295,#296);
#294 = CARTESIAN_POINT('',(-0.545,-0.4,0.405));
#295 = DIRECTION('',(0.,-1.,0.));
#296 = DIRECTION('',(0.,0.,1.));
#297 = ORIENTED_EDGE('',*,*,#298,.F.);
#298 = EDGE_CURVE('',#299,#290,#301,.T.);
#299 = VERTEX_POINT('',#300);
#300 = CARTESIAN_POINT('',(-0.755,-0.4,0.405));
#301 = LINE('',#302,#303);
#302 = CARTESIAN_POINT('',(-0.755,-0.4,0.405));
#303 = VECTOR('',#304,1.);
#304 = DIRECTION('',(1.,0.,0.));
#305 = ORIENTED_EDGE('',*,*,#306,.F.);
#306 = EDGE_CURVE('',#307,#299,#309,.T.);
#307 = VERTEX_POINT('',#308);
#308 = CARTESIAN_POINT('',(-0.755,-0.4,4.5E-02));
#309 = LINE('',#310,#311);
#310 = CARTESIAN_POINT('',(-0.755,-0.4,4.5E-02));
#311 = VECTOR('',#312,1.);
#312 = DIRECTION('',(0.,0.,1.));
#313 = ORIENTED_EDGE('',*,*,#314,.T.);
#314 = EDGE_CURVE('',#307,#315,#317,.T.);
#315 = VERTEX_POINT('',#316);
#316 = CARTESIAN_POINT('',(-0.5,-0.4,4.5E-02));
#317 = LINE('',#318,#319);
#318 = CARTESIAN_POINT('',(-0.755,-0.4,4.5E-02));
#319 = VECTOR('',#320,1.);
#320 = DIRECTION('',(1.,0.,0.));
#321 = ORIENTED_EDGE('',*,*,#322,.T.);
#322 = EDGE_CURVE('',#315,#257,#323,.T.);
#323 = CIRCLE('',#324,4.5E-02);
#324 = AXIS2_PLACEMENT_3D('',#325,#326,#327);
#325 = CARTESIAN_POINT('',(-0.545,-0.4,4.5E-02));
#326 = DIRECTION('',(0.,1.,0.));
#327 = DIRECTION('',(0.,-0.,1.));
#328 = PLANE('',#329);
#329 = AXIS2_PLACEMENT_3D('',#330,#331,#332);
#330 = CARTESIAN_POINT('',(-0.8,-0.4,0.));
#331 = DIRECTION('',(0.,1.,0.));
#332 = DIRECTION('',(0.,-0.,1.));
#333 = ADVANCED_FACE('',(#334),#353,.T.);
#334 = FACE_BOUND('',#335,.T.);
#335 = EDGE_LOOP('',(#336,#337,#346,#352));
#336 = ORIENTED_EDGE('',*,*,#224,.T.);
#337 = ORIENTED_EDGE('',*,*,#338,.T.);
#338 = EDGE_CURVE('',#225,#339,#341,.T.);
#339 = VERTEX_POINT('',#340);
#340 = CARTESIAN_POINT('',(-0.755,0.4,-2.775557561563E-17));
#341 = CIRCLE('',#342,4.5E-02);
#342 = AXIS2_PLACEMENT_3D('',#343,#344,#345);
#343 = CARTESIAN_POINT('',(-0.755,0.4,4.5E-02));
#344 = DIRECTION('',(0.,-1.,0.));
#345 = DIRECTION('',(0.,0.,1.));
#346 = ORIENTED_EDGE('',*,*,#347,.F.);
#347 = EDGE_CURVE('',#255,#339,#348,.T.);
#348 = LINE('',#349,#350);
#349 = CARTESIAN_POINT('',(-0.755,-0.4,-2.775557561563E-17));
#350 = VECTOR('',#351,1.);
#351 = DIRECTION('',(0.,1.,0.));
#352 = ORIENTED_EDGE('',*,*,#264,.F.);
#353 = CYLINDRICAL_SURFACE('',#354,4.5E-02);
#354 = AXIS2_PLACEMENT_3D('',#355,#356,#357);
#355 = CARTESIAN_POINT('',(-0.755,-0.4,4.5E-02));
#356 = DIRECTION('',(0.,1.,0.));
#357 = DIRECTION('',(-1.,0.,0.));
#358 = ADVANCED_FACE('',(#359),#378,.T.);
#359 = FACE_BOUND('',#360,.T.);
#360 = EDGE_LOOP('',(#361,#362,#370,#377));
#361 = ORIENTED_EDGE('',*,*,#272,.T.);
#362 = ORIENTED_EDGE('',*,*,#363,.T.);
#363 = EDGE_CURVE('',#273,#364,#366,.T.);
#364 = VERTEX_POINT('',#365);
#365 = CARTESIAN_POINT('',(-0.755,0.4,0.45));
#366 = LINE('',#367,#368);
#367 = CARTESIAN_POINT('',(-0.755,-0.4,0.45));
#368 = VECTOR('',#369,1.);
#369 = DIRECTION('',(0.,1.,0.));
#370 = ORIENTED_EDGE('',*,*,#371,.F.);
#371 = EDGE_CURVE('',#233,#364,#372,.T.);
#372 = CIRCLE('',#373,4.5E-02);
#373 = AXIS2_PLACEMENT_3D('',#374,#375,#376);
#374 = CARTESIAN_POINT('',(-0.755,0.4,0.405));
#375 = DIRECTION('',(0.,1.,0.));
#376 = DIRECTION('',(0.,-0.,1.));
#377 = ORIENTED_EDGE('',*,*,#240,.F.);
#378 = CYLINDRICAL_SURFACE('',#379,4.5E-02);
#379 = AXIS2_PLACEMENT_3D('',#380,#381,#382);
#380 = CARTESIAN_POINT('',(-0.755,-0.4,0.405));
#381 = DIRECTION('',(0.,1.,0.));
#382 = DIRECTION('',(-1.,0.,0.));
#383 = ADVANCED_FACE('',(#384),#445,.T.);
#384 = FACE_BOUND('',#385,.T.);
#385 = EDGE_LOOP('',(#386,#394,#395,#396,#397,#405,#414,#422,#430,#438)
  );
#386 = ORIENTED_EDGE('',*,*,#387,.F.);
#387 = EDGE_CURVE('',#339,#388,#390,.T.);
#388 = VERTEX_POINT('',#389);
#389 = CARTESIAN_POINT('',(-0.545,0.4,-2.775557561563E-17));
#390 = LINE('',#391,#392);
#391 = CARTESIAN_POINT('',(-0.8,0.4,0.));
#392 = VECTOR('',#393,1.);
#393 = DIRECTION('',(1.,0.,0.));
#394 = ORIENTED_EDGE('',*,*,#338,.F.);
#395 = ORIENTED_EDGE('',*,*,#232,.T.);
#396 = ORIENTED_EDGE('',*,*,#371,.T.);
#397 = ORIENTED_EDGE('',*,*,#398,.T.);
#398 = EDGE_CURVE('',#364,#399,#401,.T.);
#399 = VERTEX_POINT('',#400);
#400 = CARTESIAN_POINT('',(-0.545,0.4,0.45));
#401 = LINE('',#402,#403);
#402 = CARTESIAN_POINT('',(-0.8,0.4,0.45));
#403 = VECTOR('',#404,1.);
#404 = DIRECTION('',(1.,0.,0.));
#405 = ORIENTED_EDGE('',*,*,#406,.F.);
#406 = EDGE_CURVE('',#407,#399,#409,.T.);
#407 = VERTEX_POINT('',#408);
#408 = CARTESIAN_POINT('',(-0.5,0.4,0.405));
#409 = CIRCLE('',#410,4.5E-02);
#410 = AXIS2_PLACEMENT_3D('',#411,#412,#413);
#411 = CARTESIAN_POINT('',(-0.545,0.4,0.405));
#412 = DIRECTION('',(0.,-1.,0.));
#413 = DIRECTION('',(0.,0.,1.));
#414 = ORIENTED_EDGE('',*,*,#415,.F.);
#415 = EDGE_CURVE('',#416,#407,#418,.T.);
#416 = VERTEX_POINT('',#417);
#417 = CARTESIAN_POINT('',(-0.755,0.4,0.405));
#418 = LINE('',#419,#420);
#419 = CARTESIAN_POINT('',(-0.755,0.4,0.405));
#420 = VECTOR('',#421,1.);
#421 = DIRECTION('',(1.,0.,0.));
#422 = ORIENTED_EDGE('',*,*,#423,.F.);
#423 = EDGE_CURVE('',#424,#416,#426,.T.);
#424 = VERTEX_POINT('',#425);
#425 = CARTESIAN_POINT('',(-0.755,0.4,4.5E-02));
#426 = LINE('',#427,#428);
#427 = CARTESIAN_POINT('',(-0.755,0.4,4.5E-02));
#428 = VECTOR('',#429,1.);
#429 = DIRECTION('',(0.,0.,1.));
#430 = ORIENTED_EDGE('',*,*,#431,.T.);
#431 = EDGE_CURVE('',#424,#432,#434,.T.);
#432 = VERTEX_POINT('',#433);
#433 = CARTESIAN_POINT('',(-0.5,0.4,4.5E-02));
#434 = LINE('',#435,#436);
#435 = CARTESIAN_POINT('',(-0.755,0.4,4.5E-02));
#436 = VECTOR('',#437,1.);
#437 = DIRECTION('',(1.,0.,0.));
#438 = ORIENTED_EDGE('',*,*,#439,.T.);
#439 = EDGE_CURVE('',#432,#388,#440,.T.);
#440 = CIRCLE('',#441,4.5E-02);
#441 = AXIS2_PLACEMENT_3D('',#442,#443,#444);
#442 = CARTESIAN_POINT('',(-0.545,0.4,4.5E-02));
#443 = DIRECTION('',(0.,1.,0.));
#444 = DIRECTION('',(0.,-0.,1.));
#445 = PLANE('',#446);
#446 = AXIS2_PLACEMENT_3D('',#447,#448,#449);
#447 = CARTESIAN_POINT('',(-0.8,0.4,0.));
#448 = DIRECTION('',(0.,1.,0.));
#449 = DIRECTION('',(0.,-0.,1.));
#450 = ADVANCED_FACE('',(#451),#462,.F.);
#451 = FACE_BOUND('',#452,.F.);
#452 = EDGE_LOOP('',(#453,#454,#455,#456));
#453 = ORIENTED_EDGE('',*,*,#387,.F.);
#454 = ORIENTED_EDGE('',*,*,#347,.F.);
#455 = ORIENTED_EDGE('',*,*,#254,.T.);
#456 = ORIENTED_EDGE('',*,*,#457,.T.);
#457 = EDGE_CURVE('',#257,#388,#458,.T.);
#458 = LINE('',#459,#460);
#459 = CARTESIAN_POINT('',(-0.545,-0.4,-2.775557561563E-17));
#460 = VECTOR('',#461,1.);
#461 = DIRECTION('',(0.,1.,0.));
#462 = PLANE('',#463);
#463 = AXIS2_PLACEMENT_3D('',#464,#465,#466);
#464 = CARTESIAN_POINT('',(-0.8,-0.4,0.));
#465 = DIRECTION('',(0.,0.,1.));
#466 = DIRECTION('',(1.,0.,-0.));
#467 = ADVANCED_FACE('',(#468),#479,.T.);
#468 = FACE_BOUND('',#469,.T.);
#469 = EDGE_LOOP('',(#470,#471,#472,#473));
#470 = ORIENTED_EDGE('',*,*,#322,.T.);
#471 = ORIENTED_EDGE('',*,*,#457,.T.);
#472 = ORIENTED_EDGE('',*,*,#439,.F.);
#473 = ORIENTED_EDGE('',*,*,#474,.F.);
#474 = EDGE_CURVE('',#315,#432,#475,.T.);
#475 = LINE('',#476,#477);
#476 = CARTESIAN_POINT('',(-0.5,-0.4,4.5E-02));
#477 = VECTOR('',#478,1.);
#478 = DIRECTION('',(0.,1.,0.));
#479 = CYLINDRICAL_SURFACE('',#480,4.5E-02);
#480 = AXIS2_PLACEMENT_3D('',#481,#482,#483);
#481 = CARTESIAN_POINT('',(-0.545,-0.4,4.5E-02));
#482 = DIRECTION('',(0.,1.,0.));
#483 = DIRECTION('',(1.,0.,0.));
#484 = ADVANCED_FACE('',(#485),#528,.F.);
#485 = FACE_BOUND('',#486,.F.);
#486 = EDGE_LOOP('',(#487,#488,#489,#490,#498,#506,#514,#522));
#487 = ORIENTED_EDGE('',*,*,#314,.F.);
#488 = ORIENTED_EDGE('',*,*,#306,.T.);
#489 = ORIENTED_EDGE('',*,*,#298,.T.);
#490 = ORIENTED_EDGE('',*,*,#491,.T.);
#491 = EDGE_CURVE('',#290,#492,#494,.T.);
#492 = VERTEX_POINT('',#493);
#493 = CARTESIAN_POINT('',(0.5,-0.4,0.405));
#494 = LINE('',#495,#496);
#495 = CARTESIAN_POINT('',(-0.5,-0.4,0.405));
#496 = VECTOR('',#497,1.);
#497 = DIRECTION('',(1.,0.,0.));
#498 = ORIENTED_EDGE('',*,*,#499,.T.);
#499 = EDGE_CURVE('',#492,#500,#502,.T.);
#500 = VERTEX_POINT('',#501);
#501 = CARTESIAN_POINT('',(0.755,-0.4,0.405));
#502 = LINE('',#503,#504);
#503 = CARTESIAN_POINT('',(-0.755,-0.4,0.405));
#504 = VECTOR('',#505,1.);
#505 = DIRECTION('',(1.,0.,0.));
#506 = ORIENTED_EDGE('',*,*,#507,.F.);
#507 = EDGE_CURVE('',#508,#500,#510,.T.);
#508 = VERTEX_POINT('',#509);
#509 = CARTESIAN_POINT('',(0.755,-0.4,4.5E-02));
#510 = LINE('',#511,#512);
#511 = CARTESIAN_POINT('',(0.755,-0.4,4.5E-02));
#512 = VECTOR('',#513,1.);
#513 = DIRECTION('',(0.,0.,1.));
#514 = ORIENTED_EDGE('',*,*,#515,.F.);
#515 = EDGE_CURVE('',#516,#508,#518,.T.);
#516 = VERTEX_POINT('',#517);
#517 = CARTESIAN_POINT('',(0.5,-0.4,4.5E-02));
#518 = LINE('',#519,#520);
#519 = CARTESIAN_POINT('',(-0.755,-0.4,4.5E-02));
#520 = VECTOR('',#521,1.);
#521 = DIRECTION('',(1.,0.,0.));
#522 = ORIENTED_EDGE('',*,*,#523,.F.);
#523 = EDGE_CURVE('',#315,#516,#524,.T.);
#524 = LINE('',#525,#526);
#525 = CARTESIAN_POINT('',(-0.755,-0.4,4.5E-02));
#526 = VECTOR('',#527,1.);
#527 = DIRECTION('',(1.,0.,0.));
#528 = PLANE('',#529);
#529 = AXIS2_PLACEMENT_3D('',#530,#531,#532);
#530 = CARTESIAN_POINT('',(-0.755,-0.4,4.5E-02));
#531 = DIRECTION('',(0.,1.,0.));
#532 = DIRECTION('',(0.,-0.,1.));
#533 = ADVANCED_FACE('',(#534),#545,.T.);
#534 = FACE_BOUND('',#535,.T.);
#535 = EDGE_LOOP('',(#536,#537,#538,#539));
#536 = ORIENTED_EDGE('',*,*,#398,.F.);
#537 = ORIENTED_EDGE('',*,*,#363,.F.);
#538 = ORIENTED_EDGE('',*,*,#281,.T.);
#539 = ORIENTED_EDGE('',*,*,#540,.T.);
#540 = EDGE_CURVE('',#282,#399,#541,.T.);
#541 = LINE('',#542,#543);
#542 = CARTESIAN_POINT('',(-0.545,-0.4,0.45));
#543 = VECTOR('',#544,1.);
#544 = DIRECTION('',(0.,1.,0.));
#545 = PLANE('',#546);
#546 = AXIS2_PLACEMENT_3D('',#547,#548,#549);
#547 = CARTESIAN_POINT('',(-0.8,-0.4,0.45));
#548 = DIRECTION('',(0.,0.,1.));
#549 = DIRECTION('',(1.,0.,-0.));
#550 = ADVANCED_FACE('',(#551),#562,.T.);
#551 = FACE_BOUND('',#552,.T.);
#552 = EDGE_LOOP('',(#553,#559,#560,#561));
#553 = ORIENTED_EDGE('',*,*,#554,.T.);
#554 = EDGE_CURVE('',#290,#407,#555,.T.);
#555 = LINE('',#556,#557);
#556 = CARTESIAN_POINT('',(-0.5,-0.4,0.405));
#557 = VECTOR('',#558,1.);
#558 = DIRECTION('',(0.,1.,0.));
#559 = ORIENTED_EDGE('',*,*,#406,.T.);
#560 = ORIENTED_EDGE('',*,*,#540,.F.);
#561 = ORIENTED_EDGE('',*,*,#289,.F.);
#562 = CYLINDRICAL_SURFACE('',#563,4.5E-02);
#563 = AXIS2_PLACEMENT_3D('',#564,#565,#566);
#564 = CARTESIAN_POINT('',(-0.545,-0.4,0.405));
#565 = DIRECTION('',(0.,1.,0.));
#566 = DIRECTION('',(1.,0.,0.));
#567 = ADVANCED_FACE('',(#568),#611,.T.);
#568 = FACE_BOUND('',#569,.T.);
#569 = EDGE_LOOP('',(#570,#571,#572,#573,#581,#589,#597,#605));
#570 = ORIENTED_EDGE('',*,*,#431,.F.);
#571 = ORIENTED_EDGE('',*,*,#423,.T.);
#572 = ORIENTED_EDGE('',*,*,#415,.T.);
#573 = ORIENTED_EDGE('',*,*,#574,.T.);
#574 = EDGE_CURVE('',#407,#575,#577,.T.);
#575 = VERTEX_POINT('',#576);
#576 = CARTESIAN_POINT('',(0.5,0.4,0.405));
#577 = LINE('',#578,#579);
#578 = CARTESIAN_POINT('',(-0.5,0.4,0.405));
#579 = VECTOR('',#580,1.);
#580 = DIRECTION('',(1.,0.,0.));
#581 = ORIENTED_EDGE('',*,*,#582,.T.);
#582 = EDGE_CURVE('',#575,#583,#585,.T.);
#583 = VERTEX_POINT('',#584);
#584 = CARTESIAN_POINT('',(0.755,0.4,0.405));
#585 = LINE('',#586,#587);
#586 = CARTESIAN_POINT('',(-0.755,0.4,0.405));
#587 = VECTOR('',#588,1.);
#588 = DIRECTION('',(1.,0.,0.));
#589 = ORIENTED_EDGE('',*,*,#590,.F.);
#590 = EDGE_CURVE('',#591,#583,#593,.T.);
#591 = VERTEX_POINT('',#592);
#592 = CARTESIAN_POINT('',(0.755,0.4,4.5E-02));
#593 = LINE('',#594,#595);
#594 = CARTESIAN_POINT('',(0.755,0.4,4.5E-02));
#595 = VECTOR('',#596,1.);
#596 = DIRECTION('',(0.,0.,1.));
#597 = ORIENTED_EDGE('',*,*,#598,.F.);
#598 = EDGE_CURVE('',#599,#591,#601,.T.);
#599 = VERTEX_POINT('',#600);
#600 = CARTESIAN_POINT('',(0.5,0.4,4.5E-02));
#601 = LINE('',#602,#603);
#602 = CARTESIAN_POINT('',(-0.755,0.4,4.5E-02));
#603 = VECTOR('',#604,1.);
#604 = DIRECTION('',(1.,0.,0.));
#605 = ORIENTED_EDGE('',*,*,#606,.F.);
#606 = EDGE_CURVE('',#432,#599,#607,.T.);
#607 = LINE('',#608,#609);
#608 = CARTESIAN_POINT('',(-0.755,0.4,4.5E-02));
#609 = VECTOR('',#610,1.);
#610 = DIRECTION('',(1.,0.,0.));
#611 = PLANE('',#612);
#612 = AXIS2_PLACEMENT_3D('',#613,#614,#615);
#613 = CARTESIAN_POINT('',(-0.755,0.4,4.5E-02));
#614 = DIRECTION('',(0.,1.,0.));
#615 = DIRECTION('',(0.,-0.,1.));
#616 = ADVANCED_FACE('',(#617),#628,.F.);
#617 = FACE_BOUND('',#618,.F.);
#618 = EDGE_LOOP('',(#619,#620,#621,#627));
#619 = ORIENTED_EDGE('',*,*,#474,.F.);
#620 = ORIENTED_EDGE('',*,*,#523,.T.);
#621 = ORIENTED_EDGE('',*,*,#622,.T.);
#622 = EDGE_CURVE('',#516,#599,#623,.T.);
#623 = LINE('',#624,#625);
#624 = CARTESIAN_POINT('',(0.5,-0.4,4.5E-02));
#625 = VECTOR('',#626,1.);
#626 = DIRECTION('',(0.,1.,0.));
#627 = ORIENTED_EDGE('',*,*,#606,.F.);
#628 = PLANE('',#629);
#629 = AXIS2_PLACEMENT_3D('',#630,#631,#632);
#630 = CARTESIAN_POINT('',(-0.755,-0.4,4.5E-02));
#631 = DIRECTION('',(0.,0.,1.));
#632 = DIRECTION('',(1.,0.,-0.));
#633 = ADVANCED_FACE('',(#634),#697,.F.);
#634 = FACE_BOUND('',#635,.F.);
#635 = EDGE_LOOP('',(#636,#646,#653,#654,#655,#656,#665,#673,#682,#690)
  );
#636 = ORIENTED_EDGE('',*,*,#637,.F.);
#637 = EDGE_CURVE('',#638,#640,#642,.T.);
#638 = VERTEX_POINT('',#639);
#639 = CARTESIAN_POINT('',(0.545,-0.4,-2.775557561563E-17));
#640 = VERTEX_POINT('',#641);
#641 = CARTESIAN_POINT('',(0.755,-0.4,-2.775557561563E-17));
#642 = LINE('',#643,#644);
#643 = CARTESIAN_POINT('',(0.5,-0.4,0.));
#644 = VECTOR('',#645,1.);
#645 = DIRECTION('',(1.,0.,0.));
#646 = ORIENTED_EDGE('',*,*,#647,.F.);
#647 = EDGE_CURVE('',#516,#638,#648,.T.);
#648 = CIRCLE('',#649,4.5E-02);
#649 = AXIS2_PLACEMENT_3D('',#650,#651,#652);
#650 = CARTESIAN_POINT('',(0.545,-0.4,4.5E-02));
#651 = DIRECTION('',(0.,-1.,0.));
#652 = DIRECTION('',(0.,0.,1.));
#653 = ORIENTED_EDGE('',*,*,#515,.T.);
#654 = ORIENTED_EDGE('',*,*,#507,.T.);
#655 = ORIENTED_EDGE('',*,*,#499,.F.);
#656 = ORIENTED_EDGE('',*,*,#657,.T.);
#657 = EDGE_CURVE('',#492,#658,#660,.T.);
#658 = VERTEX_POINT('',#659);
#659 = CARTESIAN_POINT('',(0.545,-0.4,0.45));
#660 = CIRCLE('',#661,4.5E-02);
#661 = AXIS2_PLACEMENT_3D('',#662,#663,#664);
#662 = CARTESIAN_POINT('',(0.545,-0.4,0.405));
#663 = DIRECTION('',(0.,1.,0.));
#664 = DIRECTION('',(0.,-0.,1.));
#665 = ORIENTED_EDGE('',*,*,#666,.T.);
#666 = EDGE_CURVE('',#658,#667,#669,.T.);
#667 = VERTEX_POINT('',#668);
#668 = CARTESIAN_POINT('',(0.755,-0.4,0.45));
#669 = LINE('',#670,#671);
#670 = CARTESIAN_POINT('',(0.5,-0.4,0.45));
#671 = VECTOR('',#672,1.);
#672 = DIRECTION('',(1.,0.,0.));
#673 = ORIENTED_EDGE('',*,*,#674,.F.);
#674 = EDGE_CURVE('',#675,#667,#677,.T.);
#675 = VERTEX_POINT('',#676);
#676 = CARTESIAN_POINT('',(0.8,-0.4,0.405));
#677 = CIRCLE('',#678,4.5E-02);
#678 = AXIS2_PLACEMENT_3D('',#679,#680,#681);
#679 = CARTESIAN_POINT('',(0.755,-0.4,0.405));
#680 = DIRECTION('',(0.,-1.,0.));
#681 = DIRECTION('',(0.,0.,1.));
#682 = ORIENTED_EDGE('',*,*,#683,.F.);
#683 = EDGE_CURVE('',#684,#675,#686,.T.);
#684 = VERTEX_POINT('',#685);
#685 = CARTESIAN_POINT('',(0.8,-0.4,4.5E-02));
#686 = LINE('',#687,#688);
#687 = CARTESIAN_POINT('',(0.8,-0.4,0.));
#688 = VECTOR('',#689,1.);
#689 = DIRECTION('',(0.,0.,1.));
#690 = ORIENTED_EDGE('',*,*,#691,.T.);
#691 = EDGE_CURVE('',#684,#640,#692,.T.);
#692 = CIRCLE('',#693,4.5E-02);
#693 = AXIS2_PLACEMENT_3D('',#694,#695,#696);
#694 = CARTESIAN_POINT('',(0.755,-0.4,4.5E-02));
#695 = DIRECTION('',(0.,1.,0.));
#696 = DIRECTION('',(0.,-0.,1.));
#697 = PLANE('',#698);
#698 = AXIS2_PLACEMENT_3D('',#699,#700,#701);
#699 = CARTESIAN_POINT('',(0.5,-0.4,0.));
#700 = DIRECTION('',(0.,1.,0.));
#701 = DIRECTION('',(0.,-0.,1.));
#702 = ADVANCED_FACE('',(#703),#728,.F.);
#703 = FACE_BOUND('',#704,.F.);
#704 = EDGE_LOOP('',(#705,#706,#714,#722));
#705 = ORIENTED_EDGE('',*,*,#491,.F.);
#706 = ORIENTED_EDGE('',*,*,#707,.T.);
#707 = EDGE_CURVE('',#290,#708,#710,.T.);
#708 = VERTEX_POINT('',#709);
#709 = CARTESIAN_POINT('',(-0.5,-0.4,0.45));
#710 = LINE('',#711,#712);
#711 = CARTESIAN_POINT('',(-0.5,-0.4,0.405));
#712 = VECTOR('',#713,1.);
#713 = DIRECTION('',(0.,0.,1.));
#714 = ORIENTED_EDGE('',*,*,#715,.T.);
#715 = EDGE_CURVE('',#708,#716,#718,.T.);
#716 = VERTEX_POINT('',#717);
#717 = CARTESIAN_POINT('',(0.5,-0.4,0.45));
#718 = LINE('',#719,#720);
#719 = CARTESIAN_POINT('',(-0.5,-0.4,0.45));
#720 = VECTOR('',#721,1.);
#721 = DIRECTION('',(1.,0.,0.));
#722 = ORIENTED_EDGE('',*,*,#723,.F.);
#723 = EDGE_CURVE('',#492,#716,#724,.T.);
#724 = LINE('',#725,#726);
#725 = CARTESIAN_POINT('',(0.5,-0.4,0.405));
#726 = VECTOR('',#727,1.);
#727 = DIRECTION('',(0.,0.,1.));
#728 = PLANE('',#729);
#729 = AXIS2_PLACEMENT_3D('',#730,#731,#732);
#730 = CARTESIAN_POINT('',(-0.5,-0.4,0.405));
#731 = DIRECTION('',(0.,1.,0.));
#732 = DIRECTION('',(0.,-0.,1.));
#733 = ADVANCED_FACE('',(#734),#752,.F.);
#734 = FACE_BOUND('',#735,.F.);
#735 = EDGE_LOOP('',(#736,#737,#738,#746));
#736 = ORIENTED_EDGE('',*,*,#707,.F.);
#737 = ORIENTED_EDGE('',*,*,#554,.T.);
#738 = ORIENTED_EDGE('',*,*,#739,.T.);
#739 = EDGE_CURVE('',#407,#740,#742,.T.);
#740 = VERTEX_POINT('',#741);
#741 = CARTESIAN_POINT('',(-0.5,0.4,0.45));
#742 = LINE('',#743,#744);
#743 = CARTESIAN_POINT('',(-0.5,0.4,0.405));
#744 = VECTOR('',#745,1.);
#745 = DIRECTION('',(0.,0.,1.));
#746 = ORIENTED_EDGE('',*,*,#747,.F.);
#747 = EDGE_CURVE('',#708,#740,#748,.T.);
#748 = LINE('',#749,#750);
#749 = CARTESIAN_POINT('',(-0.5,-0.4,0.45));
#750 = VECTOR('',#751,1.);
#751 = DIRECTION('',(0.,1.,0.));
#752 = PLANE('',#753);
#753 = AXIS2_PLACEMENT_3D('',#754,#755,#756);
#754 = CARTESIAN_POINT('',(-0.5,-0.4,0.405));
#755 = DIRECTION('',(1.,0.,0.));
#756 = DIRECTION('',(0.,0.,1.));
#757 = ADVANCED_FACE('',(#758),#821,.T.);
#758 = FACE_BOUND('',#759,.T.);
#759 = EDGE_LOOP('',(#760,#770,#777,#778,#779,#780,#789,#797,#806,#814)
  );
#760 = ORIENTED_EDGE('',*,*,#761,.F.);
#761 = EDGE_CURVE('',#762,#764,#766,.T.);
#762 = VERTEX_POINT('',#763);
#763 = CARTESIAN_POINT('',(0.545,0.4,-2.775557561563E-17));
#764 = VERTEX_POINT('',#765);
#765 = CARTESIAN_POINT('',(0.755,0.4,-2.775557561563E-17));
#766 = LINE('',#767,#768);
#767 = CARTESIAN_POINT('',(0.5,0.4,0.));
#768 = VECTOR('',#769,1.);
#769 = DIRECTION('',(1.,0.,0.));
#770 = ORIENTED_EDGE('',*,*,#771,.F.);
#771 = EDGE_CURVE('',#599,#762,#772,.T.);
#772 = CIRCLE('',#773,4.5E-02);
#773 = AXIS2_PLACEMENT_3D('',#774,#775,#776);
#774 = CARTESIAN_POINT('',(0.545,0.4,4.5E-02));
#775 = DIRECTION('',(0.,-1.,0.));
#776 = DIRECTION('',(0.,0.,1.));
#777 = ORIENTED_EDGE('',*,*,#598,.T.);
#778 = ORIENTED_EDGE('',*,*,#590,.T.);
#779 = ORIENTED_EDGE('',*,*,#582,.F.);
#780 = ORIENTED_EDGE('',*,*,#781,.T.);
#781 = EDGE_CURVE('',#575,#782,#784,.T.);
#782 = VERTEX_POINT('',#783);
#783 = CARTESIAN_POINT('',(0.545,0.4,0.45));
#784 = CIRCLE('',#785,4.5E-02);
#785 = AXIS2_PLACEMENT_3D('',#786,#787,#788);
#786 = CARTESIAN_POINT('',(0.545,0.4,0.405));
#787 = DIRECTION('',(0.,1.,0.));
#788 = DIRECTION('',(0.,-0.,1.));
#789 = ORIENTED_EDGE('',*,*,#790,.T.);
#790 = EDGE_CURVE('',#782,#791,#793,.T.);
#791 = VERTEX_POINT('',#792);
#792 = CARTESIAN_POINT('',(0.755,0.4,0.45));
#793 = LINE('',#794,#795);
#794 = CARTESIAN_POINT('',(0.5,0.4,0.45));
#795 = VECTOR('',#796,1.);
#796 = DIRECTION('',(1.,0.,0.));
#797 = ORIENTED_EDGE('',*,*,#798,.F.);
#798 = EDGE_CURVE('',#799,#791,#801,.T.);
#799 = VERTEX_POINT('',#800);
#800 = CARTESIAN_POINT('',(0.8,0.4,0.405));
#801 = CIRCLE('',#802,4.5E-02);
#802 = AXIS2_PLACEMENT_3D('',#803,#804,#805);
#803 = CARTESIAN_POINT('',(0.755,0.4,0.405));
#804 = DIRECTION('',(0.,-1.,0.));
#805 = DIRECTION('',(0.,0.,1.));
#806 = ORIENTED_EDGE('',*,*,#807,.F.);
#807 = EDGE_CURVE('',#808,#799,#810,.T.);
#808 = VERTEX_POINT('',#809);
#809 = CARTESIAN_POINT('',(0.8,0.4,4.5E-02));
#810 = LINE('',#811,#812);
#811 = CARTESIAN_POINT('',(0.8,0.4,0.));
#812 = VECTOR('',#813,1.);
#813 = DIRECTION('',(0.,0.,1.));
#814 = ORIENTED_EDGE('',*,*,#815,.T.);
#815 = EDGE_CURVE('',#808,#764,#816,.T.);
#816 = CIRCLE('',#817,4.5E-02);
#817 = AXIS2_PLACEMENT_3D('',#818,#819,#820);
#818 = CARTESIAN_POINT('',(0.755,0.4,4.5E-02));
#819 = DIRECTION('',(0.,1.,0.));
#820 = DIRECTION('',(0.,-0.,1.));
#821 = PLANE('',#822);
#822 = AXIS2_PLACEMENT_3D('',#823,#824,#825);
#823 = CARTESIAN_POINT('',(0.5,0.4,0.));
#824 = DIRECTION('',(0.,1.,0.));
#825 = DIRECTION('',(0.,-0.,1.));
#826 = ADVANCED_FACE('',(#827),#845,.T.);
#827 = FACE_BOUND('',#828,.T.);
#828 = EDGE_LOOP('',(#829,#830,#831,#839));
#829 = ORIENTED_EDGE('',*,*,#574,.F.);
#830 = ORIENTED_EDGE('',*,*,#739,.T.);
#831 = ORIENTED_EDGE('',*,*,#832,.T.);
#832 = EDGE_CURVE('',#740,#833,#835,.T.);
#833 = VERTEX_POINT('',#834);
#834 = CARTESIAN_POINT('',(0.5,0.4,0.45));
#835 = LINE('',#836,#837);
#836 = CARTESIAN_POINT('',(-0.5,0.4,0.45));
#837 = VECTOR('',#838,1.);
#838 = DIRECTION('',(1.,0.,0.));
#839 = ORIENTED_EDGE('',*,*,#840,.F.);
#840 = EDGE_CURVE('',#575,#833,#841,.T.);
#841 = LINE('',#842,#843);
#842 = CARTESIAN_POINT('',(0.5,0.4,0.405));
#843 = VECTOR('',#844,1.);
#844 = DIRECTION('',(0.,0.,1.));
#845 = PLANE('',#846);
#846 = AXIS2_PLACEMENT_3D('',#847,#848,#849);
#847 = CARTESIAN_POINT('',(-0.5,0.4,0.405));
#848 = DIRECTION('',(0.,1.,0.));
#849 = DIRECTION('',(0.,-0.,1.));
#850 = ADVANCED_FACE('',(#851),#862,.T.);
#851 = FACE_BOUND('',#852,.T.);
#852 = EDGE_LOOP('',(#853,#854,#855,#861));
#853 = ORIENTED_EDGE('',*,*,#622,.T.);
#854 = ORIENTED_EDGE('',*,*,#771,.T.);
#855 = ORIENTED_EDGE('',*,*,#856,.F.);
#856 = EDGE_CURVE('',#638,#762,#857,.T.);
#857 = LINE('',#858,#859);
#858 = CARTESIAN_POINT('',(0.545,-0.4,-2.775557561563E-17));
#859 = VECTOR('',#860,1.);
#860 = DIRECTION('',(0.,1.,0.));
#861 = ORIENTED_EDGE('',*,*,#647,.F.);
#862 = CYLINDRICAL_SURFACE('',#863,4.5E-02);
#863 = AXIS2_PLACEMENT_3D('',#864,#865,#866);
#864 = CARTESIAN_POINT('',(0.545,-0.4,4.5E-02));
#865 = DIRECTION('',(0.,1.,0.));
#866 = DIRECTION('',(-1.,0.,0.));
#867 = ADVANCED_FACE('',(#868),#879,.F.);
#868 = FACE_BOUND('',#869,.F.);
#869 = EDGE_LOOP('',(#870,#871,#872,#873));
#870 = ORIENTED_EDGE('',*,*,#761,.F.);
#871 = ORIENTED_EDGE('',*,*,#856,.F.);
#872 = ORIENTED_EDGE('',*,*,#637,.T.);
#873 = ORIENTED_EDGE('',*,*,#874,.T.);
#874 = EDGE_CURVE('',#640,#764,#875,.T.);
#875 = LINE('',#876,#877);
#876 = CARTESIAN_POINT('',(0.755,-0.4,-2.775557561563E-17));
#877 = VECTOR('',#878,1.);
#878 = DIRECTION('',(0.,1.,0.));
#879 = PLANE('',#880);
#880 = AXIS2_PLACEMENT_3D('',#881,#882,#883);
#881 = CARTESIAN_POINT('',(0.5,-0.4,0.));
#882 = DIRECTION('',(0.,0.,1.));
#883 = DIRECTION('',(1.,0.,-0.));
#884 = ADVANCED_FACE('',(#885),#896,.T.);
#885 = FACE_BOUND('',#886,.T.);
#886 = EDGE_LOOP('',(#887,#888,#889,#890));
#887 = ORIENTED_EDGE('',*,*,#691,.T.);
#888 = ORIENTED_EDGE('',*,*,#874,.T.);
#889 = ORIENTED_EDGE('',*,*,#815,.F.);
#890 = ORIENTED_EDGE('',*,*,#891,.F.);
#891 = EDGE_CURVE('',#684,#808,#892,.T.);
#892 = LINE('',#893,#894);
#893 = CARTESIAN_POINT('',(0.8,-0.4,4.5E-02));
#894 = VECTOR('',#895,1.);
#895 = DIRECTION('',(0.,1.,0.));
#896 = CYLINDRICAL_SURFACE('',#897,4.5E-02);
#897 = AXIS2_PLACEMENT_3D('',#898,#899,#900);
#898 = CARTESIAN_POINT('',(0.755,-0.4,4.5E-02));
#899 = DIRECTION('',(0.,1.,0.));
#900 = DIRECTION('',(1.,0.,0.));
#901 = ADVANCED_FACE('',(#902),#913,.T.);
#902 = FACE_BOUND('',#903,.T.);
#903 = EDGE_LOOP('',(#904,#905,#906,#907));
#904 = ORIENTED_EDGE('',*,*,#683,.F.);
#905 = ORIENTED_EDGE('',*,*,#891,.T.);
#906 = ORIENTED_EDGE('',*,*,#807,.T.);
#907 = ORIENTED_EDGE('',*,*,#908,.F.);
#908 = EDGE_CURVE('',#675,#799,#909,.T.);
#909 = LINE('',#910,#911);
#910 = CARTESIAN_POINT('',(0.8,-0.4,0.405));
#911 = VECTOR('',#912,1.);
#912 = DIRECTION('',(0.,1.,0.));
#913 = PLANE('',#914);
#914 = AXIS2_PLACEMENT_3D('',#915,#916,#917);
#915 = CARTESIAN_POINT('',(0.8,-0.4,0.));
#916 = DIRECTION('',(1.,0.,0.));
#917 = DIRECTION('',(0.,0.,1.));
#918 = ADVANCED_FACE('',(#919),#930,.T.);
#919 = FACE_BOUND('',#920,.T.);
#920 = EDGE_LOOP('',(#921,#922,#923,#929));
#921 = ORIENTED_EDGE('',*,*,#908,.T.);
#922 = ORIENTED_EDGE('',*,*,#798,.T.);
#923 = ORIENTED_EDGE('',*,*,#924,.F.);
#924 = EDGE_CURVE('',#667,#791,#925,.T.);
#925 = LINE('',#926,#927);
#926 = CARTESIAN_POINT('',(0.755,-0.4,0.45));
#927 = VECTOR('',#928,1.);
#928 = DIRECTION('',(0.,1.,0.));
#929 = ORIENTED_EDGE('',*,*,#674,.F.);
#930 = CYLINDRICAL_SURFACE('',#931,4.5E-02);
#931 = AXIS2_PLACEMENT_3D('',#932,#933,#934);
#932 = CARTESIAN_POINT('',(0.755,-0.4,0.405));
#933 = DIRECTION('',(0.,1.,0.));
#934 = DIRECTION('',(1.,0.,0.));
#935 = ADVANCED_FACE('',(#936),#947,.T.);
#936 = FACE_BOUND('',#937,.T.);
#937 = EDGE_LOOP('',(#938,#939,#945,#946));
#938 = ORIENTED_EDGE('',*,*,#790,.F.);
#939 = ORIENTED_EDGE('',*,*,#940,.F.);
#940 = EDGE_CURVE('',#658,#782,#941,.T.);
#941 = LINE('',#942,#943);
#942 = CARTESIAN_POINT('',(0.545,-0.4,0.45));
#943 = VECTOR('',#944,1.);
#944 = DIRECTION('',(0.,1.,0.));
#945 = ORIENTED_EDGE('',*,*,#666,.T.);
#946 = ORIENTED_EDGE('',*,*,#924,.T.);
#947 = PLANE('',#948);
#948 = AXIS2_PLACEMENT_3D('',#949,#950,#951);
#949 = CARTESIAN_POINT('',(0.5,-0.4,0.45));
#950 = DIRECTION('',(0.,0.,1.));
#951 = DIRECTION('',(1.,0.,-0.));
#952 = ADVANCED_FACE('',(#953),#964,.T.);
#953 = FACE_BOUND('',#954,.T.);
#954 = EDGE_LOOP('',(#955,#956,#957,#958));
#955 = ORIENTED_EDGE('',*,*,#657,.T.);
#956 = ORIENTED_EDGE('',*,*,#940,.T.);
#957 = ORIENTED_EDGE('',*,*,#781,.F.);
#958 = ORIENTED_EDGE('',*,*,#959,.F.);
#959 = EDGE_CURVE('',#492,#575,#960,.T.);
#960 = LINE('',#961,#962);
#961 = CARTESIAN_POINT('',(0.5,-0.4,0.405));
#962 = VECTOR('',#963,1.);
#963 = DIRECTION('',(0.,1.,0.));
#964 = CYLINDRICAL_SURFACE('',#965,4.5E-02);
#965 = AXIS2_PLACEMENT_3D('',#966,#967,#968);
#966 = CARTESIAN_POINT('',(0.545,-0.4,0.405));
#967 = DIRECTION('',(0.,1.,0.));
#968 = DIRECTION('',(-1.,0.,0.));
#969 = ADVANCED_FACE('',(#970),#981,.T.);
#970 = FACE_BOUND('',#971,.T.);
#971 = EDGE_LOOP('',(#972,#973,#974,#975));
#972 = ORIENTED_EDGE('',*,*,#723,.F.);
#973 = ORIENTED_EDGE('',*,*,#959,.T.);
#974 = ORIENTED_EDGE('',*,*,#840,.T.);
#975 = ORIENTED_EDGE('',*,*,#976,.F.);
#976 = EDGE_CURVE('',#716,#833,#977,.T.);
#977 = LINE('',#978,#979);
#978 = CARTESIAN_POINT('',(0.5,-0.4,0.45));
#979 = VECTOR('',#980,1.);
#980 = DIRECTION('',(0.,1.,0.));
#981 = PLANE('',#982);
#982 = AXIS2_PLACEMENT_3D('',#983,#984,#985);
#983 = CARTESIAN_POINT('',(0.5,-0.4,0.405));
#984 = DIRECTION('',(1.,0.,0.));
#985 = DIRECTION('',(0.,0.,1.));
#986 = ADVANCED_FACE('',(#987),#993,.T.);
#987 = FACE_BOUND('',#988,.T.);
#988 = EDGE_LOOP('',(#989,#990,#991,#992));
#989 = ORIENTED_EDGE('',*,*,#747,.F.);
#990 = ORIENTED_EDGE('',*,*,#715,.T.);
#991 = ORIENTED_EDGE('',*,*,#976,.T.);
#992 = ORIENTED_EDGE('',*,*,#832,.F.);
#993 = PLANE('',#994);
#994 = AXIS2_PLACEMENT_3D('',#995,#996,#997);
#995 = CARTESIAN_POINT('',(-0.5,-0.4,0.45));
#996 = DIRECTION('',(0.,0.,1.));
#997 = DIRECTION('',(1.,0.,-0.));
#998 = ( GEOMETRIC_REPRESENTATION_CONTEXT(3) 
GLOBAL_UNCERTAINTY_ASSIGNED_CONTEXT((#1002)) 
GLOBAL_UNIT_ASSIGNED_CONTEXT((#999,#1000,#1001)) REPRESENTATION_CONTEXT(
  'Context #1','3D Context with UNIT and UNCERTAINTY') );
#999 = ( LENGTH_UNIT() NAMED_UNIT(*) SI_UNIT(.MILLI.,.METRE.) );
#1000 = ( NAMED_UNIT(*) PLANE_ANGLE_UNIT() SI_UNIT($,.RADIAN.) );
#1001 = ( NAMED_UNIT(*) SI_UNIT($,.STERADIAN.) SOLID_ANGLE_UNIT() );
#1002 = UNCERTAINTY_MEASURE_WITH_UNIT(LENGTH_MEASURE(1.E-07),#999,
  'distance_accuracy_value','confusion accuracy');
#1003 = CONTEXT_DEPENDENT_SHAPE_REPRESENTATION(#1004,#1006);
#1004 = ( REPRESENTATION_RELATIONSHIP('','',#207,#184) 
REPRESENTATION_RELATIONSHIP_WITH_TRANSFORMATION(#1005) 
SHAPE_REPRESENTATION_RELATIONSHIP() );
#1005 = ITEM_DEFINED_TRANSFORMATION('','',#11,#185);
#1006 = PRODUCT_DEFINITION_SHAPE('Placement','Placement of an item',
  #1007);
#1007 = NEXT_ASSEMBLY_USAGE_OCCURRENCE('1','=>[0:1:1:3]','',#179,#202,$
  );
#1008 = PRODUCT_RELATED_PRODUCT_CATEGORY('part',$,(#204));
#1009 = CONTEXT_DEPENDENT_SHAPE_REPRESENTATION(#1010,#1012);
#1010 = ( REPRESENTATION_RELATIONSHIP('','',#184,#10) 
REPRESENTATION_RELATIONSHIP_WITH_TRANSFORMATION(#1011) 
SHAPE_REPRESENTATION_RELATIONSHIP() );
#1011 = ITEM_DEFINED_TRANSFORMATION('','',#11,#19);
#1012 = PRODUCT_DEFINITION_SHAPE('Placement','Placement of an item',
  #1013);
#1013 = NEXT_ASSEMBLY_USAGE_OCCURRENCE('3','R14','',#5,#179,$);
#1014 = SHAPE_DEFINITION_REPRESENTATION(#1015,#1021);
#1015 = PRODUCT_DEFINITION_SHAPE('','',#1016);
#1016 = PRODUCT_DEFINITION('design','',#1017,#1020);
#1017 = PRODUCT_DEFINITION_FORMATION('','',#1018);
#1018 = PRODUCT('SOT-23','SOT-23','',(#1019));
#1019 = PRODUCT_CONTEXT('',#2,'mechanical');
#1020 = PRODUCT_DEFINITION_CONTEXT('part definition',#2,'design');
#1021 = SHAPE_REPRESENTATION('',(#11,#1022),#1026);
#1022 = AXIS2_PLACEMENT_3D('',#1023,#1024,#1025);
#1023 = CARTESIAN_POINT('',(0.,0.,0.));
#1024 = DIRECTION('',(0.,0.,1.));
#1025 = DIRECTION('',(1.,0.,-0.));
#1026 = ( GEOMETRIC_REPRESENTATION_CONTEXT(3) 
GLOBAL_UNCERTAINTY_ASSIGNED_CONTEXT((#1030)) 
GLOBAL_UNIT_ASSIGNED_CONTEXT((#1027,#1028,#1029)) REPRESENTATION_CONTEXT
('Context #1','3D Context with UNIT and UNCERTAINTY') );
#1027 = ( LENGTH_UNIT() NAMED_UNIT(*) SI_UNIT(.MILLI.,.METRE.) );
#1028 = ( NAMED_UNIT(*) PLANE_ANGLE_UNIT() SI_UNIT($,.RADIAN.) );
#1029 = ( NAMED_UNIT(*) SI_UNIT($,.STERADIAN.) SOLID_ANGLE_UNIT() );
#1030 = UNCERTAINTY_MEASURE_WITH_UNIT(LENGTH_MEASURE(2.E-06),#1027,
  'distance_accuracy_value','confusion accuracy');
#1031 = CONTEXT_DEPENDENT_SHAPE_REPRESENTATION(#1032,#1034);
#1032 = ( REPRESENTATION_RELATIONSHIP('','',#1021,#10) 
REPRESENTATION_RELATIONSHIP_WITH_TRANSFORMATION(#1033) 
SHAPE_REPRESENTATION_RELATIONSHIP() );
#1033 = ITEM_DEFINED_TRANSFORMATION('','',#11,#23);
#1034 = PRODUCT_DEFINITION_SHAPE('Placement','Placement of an item',
  #1035);
#1035 = NEXT_ASSEMBLY_USAGE_OCCURRENCE('5','Q2','',#5,#1016,$);
#1036 = PRODUCT_RELATED_PRODUCT_CATEGORY('part',$,(#1018));
#1037 = SHAPE_DEFINITION_REPRESENTATION(#1038,#1044);
#1038 = PRODUCT_DEFINITION_SHAPE('','',#1039);
#1039 = PRODUCT_DEFINITION('design','',#1040,#1043);
#1040 = PRODUCT_DEFINITION_FORMATION('','',#1041);
#1041 = PRODUCT('SOT_23','SOT_23','',(#1042));
#1042 = PRODUCT_CONTEXT('',#2,'mechanical');
#1043 = PRODUCT_DEFINITION_CONTEXT('part definition',#2,'design');
#1044 = ADVANCED_BREP_SHAPE_REPRESENTATION('',(#11,#1045),#3119);
#1045 = MANIFOLD_SOLID_BREP('',#1046);
#1046 = CLOSED_SHELL('',(#1047,#1085,#1148,#1171,#1200,#1223,#1262,#1285
    ,#1308,#1331,#1380,#1403,#1432,#1455,#1479,#1509,#1542,#1565,#1588,
    #1611,#1635,#1659,#1692,#1725,#1756,#1779,#1808,#1831,#1855,#1930,
    #2005,#2035,#2052,#2075,#2098,#2121,#2145,#2220,#2295,#2319,#2394,
    #2411,#2486,#2503,#2534,#2557,#2613,#2629,#2652,#2669,#2686,#2703,
    #2720,#2737,#2754,#2771,#2783,#2799,#2815,#2831,#2857,#2874,#2891,
    #2908,#2925,#2942,#2959,#2976,#2988,#3010,#3027,#3044,#3061,#3078,
    #3095,#3107));
#1047 = ADVANCED_FACE('',(#1048),#1080,.F.);
#1048 = FACE_BOUND('',#1049,.F.);
#1049 = EDGE_LOOP('',(#1050,#1060,#1067,#1075));
#1050 = ORIENTED_EDGE('',*,*,#1051,.T.);
#1051 = EDGE_CURVE('',#1052,#1054,#1056,.T.);
#1052 = VERTEX_POINT('',#1053);
#1053 = CARTESIAN_POINT('',(-0.571621551758,1.433243103516,0.1));
#1054 = VERTEX_POINT('',#1055);
#1055 = CARTESIAN_POINT('',(0.571621551758,1.433243103516,0.1));
#1056 = LINE('',#1057,#1058);
#1057 = CARTESIAN_POINT('',(-0.571621551758,1.433243103516,0.1));
#1058 = VECTOR('',#1059,1.);
#1059 = DIRECTION('',(1.,2.22044604925E-16,0.));
#1060 = ORIENTED_EDGE('',*,*,#1061,.T.);
#1061 = EDGE_CURVE('',#1054,#1062,#1064,.T.);
#1062 = VERTEX_POINT('',#1063);
#1063 = CARTESIAN_POINT('',(0.605,1.5,0.575));
#1064 = B_SPLINE_CURVE_WITH_KNOTS('',1,(#1065,#1066),.UNSPECIFIED.,.F.,
  .F.,(2,2),(0.,1.),.PIECEWISE_BEZIER_KNOTS.);
#1065 = CARTESIAN_POINT('',(0.571621551758,1.433243103516,0.1));
#1066 = CARTESIAN_POINT('',(0.605,1.5,0.575));
#1067 = ORIENTED_EDGE('',*,*,#1068,.F.);
#1068 = EDGE_CURVE('',#1069,#1062,#1071,.T.);
#1069 = VERTEX_POINT('',#1070);
#1070 = CARTESIAN_POINT('',(-0.605,1.5,0.575));
#1071 = LINE('',#1072,#1073);
#1072 = CARTESIAN_POINT('',(-0.605,1.5,0.575));
#1073 = VECTOR('',#1074,1.);
#1074 = DIRECTION('',(1.,2.22044604925E-16,0.));
#1075 = ORIENTED_EDGE('',*,*,#1076,.F.);
#1076 = EDGE_CURVE('',#1052,#1069,#1077,.T.);
#1077 = B_SPLINE_CURVE_WITH_KNOTS('',1,(#1078,#1079),.UNSPECIFIED.,.F.,
  .F.,(2,2),(0.,1.),.PIECEWISE_BEZIER_KNOTS.);
#1078 = CARTESIAN_POINT('',(-0.571621551758,1.433243103516,0.1));
#1079 = CARTESIAN_POINT('',(-0.605,1.5,0.575));
#1080 = B_SPLINE_SURFACE_WITH_KNOTS('',1,1,(
    (#1081,#1082)
    ,(#1083,#1084
    )),.UNSPECIFIED.,.F.,.F.,.F.,(2,2),(2,2),(0.,1.21),(0.,1.),
  .PIECEWISE_BEZIER_KNOTS.);
#1081 = CARTESIAN_POINT('',(-0.571621551758,1.433243103516,0.1));
#1082 = CARTESIAN_POINT('',(-0.605,1.5,0.575));
#1083 = CARTESIAN_POINT('',(0.571621551758,1.433243103516,0.1));
#1084 = CARTESIAN_POINT('',(0.605,1.5,0.575));
#1085 = ADVANCED_FACE('',(#1086),#1143,.T.);
#1086 = FACE_BOUND('',#1087,.T.);
#1087 = EDGE_LOOP('',(#1088,#1089,#1097,#1105,#1113,#1121,#1129,#1137));
#1088 = ORIENTED_EDGE('',*,*,#1051,.T.);
#1089 = ORIENTED_EDGE('',*,*,#1090,.T.);
#1090 = EDGE_CURVE('',#1054,#1091,#1093,.T.);
#1091 = VERTEX_POINT('',#1092);
#1092 = CARTESIAN_POINT('',(0.633243103516,1.371621551758,0.1));
#1093 = LINE('',#1094,#1095);
#1094 = CARTESIAN_POINT('',(0.571621551758,1.433243103516,0.1));
#1095 = VECTOR('',#1096,1.);
#1096 = DIRECTION('',(0.707106781187,-0.707106781187,0.));
#1097 = ORIENTED_EDGE('',*,*,#1098,.T.);
#1098 = EDGE_CURVE('',#1091,#1099,#1101,.T.);
#1099 = VERTEX_POINT('',#1100);
#1100 = CARTESIAN_POINT('',(0.633243103516,-1.371621551758,0.1));
#1101 = LINE('',#1102,#1103);
#1102 = CARTESIAN_POINT('',(0.633243103516,1.371621551758,0.1));
#1103 = VECTOR('',#1104,1.);
#1104 = DIRECTION('',(2.22044604925E-16,-1.,0.));
#1105 = ORIENTED_EDGE('',*,*,#1106,.T.);
#1106 = EDGE_CURVE('',#1099,#1107,#1109,.T.);
#1107 = VERTEX_POINT('',#1108);
#1108 = CARTESIAN_POINT('',(0.571621551758,-1.433243103516,0.1));
#1109 = LINE('',#1110,#1111);
#1110 = CARTESIAN_POINT('',(0.633243103516,-1.371621551758,0.1));
#1111 = VECTOR('',#1112,1.);
#1112 = DIRECTION('',(-0.707106781187,-0.707106781187,0.));
#1113 = ORIENTED_EDGE('',*,*,#1114,.T.);
#1114 = EDGE_CURVE('',#1107,#1115,#1117,.T.);
#1115 = VERTEX_POINT('',#1116);
#1116 = CARTESIAN_POINT('',(-0.571621551758,-1.433243103516,0.1));
#1117 = LINE('',#1118,#1119);
#1118 = CARTESIAN_POINT('',(0.571621551758,-1.433243103516,0.1));
#1119 = VECTOR('',#1120,1.);
#1120 = DIRECTION('',(-1.,-2.22044604925E-16,0.));
#1121 = ORIENTED_EDGE('',*,*,#1122,.T.);
#1122 = EDGE_CURVE('',#1115,#1123,#1125,.T.);
#1123 = VERTEX_POINT('',#1124);
#1124 = CARTESIAN_POINT('',(-0.633243103516,-1.371621551758,0.1));
#1125 = LINE('',#1126,#1127);
#1126 = CARTESIAN_POINT('',(-0.571621551758,-1.433243103516,0.1));
#1127 = VECTOR('',#1128,1.);
#1128 = DIRECTION('',(-0.707106781187,0.707106781187,0.));
#1129 = ORIENTED_EDGE('',*,*,#1130,.T.);
#1130 = EDGE_CURVE('',#1123,#1131,#1133,.T.);
#1131 = VERTEX_POINT('',#1132);
#1132 = CARTESIAN_POINT('',(-0.633243103516,1.371621551758,0.1));
#1133 = LINE('',#1134,#1135);
#1134 = CARTESIAN_POINT('',(-0.633243103516,-1.371621551758,0.1));
#1135 = VECTOR('',#1136,1.);
#1136 = DIRECTION('',(-2.22044604925E-16,1.,0.));
#1137 = ORIENTED_EDGE('',*,*,#1138,.T.);
#1138 = EDGE_CURVE('',#1131,#1052,#1139,.T.);
#1139 = LINE('',#1140,#1141);
#1140 = CARTESIAN_POINT('',(-0.633243103516,1.371621551758,0.1));
#1141 = VECTOR('',#1142,1.);
#1142 = DIRECTION('',(0.707106781187,0.707106781187,0.));
#1143 = PLANE('',#1144);
#1144 = AXIS2_PLACEMENT_3D('',#1145,#1146,#1147);
#1145 = CARTESIAN_POINT('',(-0.571621551758,1.433243103516,0.1));
#1146 = DIRECTION('',(0.,0.,-1.));
#1147 = DIRECTION('',(0.370454302632,-0.928850692879,0.));
#1148 = ADVANCED_FACE('',(#1149),#1166,.F.);
#1149 = FACE_BOUND('',#1150,.F.);
#1150 = EDGE_LOOP('',(#1151,#1152,#1159,#1165));
#1151 = ORIENTED_EDGE('',*,*,#1090,.T.);
#1152 = ORIENTED_EDGE('',*,*,#1153,.T.);
#1153 = EDGE_CURVE('',#1091,#1154,#1156,.T.);
#1154 = VERTEX_POINT('',#1155);
#1155 = CARTESIAN_POINT('',(0.7,1.405,0.575));
#1156 = B_SPLINE_CURVE_WITH_KNOTS('',1,(#1157,#1158),.UNSPECIFIED.,.F.,
  .F.,(2,2),(0.,1.),.PIECEWISE_BEZIER_KNOTS.);
#1157 = CARTESIAN_POINT('',(0.633243103516,1.371621551758,0.1));
#1158 = CARTESIAN_POINT('',(0.7,1.405,0.575));
#1159 = ORIENTED_EDGE('',*,*,#1160,.F.);
#1160 = EDGE_CURVE('',#1062,#1154,#1161,.T.);
#1161 = LINE('',#1162,#1163);
#1162 = CARTESIAN_POINT('',(0.605,1.5,0.575));
#1163 = VECTOR('',#1164,1.);
#1164 = DIRECTION('',(0.707106781187,-0.707106781187,0.));
#1165 = ORIENTED_EDGE('',*,*,#1061,.F.);
#1166 = B_SPLINE_SURFACE_WITH_KNOTS('',1,1,(
    (#1167,#1168)
    ,(#1169,#1170
    )),.UNSPECIFIED.,.F.,.F.,.F.,(2,2),(2,2),(0.,0.134350288425),(0.,1.)
  ,.PIECEWISE_BEZIER_KNOTS.);
#1167 = CARTESIAN_POINT('',(0.571621551758,1.433243103516,0.1));
#1168 = CARTESIAN_POINT('',(0.605,1.5,0.575));
#1169 = CARTESIAN_POINT('',(0.633243103516,1.371621551758,0.1));
#1170 = CARTESIAN_POINT('',(0.7,1.405,0.575));
#1171 = ADVANCED_FACE('',(#1172),#1195,.F.);
#1172 = FACE_BOUND('',#1173,.F.);
#1173 = EDGE_LOOP('',(#1174,#1175,#1182,#1190));
#1174 = ORIENTED_EDGE('',*,*,#1068,.T.);
#1175 = ORIENTED_EDGE('',*,*,#1176,.T.);
#1176 = EDGE_CURVE('',#1062,#1177,#1179,.T.);
#1177 = VERTEX_POINT('',#1178);
#1178 = CARTESIAN_POINT('',(0.605,1.5,0.725));
#1179 = B_SPLINE_CURVE_WITH_KNOTS('',1,(#1180,#1181),.UNSPECIFIED.,.F.,
  .F.,(2,2),(0.,1.),.PIECEWISE_BEZIER_KNOTS.);
#1180 = CARTESIAN_POINT('',(0.605,1.5,0.575));
#1181 = CARTESIAN_POINT('',(0.605,1.5,0.725));
#1182 = ORIENTED_EDGE('',*,*,#1183,.F.);
#1183 = EDGE_CURVE('',#1184,#1177,#1186,.T.);
#1184 = VERTEX_POINT('',#1185);
#1185 = CARTESIAN_POINT('',(-0.605,1.5,0.725));
#1186 = LINE('',#1187,#1188);
#1187 = CARTESIAN_POINT('',(-0.605,1.5,0.725));
#1188 = VECTOR('',#1189,1.);
#1189 = DIRECTION('',(1.,2.22044604925E-16,0.));
#1190 = ORIENTED_EDGE('',*,*,#1191,.F.);
#1191 = EDGE_CURVE('',#1069,#1184,#1192,.T.);
#1192 = B_SPLINE_CURVE_WITH_KNOTS('',1,(#1193,#1194),.UNSPECIFIED.,.F.,
  .F.,(2,2),(0.,1.),.PIECEWISE_BEZIER_KNOTS.);
#1193 = CARTESIAN_POINT('',(-0.605,1.5,0.575));
#1194 = CARTESIAN_POINT('',(-0.605,1.5,0.725));
#1195 = PLANE('',#1196);
#1196 = AXIS2_PLACEMENT_3D('',#1197,#1198,#1199);
#1197 = CARTESIAN_POINT('',(-0.605,1.5,0.725));
#1198 = DIRECTION('',(2.22044604925E-16,-1.,0.));
#1199 = DIRECTION('',(1.,2.22044604925E-16,0.));
#1200 = ADVANCED_FACE('',(#1201),#1218,.F.);
#1201 = FACE_BOUND('',#1202,.F.);
#1202 = EDGE_LOOP('',(#1203,#1204,#1205,#1213));
#1203 = ORIENTED_EDGE('',*,*,#1138,.T.);
#1204 = ORIENTED_EDGE('',*,*,#1076,.T.);
#1205 = ORIENTED_EDGE('',*,*,#1206,.F.);
#1206 = EDGE_CURVE('',#1207,#1069,#1209,.T.);
#1207 = VERTEX_POINT('',#1208);
#1208 = CARTESIAN_POINT('',(-0.7,1.405,0.575));
#1209 = LINE('',#1210,#1211);
#1210 = CARTESIAN_POINT('',(-0.7,1.405,0.575));
#1211 = VECTOR('',#1212,1.);
#1212 = DIRECTION('',(0.707106781187,0.707106781187,0.));
#1213 = ORIENTED_EDGE('',*,*,#1214,.F.);
#1214 = EDGE_CURVE('',#1131,#1207,#1215,.T.);
#1215 = B_SPLINE_CURVE_WITH_KNOTS('',1,(#1216,#1217),.UNSPECIFIED.,.F.,
  .F.,(2,2),(0.,1.),.PIECEWISE_BEZIER_KNOTS.);
#1216 = CARTESIAN_POINT('',(-0.633243103516,1.371621551758,0.1));
#1217 = CARTESIAN_POINT('',(-0.7,1.405,0.575));
#1218 = B_SPLINE_SURFACE_WITH_KNOTS('',1,1,(
    (#1219,#1220)
    ,(#1221,#1222
    )),.UNSPECIFIED.,.F.,.F.,.F.,(2,2),(2,2),(0.,0.134350288425),(0.,1.)
  ,.PIECEWISE_BEZIER_KNOTS.);
#1219 = CARTESIAN_POINT('',(-0.633243103516,1.371621551758,0.1));
#1220 = CARTESIAN_POINT('',(-0.7,1.405,0.575));
#1221 = CARTESIAN_POINT('',(-0.571621551758,1.433243103516,0.1));
#1222 = CARTESIAN_POINT('',(-0.605,1.5,0.575));
#1223 = ADVANCED_FACE('',(#1224),#1257,.F.);
#1224 = FACE_BOUND('',#1225,.F.);
#1225 = EDGE_LOOP('',(#1226,#1227,#1234,#1242,#1250,#1256));
#1226 = ORIENTED_EDGE('',*,*,#1098,.T.);
#1227 = ORIENTED_EDGE('',*,*,#1228,.T.);
#1228 = EDGE_CURVE('',#1099,#1229,#1231,.T.);
#1229 = VERTEX_POINT('',#1230);
#1230 = CARTESIAN_POINT('',(0.7,-1.405,0.575));
#1231 = B_SPLINE_CURVE_WITH_KNOTS('',1,(#1232,#1233),.UNSPECIFIED.,.F.,
  .F.,(2,2),(0.,1.),.PIECEWISE_BEZIER_KNOTS.);
#1232 = CARTESIAN_POINT('',(0.633243103516,-1.371621551758,0.1));
#1233 = CARTESIAN_POINT('',(0.7,-1.405,0.575));
#1234 = ORIENTED_EDGE('',*,*,#1235,.F.);
#1235 = EDGE_CURVE('',#1236,#1229,#1238,.T.);
#1236 = VERTEX_POINT('',#1237);
#1237 = CARTESIAN_POINT('',(0.7,-0.2,0.575));
#1238 = LINE('',#1239,#1240);
#1239 = CARTESIAN_POINT('',(0.7,1.405,0.575));
#1240 = VECTOR('',#1241,1.);
#1241 = DIRECTION('',(2.22044604925E-16,-1.,0.));
#1242 = ORIENTED_EDGE('',*,*,#1243,.F.);
#1243 = EDGE_CURVE('',#1244,#1236,#1246,.T.);
#1244 = VERTEX_POINT('',#1245);
#1245 = CARTESIAN_POINT('',(0.7,0.2,0.575));
#1246 = LINE('',#1247,#1248);
#1247 = CARTESIAN_POINT('',(0.7,0.2,0.575));
#1248 = VECTOR('',#1249,1.);
#1249 = DIRECTION('',(2.22044604925E-16,-1.,0.));
#1250 = ORIENTED_EDGE('',*,*,#1251,.F.);
#1251 = EDGE_CURVE('',#1154,#1244,#1252,.T.);
#1252 = LINE('',#1253,#1254);
#1253 = CARTESIAN_POINT('',(0.7,1.405,0.575));
#1254 = VECTOR('',#1255,1.);
#1255 = DIRECTION('',(2.22044604925E-16,-1.,0.));
#1256 = ORIENTED_EDGE('',*,*,#1153,.F.);
#1257 = B_SPLINE_SURFACE_WITH_KNOTS('',1,1,(
    (#1258,#1259)
    ,(#1260,#1261
    )),.UNSPECIFIED.,.F.,.F.,.F.,(2,2),(2,2),(0.,2.81),(0.,1.),
  .PIECEWISE_BEZIER_KNOTS.);
#1258 = CARTESIAN_POINT('',(0.633243103516,1.371621551758,0.1));
#1259 = CARTESIAN_POINT('',(0.7,1.405,0.575));
#1260 = CARTESIAN_POINT('',(0.633243103516,-1.371621551758,0.1));
#1261 = CARTESIAN_POINT('',(0.7,-1.405,0.575));
#1262 = ADVANCED_FACE('',(#1263),#1280,.F.);
#1263 = FACE_BOUND('',#1264,.F.);
#1264 = EDGE_LOOP('',(#1265,#1266,#1273,#1279));
#1265 = ORIENTED_EDGE('',*,*,#1106,.T.);
#1266 = ORIENTED_EDGE('',*,*,#1267,.T.);
#1267 = EDGE_CURVE('',#1107,#1268,#1270,.T.);
#1268 = VERTEX_POINT('',#1269);
#1269 = CARTESIAN_POINT('',(0.605,-1.5,0.575));
#1270 = B_SPLINE_CURVE_WITH_KNOTS('',1,(#1271,#1272),.UNSPECIFIED.,.F.,
  .F.,(2,2),(0.,1.),.PIECEWISE_BEZIER_KNOTS.);
#1271 = CARTESIAN_POINT('',(0.571621551758,-1.433243103516,0.1));
#1272 = CARTESIAN_POINT('',(0.605,-1.5,0.575));
#1273 = ORIENTED_EDGE('',*,*,#1274,.F.);
#1274 = EDGE_CURVE('',#1229,#1268,#1275,.T.);
#1275 = LINE('',#1276,#1277);
#1276 = CARTESIAN_POINT('',(0.7,-1.405,0.575));
#1277 = VECTOR('',#1278,1.);
#1278 = DIRECTION('',(-0.707106781187,-0.707106781187,0.));
#1279 = ORIENTED_EDGE('',*,*,#1228,.F.);
#1280 = B_SPLINE_SURFACE_WITH_KNOTS('',1,1,(
    (#1281,#1282)
    ,(#1283,#1284
    )),.UNSPECIFIED.,.F.,.F.,.F.,(2,2),(2,2),(0.,0.134350288425),(0.,1.)
  ,.PIECEWISE_BEZIER_KNOTS.);
#1281 = CARTESIAN_POINT('',(0.633243103516,-1.371621551758,0.1));
#1282 = CARTESIAN_POINT('',(0.7,-1.405,0.575));
#1283 = CARTESIAN_POINT('',(0.571621551758,-1.433243103516,0.1));
#1284 = CARTESIAN_POINT('',(0.605,-1.5,0.575));
#1285 = ADVANCED_FACE('',(#1286),#1303,.F.);
#1286 = FACE_BOUND('',#1287,.F.);
#1287 = EDGE_LOOP('',(#1288,#1289,#1296,#1302));
#1288 = ORIENTED_EDGE('',*,*,#1114,.T.);
#1289 = ORIENTED_EDGE('',*,*,#1290,.T.);
#1290 = EDGE_CURVE('',#1115,#1291,#1293,.T.);
#1291 = VERTEX_POINT('',#1292);
#1292 = CARTESIAN_POINT('',(-0.605,-1.5,0.575));
#1293 = B_SPLINE_CURVE_WITH_KNOTS('',1,(#1294,#1295),.UNSPECIFIED.,.F.,
  .F.,(2,2),(0.,1.),.PIECEWISE_BEZIER_KNOTS.);
#1294 = CARTESIAN_POINT('',(-0.571621551758,-1.433243103516,0.1));
#1295 = CARTESIAN_POINT('',(-0.605,-1.5,0.575));
#1296 = ORIENTED_EDGE('',*,*,#1297,.F.);
#1297 = EDGE_CURVE('',#1268,#1291,#1298,.T.);
#1298 = LINE('',#1299,#1300);
#1299 = CARTESIAN_POINT('',(0.605,-1.5,0.575));
#1300 = VECTOR('',#1301,1.);
#1301 = DIRECTION('',(-1.,-2.22044604925E-16,0.));
#1302 = ORIENTED_EDGE('',*,*,#1267,.F.);
#1303 = B_SPLINE_SURFACE_WITH_KNOTS('',1,1,(
    (#1304,#1305)
    ,(#1306,#1307
    )),.UNSPECIFIED.,.F.,.F.,.F.,(2,2),(2,2),(0.,1.21),(0.,1.),
  .PIECEWISE_BEZIER_KNOTS.);
#1304 = CARTESIAN_POINT('',(0.571621551758,-1.433243103516,0.1));
#1305 = CARTESIAN_POINT('',(0.605,-1.5,0.575));
#1306 = CARTESIAN_POINT('',(-0.571621551758,-1.433243103516,0.1));
#1307 = CARTESIAN_POINT('',(-0.605,-1.5,0.575));
#1308 = ADVANCED_FACE('',(#1309),#1326,.F.);
#1309 = FACE_BOUND('',#1310,.F.);
#1310 = EDGE_LOOP('',(#1311,#1312,#1319,#1325));
#1311 = ORIENTED_EDGE('',*,*,#1122,.T.);
#1312 = ORIENTED_EDGE('',*,*,#1313,.T.);
#1313 = EDGE_CURVE('',#1123,#1314,#1316,.T.);
#1314 = VERTEX_POINT('',#1315);
#1315 = CARTESIAN_POINT('',(-0.7,-1.405,0.575));
#1316 = B_SPLINE_CURVE_WITH_KNOTS('',1,(#1317,#1318),.UNSPECIFIED.,.F.,
  .F.,(2,2),(0.,1.),.PIECEWISE_BEZIER_KNOTS.);
#1317 = CARTESIAN_POINT('',(-0.633243103516,-1.371621551758,0.1));
#1318 = CARTESIAN_POINT('',(-0.7,-1.405,0.575));
#1319 = ORIENTED_EDGE('',*,*,#1320,.F.);
#1320 = EDGE_CURVE('',#1291,#1314,#1321,.T.);
#1321 = LINE('',#1322,#1323);
#1322 = CARTESIAN_POINT('',(-0.605,-1.5,0.575));
#1323 = VECTOR('',#1324,1.);
#1324 = DIRECTION('',(-0.707106781187,0.707106781187,0.));
#1325 = ORIENTED_EDGE('',*,*,#1290,.F.);
#1326 = B_SPLINE_SURFACE_WITH_KNOTS('',1,1,(
    (#1327,#1328)
    ,(#1329,#1330
    )),.UNSPECIFIED.,.F.,.F.,.F.,(2,2),(2,2),(0.,0.134350288425),(0.,1.)
  ,.PIECEWISE_BEZIER_KNOTS.);
#1327 = CARTESIAN_POINT('',(-0.571621551758,-1.433243103516,0.1));
#1328 = CARTESIAN_POINT('',(-0.605,-1.5,0.575));
#1329 = CARTESIAN_POINT('',(-0.633243103516,-1.371621551758,0.1));
#1330 = CARTESIAN_POINT('',(-0.7,-1.405,0.575));
#1331 = ADVANCED_FACE('',(#1332),#1375,.F.);
#1332 = FACE_BOUND('',#1333,.F.);
#1333 = EDGE_LOOP('',(#1334,#1335,#1336,#1344,#1352,#1360,#1368,#1374));
#1334 = ORIENTED_EDGE('',*,*,#1130,.T.);
#1335 = ORIENTED_EDGE('',*,*,#1214,.T.);
#1336 = ORIENTED_EDGE('',*,*,#1337,.F.);
#1337 = EDGE_CURVE('',#1338,#1207,#1340,.T.);
#1338 = VERTEX_POINT('',#1339);
#1339 = CARTESIAN_POINT('',(-0.7,1.15,0.575));
#1340 = LINE('',#1341,#1342);
#1341 = CARTESIAN_POINT('',(-0.7,-1.405,0.575));
#1342 = VECTOR('',#1343,1.);
#1343 = DIRECTION('',(-2.22044604925E-16,1.,0.));
#1344 = ORIENTED_EDGE('',*,*,#1345,.F.);
#1345 = EDGE_CURVE('',#1346,#1338,#1348,.T.);
#1346 = VERTEX_POINT('',#1347);
#1347 = CARTESIAN_POINT('',(-0.7,0.75,0.575));
#1348 = LINE('',#1349,#1350);
#1349 = CARTESIAN_POINT('',(-0.7,0.75,0.575));
#1350 = VECTOR('',#1351,1.);
#1351 = DIRECTION('',(-9.95799250103E-17,1.,0.));
#1352 = ORIENTED_EDGE('',*,*,#1353,.F.);
#1353 = EDGE_CURVE('',#1354,#1346,#1356,.T.);
#1354 = VERTEX_POINT('',#1355);
#1355 = CARTESIAN_POINT('',(-0.7,-0.75,0.575));
#1356 = LINE('',#1357,#1358);
#1357 = CARTESIAN_POINT('',(-0.7,-1.405,0.575));
#1358 = VECTOR('',#1359,1.);
#1359 = DIRECTION('',(-2.22044604925E-16,1.,0.));
#1360 = ORIENTED_EDGE('',*,*,#1361,.F.);
#1361 = EDGE_CURVE('',#1362,#1354,#1364,.T.);
#1362 = VERTEX_POINT('',#1363);
#1363 = CARTESIAN_POINT('',(-0.7,-1.15,0.575));
#1364 = LINE('',#1365,#1366);
#1365 = CARTESIAN_POINT('',(-0.7,-1.15,0.575));
#1366 = VECTOR('',#1367,1.);
#1367 = DIRECTION('',(-9.95799250103E-17,1.,0.));
#1368 = ORIENTED_EDGE('',*,*,#1369,.F.);
#1369 = EDGE_CURVE('',#1314,#1362,#1370,.T.);
#1370 = LINE('',#1371,#1372);
#1371 = CARTESIAN_POINT('',(-0.7,-1.405,0.575));
#1372 = VECTOR('',#1373,1.);
#1373 = DIRECTION('',(-2.22044604925E-16,1.,0.));
#1374 = ORIENTED_EDGE('',*,*,#1313,.F.);
#1375 = B_SPLINE_SURFACE_WITH_KNOTS('',1,1,(
    (#1376,#1377)
    ,(#1378,#1379
    )),.UNSPECIFIED.,.F.,.F.,.F.,(2,2),(2,2),(0.,2.81),(0.,1.),
  .PIECEWISE_BEZIER_KNOTS.);
#1376 = CARTESIAN_POINT('',(-0.633243103516,-1.371621551758,0.1));
#1377 = CARTESIAN_POINT('',(-0.7,-1.405,0.575));
#1378 = CARTESIAN_POINT('',(-0.633243103516,1.371621551758,0.1));
#1379 = CARTESIAN_POINT('',(-0.7,1.405,0.575));
#1380 = ADVANCED_FACE('',(#1381),#1398,.F.);
#1381 = FACE_BOUND('',#1382,.F.);
#1382 = EDGE_LOOP('',(#1383,#1384,#1391,#1397));
#1383 = ORIENTED_EDGE('',*,*,#1160,.T.);
#1384 = ORIENTED_EDGE('',*,*,#1385,.T.);
#1385 = EDGE_CURVE('',#1154,#1386,#1388,.T.);
#1386 = VERTEX_POINT('',#1387);
#1387 = CARTESIAN_POINT('',(0.7,1.405,0.725));
#1388 = B_SPLINE_CURVE_WITH_KNOTS('',1,(#1389,#1390),.UNSPECIFIED.,.F.,
  .F.,(2,2),(0.,1.),.PIECEWISE_BEZIER_KNOTS.);
#1389 = CARTESIAN_POINT('',(0.7,1.405,0.575));
#1390 = CARTESIAN_POINT('',(0.7,1.405,0.725));
#1391 = ORIENTED_EDGE('',*,*,#1392,.F.);
#1392 = EDGE_CURVE('',#1177,#1386,#1393,.T.);
#1393 = LINE('',#1394,#1395);
#1394 = CARTESIAN_POINT('',(0.605,1.5,0.725));
#1395 = VECTOR('',#1396,1.);
#1396 = DIRECTION('',(0.707106781187,-0.707106781187,0.));
#1397 = ORIENTED_EDGE('',*,*,#1176,.F.);
#1398 = PLANE('',#1399);
#1399 = AXIS2_PLACEMENT_3D('',#1400,#1401,#1402);
#1400 = CARTESIAN_POINT('',(0.605,1.5,0.725));
#1401 = DIRECTION('',(-0.707106781187,-0.707106781187,0.));
#1402 = DIRECTION('',(0.707106781187,-0.707106781187,0.));
#1403 = ADVANCED_FACE('',(#1404),#1427,.F.);
#1404 = FACE_BOUND('',#1405,.F.);
#1405 = EDGE_LOOP('',(#1406,#1407,#1414,#1422));
#1406 = ORIENTED_EDGE('',*,*,#1183,.T.);
#1407 = ORIENTED_EDGE('',*,*,#1408,.T.);
#1408 = EDGE_CURVE('',#1177,#1409,#1411,.T.);
#1409 = VERTEX_POINT('',#1410);
#1410 = CARTESIAN_POINT('',(0.5925,1.475,0.725));
#1411 = B_SPLINE_CURVE_WITH_KNOTS('',1,(#1412,#1413),.UNSPECIFIED.,.F.,
  .F.,(2,2),(0.,1.),.PIECEWISE_BEZIER_KNOTS.);
#1412 = CARTESIAN_POINT('',(0.605,1.5,0.725));
#1413 = CARTESIAN_POINT('',(0.5925,1.475,0.725));
#1414 = ORIENTED_EDGE('',*,*,#1415,.F.);
#1415 = EDGE_CURVE('',#1416,#1409,#1418,.T.);
#1416 = VERTEX_POINT('',#1417);
#1417 = CARTESIAN_POINT('',(-0.5925,1.475,0.725));
#1418 = LINE('',#1419,#1420);
#1419 = CARTESIAN_POINT('',(-0.5925,1.475,0.725));
#1420 = VECTOR('',#1421,1.);
#1421 = DIRECTION('',(1.,2.22044604925E-16,0.));
#1422 = ORIENTED_EDGE('',*,*,#1423,.F.);
#1423 = EDGE_CURVE('',#1184,#1416,#1424,.T.);
#1424 = B_SPLINE_CURVE_WITH_KNOTS('',1,(#1425,#1426),.UNSPECIFIED.,.F.,
  .F.,(2,2),(0.,1.),.PIECEWISE_BEZIER_KNOTS.);
#1425 = CARTESIAN_POINT('',(-0.605,1.5,0.725));
#1426 = CARTESIAN_POINT('',(-0.5925,1.475,0.725));
#1427 = B_SPLINE_SURFACE_WITH_KNOTS('',1,1,(
    (#1428,#1429)
    ,(#1430,#1431
    )),.UNSPECIFIED.,.F.,.F.,.F.,(2,2),(2,2),(0.,1.21),(0.,1.),
  .PIECEWISE_BEZIER_KNOTS.);
#1428 = CARTESIAN_POINT('',(-0.605,1.5,0.725));
#1429 = CARTESIAN_POINT('',(-0.5925,1.475,0.725));
#1430 = CARTESIAN_POINT('',(0.605,1.5,0.725));
#1431 = CARTESIAN_POINT('',(0.5925,1.475,0.725));
#1432 = ADVANCED_FACE('',(#1433),#1450,.F.);
#1433 = FACE_BOUND('',#1434,.F.);
#1434 = EDGE_LOOP('',(#1435,#1436,#1437,#1445));
#1435 = ORIENTED_EDGE('',*,*,#1206,.T.);
#1436 = ORIENTED_EDGE('',*,*,#1191,.T.);
#1437 = ORIENTED_EDGE('',*,*,#1438,.F.);
#1438 = EDGE_CURVE('',#1439,#1184,#1441,.T.);
#1439 = VERTEX_POINT('',#1440);
#1440 = CARTESIAN_POINT('',(-0.7,1.405,0.725));
#1441 = LINE('',#1442,#1443);
#1442 = CARTESIAN_POINT('',(-0.7,1.405,0.725));
#1443 = VECTOR('',#1444,1.);
#1444 = DIRECTION('',(0.707106781187,0.707106781187,0.));
#1445 = ORIENTED_EDGE('',*,*,#1446,.F.);
#1446 = EDGE_CURVE('',#1207,#1439,#1447,.T.);
#1447 = B_SPLINE_CURVE_WITH_KNOTS('',1,(#1448,#1449),.UNSPECIFIED.,.F.,
  .F.,(2,2),(0.,1.),.PIECEWISE_BEZIER_KNOTS.);
#1448 = CARTESIAN_POINT('',(-0.7,1.405,0.575));
#1449 = CARTESIAN_POINT('',(-0.7,1.405,0.725));
#1450 = PLANE('',#1451);
#1451 = AXIS2_PLACEMENT_3D('',#1452,#1453,#1454);
#1452 = CARTESIAN_POINT('',(-0.7,1.405,0.725));
#1453 = DIRECTION('',(0.707106781187,-0.707106781187,0.));
#1454 = DIRECTION('',(0.707106781187,0.707106781187,0.));
#1455 = ADVANCED_FACE('',(#1456),#1474,.F.);
#1456 = FACE_BOUND('',#1457,.F.);
#1457 = EDGE_LOOP('',(#1458,#1459,#1460,#1468));
#1458 = ORIENTED_EDGE('',*,*,#1385,.F.);
#1459 = ORIENTED_EDGE('',*,*,#1251,.T.);
#1460 = ORIENTED_EDGE('',*,*,#1461,.T.);
#1461 = EDGE_CURVE('',#1244,#1462,#1464,.T.);
#1462 = VERTEX_POINT('',#1463);
#1463 = CARTESIAN_POINT('',(0.7,0.2,0.725));
#1464 = LINE('',#1465,#1466);
#1465 = CARTESIAN_POINT('',(0.7,0.2,0.525297170697));
#1466 = VECTOR('',#1467,1.);
#1467 = DIRECTION('',(0.,0.,1.));
#1468 = ORIENTED_EDGE('',*,*,#1469,.F.);
#1469 = EDGE_CURVE('',#1386,#1462,#1470,.T.);
#1470 = LINE('',#1471,#1472);
#1471 = CARTESIAN_POINT('',(0.7,1.405,0.725));
#1472 = VECTOR('',#1473,1.);
#1473 = DIRECTION('',(2.22044604925E-16,-1.,0.));
#1474 = PLANE('',#1475);
#1475 = AXIS2_PLACEMENT_3D('',#1476,#1477,#1478);
#1476 = CARTESIAN_POINT('',(0.7,1.405,0.725));
#1477 = DIRECTION('',(-1.,-2.22044604925E-16,0.));
#1478 = DIRECTION('',(2.22044604925E-16,-1.,0.));
#1479 = ADVANCED_FACE('',(#1480),#1504,.F.);
#1480 = FACE_BOUND('',#1481,.F.);
#1481 = EDGE_LOOP('',(#1482,#1490,#1491,#1498));
#1482 = ORIENTED_EDGE('',*,*,#1483,.F.);
#1483 = EDGE_CURVE('',#1236,#1484,#1486,.T.);
#1484 = VERTEX_POINT('',#1485);
#1485 = CARTESIAN_POINT('',(0.7,-0.2,0.725));
#1486 = LINE('',#1487,#1488);
#1487 = CARTESIAN_POINT('',(0.7,-0.2,0.525297170697));
#1488 = VECTOR('',#1489,1.);
#1489 = DIRECTION('',(0.,0.,1.));
#1490 = ORIENTED_EDGE('',*,*,#1235,.T.);
#1491 = ORIENTED_EDGE('',*,*,#1492,.T.);
#1492 = EDGE_CURVE('',#1229,#1493,#1495,.T.);
#1493 = VERTEX_POINT('',#1494);
#1494 = CARTESIAN_POINT('',(0.7,-1.405,0.725));
#1495 = B_SPLINE_CURVE_WITH_KNOTS('',1,(#1496,#1497),.UNSPECIFIED.,.F.,
  .F.,(2,2),(0.,1.),.PIECEWISE_BEZIER_KNOTS.);
#1496 = CARTESIAN_POINT('',(0.7,-1.405,0.575));
#1497 = CARTESIAN_POINT('',(0.7,-1.405,0.725));
#1498 = ORIENTED_EDGE('',*,*,#1499,.F.);
#1499 = EDGE_CURVE('',#1484,#1493,#1500,.T.);
#1500 = LINE('',#1501,#1502);
#1501 = CARTESIAN_POINT('',(0.7,1.405,0.725));
#1502 = VECTOR('',#1503,1.);
#1503 = DIRECTION('',(2.22044604925E-16,-1.,0.));
#1504 = PLANE('',#1505);
#1505 = AXIS2_PLACEMENT_3D('',#1506,#1507,#1508);
#1506 = CARTESIAN_POINT('',(0.7,1.405,0.725));
#1507 = DIRECTION('',(-1.,-2.22044604925E-16,0.));
#1508 = DIRECTION('',(2.22044604925E-16,-1.,0.));
#1509 = ADVANCED_FACE('',(#1510),#1537,.F.);
#1510 = FACE_BOUND('',#1511,.F.);
#1511 = EDGE_LOOP('',(#1512,#1513,#1522,#1530));
#1512 = ORIENTED_EDGE('',*,*,#1243,.T.);
#1513 = ORIENTED_EDGE('',*,*,#1514,.T.);
#1514 = EDGE_CURVE('',#1236,#1515,#1517,.T.);
#1515 = VERTEX_POINT('',#1516);
#1516 = CARTESIAN_POINT('',(0.8,-0.2,0.475));
#1517 = CIRCLE('',#1518,0.1);
#1518 = AXIS2_PLACEMENT_3D('',#1519,#1520,#1521);
#1519 = CARTESIAN_POINT('',(0.7,-0.2,0.475));
#1520 = DIRECTION('',(-2.22044604925E-16,1.,0.));
#1521 = DIRECTION('',(1.110223024625E-15,2.465190328815E-31,1.));
#1522 = ORIENTED_EDGE('',*,*,#1523,.F.);
#1523 = EDGE_CURVE('',#1524,#1515,#1526,.T.);
#1524 = VERTEX_POINT('',#1525);
#1525 = CARTESIAN_POINT('',(0.8,0.2,0.475));
#1526 = LINE('',#1527,#1528);
#1527 = CARTESIAN_POINT('',(0.8,0.2,0.475));
#1528 = VECTOR('',#1529,1.);
#1529 = DIRECTION('',(2.22044604925E-16,-1.,0.));
#1530 = ORIENTED_EDGE('',*,*,#1531,.F.);
#1531 = EDGE_CURVE('',#1244,#1524,#1532,.T.);
#1532 = CIRCLE('',#1533,0.1);
#1533 = AXIS2_PLACEMENT_3D('',#1534,#1535,#1536);
#1534 = CARTESIAN_POINT('',(0.7,0.2,0.475));
#1535 = DIRECTION('',(-2.22044604925E-16,1.,0.));
#1536 = DIRECTION('',(1.110223024625E-15,2.465190328815E-31,1.));
#1537 = CYLINDRICAL_SURFACE('',#1538,0.1);
#1538 = AXIS2_PLACEMENT_3D('',#1539,#1540,#1541);
#1539 = CARTESIAN_POINT('',(0.7,0.2,0.475));
#1540 = DIRECTION('',(-2.22044604925E-16,1.,0.));
#1541 = DIRECTION('',(1.110223024625E-15,2.465190328815E-31,1.));
#1542 = ADVANCED_FACE('',(#1543),#1560,.F.);
#1543 = FACE_BOUND('',#1544,.F.);
#1544 = EDGE_LOOP('',(#1545,#1546,#1553,#1559));
#1545 = ORIENTED_EDGE('',*,*,#1274,.T.);
#1546 = ORIENTED_EDGE('',*,*,#1547,.T.);
#1547 = EDGE_CURVE('',#1268,#1548,#1550,.T.);
#1548 = VERTEX_POINT('',#1549);
#1549 = CARTESIAN_POINT('',(0.605,-1.5,0.725));
#1550 = B_SPLINE_CURVE_WITH_KNOTS('',1,(#1551,#1552),.UNSPECIFIED.,.F.,
  .F.,(2,2),(0.,1.),.PIECEWISE_BEZIER_KNOTS.);
#1551 = CARTESIAN_POINT('',(0.605,-1.5,0.575));
#1552 = CARTESIAN_POINT('',(0.605,-1.5,0.725));
#1553 = ORIENTED_EDGE('',*,*,#1554,.F.);
#1554 = EDGE_CURVE('',#1493,#1548,#1555,.T.);
#1555 = LINE('',#1556,#1557);
#1556 = CARTESIAN_POINT('',(0.7,-1.405,0.725));
#1557 = VECTOR('',#1558,1.);
#1558 = DIRECTION('',(-0.707106781187,-0.707106781187,0.));
#1559 = ORIENTED_EDGE('',*,*,#1492,.F.);
#1560 = PLANE('',#1561);
#1561 = AXIS2_PLACEMENT_3D('',#1562,#1563,#1564);
#1562 = CARTESIAN_POINT('',(0.7,-1.405,0.725));
#1563 = DIRECTION('',(-0.707106781187,0.707106781187,0.));
#1564 = DIRECTION('',(-0.707106781187,-0.707106781187,0.));
#1565 = ADVANCED_FACE('',(#1566),#1583,.F.);
#1566 = FACE_BOUND('',#1567,.F.);
#1567 = EDGE_LOOP('',(#1568,#1569,#1576,#1582));
#1568 = ORIENTED_EDGE('',*,*,#1297,.T.);
#1569 = ORIENTED_EDGE('',*,*,#1570,.T.);
#1570 = EDGE_CURVE('',#1291,#1571,#1573,.T.);
#1571 = VERTEX_POINT('',#1572);
#1572 = CARTESIAN_POINT('',(-0.605,-1.5,0.725));
#1573 = B_SPLINE_CURVE_WITH_KNOTS('',1,(#1574,#1575),.UNSPECIFIED.,.F.,
  .F.,(2,2),(0.,1.),.PIECEWISE_BEZIER_KNOTS.);
#1574 = CARTESIAN_POINT('',(-0.605,-1.5,0.575));
#1575 = CARTESIAN_POINT('',(-0.605,-1.5,0.725));
#1576 = ORIENTED_EDGE('',*,*,#1577,.F.);
#1577 = EDGE_CURVE('',#1548,#1571,#1578,.T.);
#1578 = LINE('',#1579,#1580);
#1579 = CARTESIAN_POINT('',(0.605,-1.5,0.725));
#1580 = VECTOR('',#1581,1.);
#1581 = DIRECTION('',(-1.,-2.22044604925E-16,0.));
#1582 = ORIENTED_EDGE('',*,*,#1547,.F.);
#1583 = PLANE('',#1584);
#1584 = AXIS2_PLACEMENT_3D('',#1585,#1586,#1587);
#1585 = CARTESIAN_POINT('',(0.605,-1.5,0.725));
#1586 = DIRECTION('',(-2.22044604925E-16,1.,0.));
#1587 = DIRECTION('',(-1.,-2.22044604925E-16,0.));
#1588 = ADVANCED_FACE('',(#1589),#1606,.F.);
#1589 = FACE_BOUND('',#1590,.F.);
#1590 = EDGE_LOOP('',(#1591,#1592,#1599,#1605));
#1591 = ORIENTED_EDGE('',*,*,#1320,.T.);
#1592 = ORIENTED_EDGE('',*,*,#1593,.T.);
#1593 = EDGE_CURVE('',#1314,#1594,#1596,.T.);
#1594 = VERTEX_POINT('',#1595);
#1595 = CARTESIAN_POINT('',(-0.7,-1.405,0.725));
#1596 = B_SPLINE_CURVE_WITH_KNOTS('',1,(#1597,#1598),.UNSPECIFIED.,.F.,
  .F.,(2,2),(0.,1.),.PIECEWISE_BEZIER_KNOTS.);
#1597 = CARTESIAN_POINT('',(-0.7,-1.405,0.575));
#1598 = CARTESIAN_POINT('',(-0.7,-1.405,0.725));
#1599 = ORIENTED_EDGE('',*,*,#1600,.F.);
#1600 = EDGE_CURVE('',#1571,#1594,#1601,.T.);
#1601 = LINE('',#1602,#1603);
#1602 = CARTESIAN_POINT('',(-0.605,-1.5,0.725));
#1603 = VECTOR('',#1604,1.);
#1604 = DIRECTION('',(-0.707106781187,0.707106781187,0.));
#1605 = ORIENTED_EDGE('',*,*,#1570,.F.);
#1606 = PLANE('',#1607);
#1607 = AXIS2_PLACEMENT_3D('',#1608,#1609,#1610);
#1608 = CARTESIAN_POINT('',(-0.605,-1.5,0.725));
#1609 = DIRECTION('',(0.707106781187,0.707106781187,0.));
#1610 = DIRECTION('',(-0.707106781187,0.707106781187,0.));
#1611 = ADVANCED_FACE('',(#1612),#1630,.F.);
#1612 = FACE_BOUND('',#1613,.F.);
#1613 = EDGE_LOOP('',(#1614,#1615,#1616,#1624));
#1614 = ORIENTED_EDGE('',*,*,#1593,.F.);
#1615 = ORIENTED_EDGE('',*,*,#1369,.T.);
#1616 = ORIENTED_EDGE('',*,*,#1617,.T.);
#1617 = EDGE_CURVE('',#1362,#1618,#1620,.T.);
#1618 = VERTEX_POINT('',#1619);
#1619 = CARTESIAN_POINT('',(-0.7,-1.15,0.725));
#1620 = LINE('',#1621,#1622);
#1621 = CARTESIAN_POINT('',(-0.7,-1.15,0.525297170697));
#1622 = VECTOR('',#1623,1.);
#1623 = DIRECTION('',(0.,0.,1.));
#1624 = ORIENTED_EDGE('',*,*,#1625,.F.);
#1625 = EDGE_CURVE('',#1594,#1618,#1626,.T.);
#1626 = LINE('',#1627,#1628);
#1627 = CARTESIAN_POINT('',(-0.7,-1.405,0.725));
#1628 = VECTOR('',#1629,1.);
#1629 = DIRECTION('',(-2.22044604925E-16,1.,0.));
#1630 = PLANE('',#1631);
#1631 = AXIS2_PLACEMENT_3D('',#1632,#1633,#1634);
#1632 = CARTESIAN_POINT('',(-0.7,-1.405,0.725));
#1633 = DIRECTION('',(1.,2.22044604925E-16,0.));
#1634 = DIRECTION('',(-2.22044604925E-16,1.,0.));
#1635 = ADVANCED_FACE('',(#1636),#1654,.F.);
#1636 = FACE_BOUND('',#1637,.F.);
#1637 = EDGE_LOOP('',(#1638,#1646,#1647,#1648));
#1638 = ORIENTED_EDGE('',*,*,#1639,.F.);
#1639 = EDGE_CURVE('',#1338,#1640,#1642,.T.);
#1640 = VERTEX_POINT('',#1641);
#1641 = CARTESIAN_POINT('',(-0.7,1.15,0.725));
#1642 = LINE('',#1643,#1644);
#1643 = CARTESIAN_POINT('',(-0.7,1.15,0.525297170697));
#1644 = VECTOR('',#1645,1.);
#1645 = DIRECTION('',(0.,0.,1.));
#1646 = ORIENTED_EDGE('',*,*,#1337,.T.);
#1647 = ORIENTED_EDGE('',*,*,#1446,.T.);
#1648 = ORIENTED_EDGE('',*,*,#1649,.F.);
#1649 = EDGE_CURVE('',#1640,#1439,#1650,.T.);
#1650 = LINE('',#1651,#1652);
#1651 = CARTESIAN_POINT('',(-0.7,-1.405,0.725));
#1652 = VECTOR('',#1653,1.);
#1653 = DIRECTION('',(-2.22044604925E-16,1.,0.));
#1654 = PLANE('',#1655);
#1655 = AXIS2_PLACEMENT_3D('',#1656,#1657,#1658);
#1656 = CARTESIAN_POINT('',(-0.7,-1.405,0.725));
#1657 = DIRECTION('',(1.,2.22044604925E-16,0.));
#1658 = DIRECTION('',(-2.22044604925E-16,1.,0.));
#1659 = ADVANCED_FACE('',(#1660),#1687,.F.);
#1660 = FACE_BOUND('',#1661,.F.);
#1661 = EDGE_LOOP('',(#1662,#1663,#1672,#1680));
#1662 = ORIENTED_EDGE('',*,*,#1361,.T.);
#1663 = ORIENTED_EDGE('',*,*,#1664,.T.);
#1664 = EDGE_CURVE('',#1354,#1665,#1667,.T.);
#1665 = VERTEX_POINT('',#1666);
#1666 = CARTESIAN_POINT('',(-0.8,-0.75,0.475));
#1667 = CIRCLE('',#1668,0.1);
#1668 = AXIS2_PLACEMENT_3D('',#1669,#1670,#1671);
#1669 = CARTESIAN_POINT('',(-0.7,-0.75,0.475));
#1670 = DIRECTION('',(9.95799250103E-17,-1.,0.));
#1671 = DIRECTION('',(-1.110223024625E-15,-1.105559255369E-31,1.));
#1672 = ORIENTED_EDGE('',*,*,#1673,.F.);
#1673 = EDGE_CURVE('',#1674,#1665,#1676,.T.);
#1674 = VERTEX_POINT('',#1675);
#1675 = CARTESIAN_POINT('',(-0.8,-1.15,0.475));
#1676 = LINE('',#1677,#1678);
#1677 = CARTESIAN_POINT('',(-0.8,-1.15,0.475));
#1678 = VECTOR('',#1679,1.);
#1679 = DIRECTION('',(-9.95799250103E-17,1.,0.));
#1680 = ORIENTED_EDGE('',*,*,#1681,.F.);
#1681 = EDGE_CURVE('',#1362,#1674,#1682,.T.);
#1682 = CIRCLE('',#1683,0.1);
#1683 = AXIS2_PLACEMENT_3D('',#1684,#1685,#1686);
#1684 = CARTESIAN_POINT('',(-0.7,-1.15,0.475));
#1685 = DIRECTION('',(9.95799250103E-17,-1.,0.));
#1686 = DIRECTION('',(-1.110223024625E-15,-1.105559255369E-31,1.));
#1687 = CYLINDRICAL_SURFACE('',#1688,0.1);
#1688 = AXIS2_PLACEMENT_3D('',#1689,#1690,#1691);
#1689 = CARTESIAN_POINT('',(-0.7,-1.15,0.475));
#1690 = DIRECTION('',(9.95799250103E-17,-1.,0.));
#1691 = DIRECTION('',(-1.110223024625E-15,-1.105559255369E-31,1.));
#1692 = ADVANCED_FACE('',(#1693),#1720,.F.);
#1693 = FACE_BOUND('',#1694,.F.);
#1694 = EDGE_LOOP('',(#1695,#1696,#1705,#1713));
#1695 = ORIENTED_EDGE('',*,*,#1345,.T.);
#1696 = ORIENTED_EDGE('',*,*,#1697,.T.);
#1697 = EDGE_CURVE('',#1338,#1698,#1700,.T.);
#1698 = VERTEX_POINT('',#1699);
#1699 = CARTESIAN_POINT('',(-0.8,1.15,0.475));
#1700 = CIRCLE('',#1701,0.1);
#1701 = AXIS2_PLACEMENT_3D('',#1702,#1703,#1704);
#1702 = CARTESIAN_POINT('',(-0.7,1.15,0.475));
#1703 = DIRECTION('',(9.95799250103E-17,-1.,0.));
#1704 = DIRECTION('',(-1.110223024625E-15,-1.105559255369E-31,1.));
#1705 = ORIENTED_EDGE('',*,*,#1706,.F.);
#1706 = EDGE_CURVE('',#1707,#1698,#1709,.T.);
#1707 = VERTEX_POINT('',#1708);
#1708 = CARTESIAN_POINT('',(-0.8,0.75,0.475));
#1709 = LINE('',#1710,#1711);
#1710 = CARTESIAN_POINT('',(-0.8,0.75,0.475));
#1711 = VECTOR('',#1712,1.);
#1712 = DIRECTION('',(-9.95799250103E-17,1.,0.));
#1713 = ORIENTED_EDGE('',*,*,#1714,.F.);
#1714 = EDGE_CURVE('',#1346,#1707,#1715,.T.);
#1715 = CIRCLE('',#1716,0.1);
#1716 = AXIS2_PLACEMENT_3D('',#1717,#1718,#1719);
#1717 = CARTESIAN_POINT('',(-0.7,0.75,0.475));
#1718 = DIRECTION('',(9.95799250103E-17,-1.,0.));
#1719 = DIRECTION('',(-1.110223024625E-15,-1.105559255369E-31,1.));
#1720 = CYLINDRICAL_SURFACE('',#1721,0.1);
#1721 = AXIS2_PLACEMENT_3D('',#1722,#1723,#1724);
#1722 = CARTESIAN_POINT('',(-0.7,0.75,0.475));
#1723 = DIRECTION('',(9.95799250103E-17,-1.,0.));
#1724 = DIRECTION('',(-1.110223024625E-15,-1.105559255369E-31,1.));
#1725 = ADVANCED_FACE('',(#1726),#1751,.F.);
#1726 = FACE_BOUND('',#1727,.F.);
#1727 = EDGE_LOOP('',(#1728,#1736,#1737,#1745));
#1728 = ORIENTED_EDGE('',*,*,#1729,.F.);
#1729 = EDGE_CURVE('',#1354,#1730,#1732,.T.);
#1730 = VERTEX_POINT('',#1731);
#1731 = CARTESIAN_POINT('',(-0.7,-0.75,0.725));
#1732 = LINE('',#1733,#1734);
#1733 = CARTESIAN_POINT('',(-0.7,-0.75,0.525297170697));
#1734 = VECTOR('',#1735,1.);
#1735 = DIRECTION('',(0.,0.,1.));
#1736 = ORIENTED_EDGE('',*,*,#1353,.T.);
#1737 = ORIENTED_EDGE('',*,*,#1738,.T.);
#1738 = EDGE_CURVE('',#1346,#1739,#1741,.T.);
#1739 = VERTEX_POINT('',#1740);
#1740 = CARTESIAN_POINT('',(-0.7,0.75,0.725));
#1741 = LINE('',#1742,#1743);
#1742 = CARTESIAN_POINT('',(-0.7,0.75,0.525297170697));
#1743 = VECTOR('',#1744,1.);
#1744 = DIRECTION('',(0.,0.,1.));
#1745 = ORIENTED_EDGE('',*,*,#1746,.F.);
#1746 = EDGE_CURVE('',#1730,#1739,#1747,.T.);
#1747 = LINE('',#1748,#1749);
#1748 = CARTESIAN_POINT('',(-0.7,-1.405,0.725));
#1749 = VECTOR('',#1750,1.);
#1750 = DIRECTION('',(-2.22044604925E-16,1.,0.));
#1751 = PLANE('',#1752);
#1752 = AXIS2_PLACEMENT_3D('',#1753,#1754,#1755);
#1753 = CARTESIAN_POINT('',(-0.7,-1.405,0.725));
#1754 = DIRECTION('',(1.,2.22044604925E-16,0.));
#1755 = DIRECTION('',(-2.22044604925E-16,1.,0.));
#1756 = ADVANCED_FACE('',(#1757),#1774,.F.);
#1757 = FACE_BOUND('',#1758,.F.);
#1758 = EDGE_LOOP('',(#1759,#1760,#1767,#1773));
#1759 = ORIENTED_EDGE('',*,*,#1392,.T.);
#1760 = ORIENTED_EDGE('',*,*,#1761,.T.);
#1761 = EDGE_CURVE('',#1386,#1762,#1764,.T.);
#1762 = VERTEX_POINT('',#1763);
#1763 = CARTESIAN_POINT('',(0.675,1.3925,0.725));
#1764 = B_SPLINE_CURVE_WITH_KNOTS('',1,(#1765,#1766),.UNSPECIFIED.,.F.,
  .F.,(2,2),(0.,1.),.PIECEWISE_BEZIER_KNOTS.);
#1765 = CARTESIAN_POINT('',(0.7,1.405,0.725));
#1766 = CARTESIAN_POINT('',(0.675,1.3925,0.725));
#1767 = ORIENTED_EDGE('',*,*,#1768,.F.);
#1768 = EDGE_CURVE('',#1409,#1762,#1769,.T.);
#1769 = LINE('',#1770,#1771);
#1770 = CARTESIAN_POINT('',(0.5925,1.475,0.725));
#1771 = VECTOR('',#1772,1.);
#1772 = DIRECTION('',(0.707106781187,-0.707106781187,0.));
#1773 = ORIENTED_EDGE('',*,*,#1408,.F.);
#1774 = B_SPLINE_SURFACE_WITH_KNOTS('',1,1,(
    (#1775,#1776)
    ,(#1777,#1778
    )),.UNSPECIFIED.,.F.,.F.,.F.,(2,2),(2,2),(0.,0.134350288425),(0.,1.)
  ,.PIECEWISE_BEZIER_KNOTS.);
#1775 = CARTESIAN_POINT('',(0.605,1.5,0.725));
#1776 = CARTESIAN_POINT('',(0.5925,1.475,0.725));
#1777 = CARTESIAN_POINT('',(0.7,1.405,0.725));
#1778 = CARTESIAN_POINT('',(0.675,1.3925,0.725));
#1779 = ADVANCED_FACE('',(#1780),#1803,.F.);
#1780 = FACE_BOUND('',#1781,.F.);
#1781 = EDGE_LOOP('',(#1782,#1783,#1790,#1798));
#1782 = ORIENTED_EDGE('',*,*,#1415,.T.);
#1783 = ORIENTED_EDGE('',*,*,#1784,.T.);
#1784 = EDGE_CURVE('',#1409,#1785,#1787,.T.);
#1785 = VERTEX_POINT('',#1786);
#1786 = CARTESIAN_POINT('',(0.559121551758,1.408243103516,1.2));
#1787 = B_SPLINE_CURVE_WITH_KNOTS('',1,(#1788,#1789),.UNSPECIFIED.,.F.,
  .F.,(2,2),(0.,1.),.PIECEWISE_BEZIER_KNOTS.);
#1788 = CARTESIAN_POINT('',(0.5925,1.475,0.725));
#1789 = CARTESIAN_POINT('',(0.559121551758,1.408243103516,1.2));
#1790 = ORIENTED_EDGE('',*,*,#1791,.F.);
#1791 = EDGE_CURVE('',#1792,#1785,#1794,.T.);
#1792 = VERTEX_POINT('',#1793);
#1793 = CARTESIAN_POINT('',(-0.559121551758,1.408243103516,1.2));
#1794 = LINE('',#1795,#1796);
#1795 = CARTESIAN_POINT('',(-0.559121551758,1.408243103516,1.2));
#1796 = VECTOR('',#1797,1.);
#1797 = DIRECTION('',(1.,2.22044604925E-16,0.));
#1798 = ORIENTED_EDGE('',*,*,#1799,.F.);
#1799 = EDGE_CURVE('',#1416,#1792,#1800,.T.);
#1800 = B_SPLINE_CURVE_WITH_KNOTS('',1,(#1801,#1802),.UNSPECIFIED.,.F.,
  .F.,(2,2),(0.,1.),.PIECEWISE_BEZIER_KNOTS.);
#1801 = CARTESIAN_POINT('',(-0.5925,1.475,0.725));
#1802 = CARTESIAN_POINT('',(-0.559121551758,1.408243103516,1.2));
#1803 = B_SPLINE_SURFACE_WITH_KNOTS('',1,1,(
    (#1804,#1805)
    ,(#1806,#1807
    )),.UNSPECIFIED.,.F.,.F.,.F.,(2,2),(2,2),(0.,1.185),(0.,1.),
  .PIECEWISE_BEZIER_KNOTS.);
#1804 = CARTESIAN_POINT('',(-0.5925,1.475,0.725));
#1805 = CARTESIAN_POINT('',(-0.559121551758,1.408243103516,1.2));
#1806 = CARTESIAN_POINT('',(0.5925,1.475,0.725));
#1807 = CARTESIAN_POINT('',(0.559121551758,1.408243103516,1.2));
#1808 = ADVANCED_FACE('',(#1809),#1826,.F.);
#1809 = FACE_BOUND('',#1810,.F.);
#1810 = EDGE_LOOP('',(#1811,#1812,#1813,#1821));
#1811 = ORIENTED_EDGE('',*,*,#1438,.T.);
#1812 = ORIENTED_EDGE('',*,*,#1423,.T.);
#1813 = ORIENTED_EDGE('',*,*,#1814,.F.);
#1814 = EDGE_CURVE('',#1815,#1416,#1817,.T.);
#1815 = VERTEX_POINT('',#1816);
#1816 = CARTESIAN_POINT('',(-0.675,1.3925,0.725));
#1817 = LINE('',#1818,#1819);
#1818 = CARTESIAN_POINT('',(-0.675,1.3925,0.725));
#1819 = VECTOR('',#1820,1.);
#1820 = DIRECTION('',(0.707106781187,0.707106781187,0.));
#1821 = ORIENTED_EDGE('',*,*,#1822,.F.);
#1822 = EDGE_CURVE('',#1439,#1815,#1823,.T.);
#1823 = B_SPLINE_CURVE_WITH_KNOTS('',1,(#1824,#1825),.UNSPECIFIED.,.F.,
  .F.,(2,2),(0.,1.),.PIECEWISE_BEZIER_KNOTS.);
#1824 = CARTESIAN_POINT('',(-0.7,1.405,0.725));
#1825 = CARTESIAN_POINT('',(-0.675,1.3925,0.725));
#1826 = B_SPLINE_SURFACE_WITH_KNOTS('',1,1,(
    (#1827,#1828)
    ,(#1829,#1830
    )),.UNSPECIFIED.,.F.,.F.,.F.,(2,2),(2,2),(0.,0.134350288425),(0.,1.)
  ,.PIECEWISE_BEZIER_KNOTS.);
#1827 = CARTESIAN_POINT('',(-0.7,1.405,0.725));
#1828 = CARTESIAN_POINT('',(-0.675,1.3925,0.725));
#1829 = CARTESIAN_POINT('',(-0.605,1.5,0.725));
#1830 = CARTESIAN_POINT('',(-0.5925,1.475,0.725));
#1831 = ADVANCED_FACE('',(#1832),#1850,.F.);
#1832 = FACE_BOUND('',#1833,.F.);
#1833 = EDGE_LOOP('',(#1834,#1835,#1836,#1844));
#1834 = ORIENTED_EDGE('',*,*,#1761,.F.);
#1835 = ORIENTED_EDGE('',*,*,#1469,.T.);
#1836 = ORIENTED_EDGE('',*,*,#1837,.T.);
#1837 = EDGE_CURVE('',#1462,#1838,#1840,.T.);
#1838 = VERTEX_POINT('',#1839);
#1839 = CARTESIAN_POINT('',(0.675,0.2,0.725));
#1840 = LINE('',#1841,#1842);
#1841 = CARTESIAN_POINT('',(0.7,0.2,0.725));
#1842 = VECTOR('',#1843,1.);
#1843 = DIRECTION('',(-1.,-2.22044604925E-16,0.));
#1844 = ORIENTED_EDGE('',*,*,#1845,.F.);
#1845 = EDGE_CURVE('',#1762,#1838,#1846,.T.);
#1846 = LINE('',#1847,#1848);
#1847 = CARTESIAN_POINT('',(0.675,1.3925,0.725));
#1848 = VECTOR('',#1849,1.);
#1849 = DIRECTION('',(2.22044604925E-16,-1.,0.));
#1850 = B_SPLINE_SURFACE_WITH_KNOTS('',1,1,(
    (#1851,#1852)
    ,(#1853,#1854
    )),.UNSPECIFIED.,.F.,.F.,.F.,(2,2),(2,2),(0.,2.81),(0.,1.),
  .PIECEWISE_BEZIER_KNOTS.);
#1851 = CARTESIAN_POINT('',(0.7,1.405,0.725));
#1852 = CARTESIAN_POINT('',(0.675,1.3925,0.725));
#1853 = CARTESIAN_POINT('',(0.7,-1.405,0.725));
#1854 = CARTESIAN_POINT('',(0.675,-1.3925,0.725));
#1855 = ADVANCED_FACE('',(#1856),#1925,.F.);
#1856 = FACE_BOUND('',#1857,.F.);
#1857 = EDGE_LOOP('',(#1858,#1859,#1860,#1868,#1877,#1885,#1893,#1901,
    #1910,#1918));
#1858 = ORIENTED_EDGE('',*,*,#1461,.F.);
#1859 = ORIENTED_EDGE('',*,*,#1531,.T.);
#1860 = ORIENTED_EDGE('',*,*,#1861,.T.);
#1861 = EDGE_CURVE('',#1524,#1862,#1864,.T.);
#1862 = VERTEX_POINT('',#1863);
#1863 = CARTESIAN_POINT('',(0.8,0.2,0.25));
#1864 = LINE('',#1865,#1866);
#1865 = CARTESIAN_POINT('',(0.8,0.2,0.475));
#1866 = VECTOR('',#1867,1.);
#1867 = DIRECTION('',(0.,0.,-1.));
#1868 = ORIENTED_EDGE('',*,*,#1869,.T.);
#1869 = EDGE_CURVE('',#1862,#1870,#1872,.T.);
#1870 = VERTEX_POINT('',#1871);
#1871 = CARTESIAN_POINT('',(1.05,0.2,0.));
#1872 = CIRCLE('',#1873,0.25);
#1873 = AXIS2_PLACEMENT_3D('',#1874,#1875,#1876);
#1874 = CARTESIAN_POINT('',(1.05,0.2,0.25));
#1875 = DIRECTION('',(2.22044604925E-16,-1.,0.));
#1876 = DIRECTION('',(-1.,-2.22044604925E-16,-4.440892098501E-16));
#1877 = ORIENTED_EDGE('',*,*,#1878,.T.);
#1878 = EDGE_CURVE('',#1870,#1879,#1881,.T.);
#1879 = VERTEX_POINT('',#1880);
#1880 = CARTESIAN_POINT('',(1.25,0.2,0.));
#1881 = LINE('',#1882,#1883);
#1882 = CARTESIAN_POINT('',(1.05,0.2,0.));
#1883 = VECTOR('',#1884,1.);
#1884 = DIRECTION('',(1.,2.22044604925E-16,0.));
#1885 = ORIENTED_EDGE('',*,*,#1886,.T.);
#1886 = EDGE_CURVE('',#1879,#1887,#1889,.T.);
#1887 = VERTEX_POINT('',#1888);
#1888 = CARTESIAN_POINT('',(1.25,0.2,0.15));
#1889 = LINE('',#1890,#1891);
#1890 = CARTESIAN_POINT('',(1.25,0.2,0.));
#1891 = VECTOR('',#1892,1.);
#1892 = DIRECTION('',(0.,0.,1.));
#1893 = ORIENTED_EDGE('',*,*,#1894,.T.);
#1894 = EDGE_CURVE('',#1887,#1895,#1897,.T.);
#1895 = VERTEX_POINT('',#1896);
#1896 = CARTESIAN_POINT('',(1.05,0.2,0.15));
#1897 = LINE('',#1898,#1899);
#1898 = CARTESIAN_POINT('',(1.25,0.2,0.15));
#1899 = VECTOR('',#1900,1.);
#1900 = DIRECTION('',(-1.,-2.22044604925E-16,0.));
#1901 = ORIENTED_EDGE('',*,*,#1902,.T.);
#1902 = EDGE_CURVE('',#1895,#1903,#1905,.T.);
#1903 = VERTEX_POINT('',#1904);
#1904 = CARTESIAN_POINT('',(0.95,0.2,0.25));
#1905 = CIRCLE('',#1906,0.1);
#1906 = AXIS2_PLACEMENT_3D('',#1907,#1908,#1909);
#1907 = CARTESIAN_POINT('',(1.05,0.2,0.25));
#1908 = DIRECTION('',(-2.22044604925E-16,1.,0.));
#1909 = DIRECTION('',(-2.22044604925E-15,-4.93038065763E-31,-1.));
#1910 = ORIENTED_EDGE('',*,*,#1911,.T.);
#1911 = EDGE_CURVE('',#1903,#1912,#1914,.T.);
#1912 = VERTEX_POINT('',#1913);
#1913 = CARTESIAN_POINT('',(0.95,0.2,0.475));
#1914 = LINE('',#1915,#1916);
#1915 = CARTESIAN_POINT('',(0.95,0.2,0.25));
#1916 = VECTOR('',#1917,1.);
#1917 = DIRECTION('',(0.,0.,1.));
#1918 = ORIENTED_EDGE('',*,*,#1919,.T.);
#1919 = EDGE_CURVE('',#1912,#1462,#1920,.T.);
#1920 = CIRCLE('',#1921,0.25);
#1921 = AXIS2_PLACEMENT_3D('',#1922,#1923,#1924);
#1922 = CARTESIAN_POINT('',(0.7,0.2,0.475));
#1923 = DIRECTION('',(2.22044604925E-16,-1.,0.));
#1924 = DIRECTION('',(1.,2.22044604925E-16,0.));
#1925 = PLANE('',#1926);
#1926 = AXIS2_PLACEMENT_3D('',#1927,#1928,#1929);
#1927 = CARTESIAN_POINT('',(0.923137815574,0.2,0.325594341393));
#1928 = DIRECTION('',(2.22044604925E-16,-1.,0.));
#1929 = DIRECTION('',(0.,0.,1.));
#1930 = ADVANCED_FACE('',(#1931),#2000,.T.);
#1931 = FACE_BOUND('',#1932,.T.);
#1932 = EDGE_LOOP('',(#1933,#1934,#1935,#1943,#1952,#1960,#1968,#1976,
    #1985,#1993));
#1933 = ORIENTED_EDGE('',*,*,#1483,.F.);
#1934 = ORIENTED_EDGE('',*,*,#1514,.T.);
#1935 = ORIENTED_EDGE('',*,*,#1936,.T.);
#1936 = EDGE_CURVE('',#1515,#1937,#1939,.T.);
#1937 = VERTEX_POINT('',#1938);
#1938 = CARTESIAN_POINT('',(0.8,-0.2,0.25));
#1939 = LINE('',#1940,#1941);
#1940 = CARTESIAN_POINT('',(0.8,-0.2,0.475));
#1941 = VECTOR('',#1942,1.);
#1942 = DIRECTION('',(0.,0.,-1.));
#1943 = ORIENTED_EDGE('',*,*,#1944,.T.);
#1944 = EDGE_CURVE('',#1937,#1945,#1947,.T.);
#1945 = VERTEX_POINT('',#1946);
#1946 = CARTESIAN_POINT('',(1.05,-0.2,0.));
#1947 = CIRCLE('',#1948,0.25);
#1948 = AXIS2_PLACEMENT_3D('',#1949,#1950,#1951);
#1949 = CARTESIAN_POINT('',(1.05,-0.2,0.25));
#1950 = DIRECTION('',(2.22044604925E-16,-1.,0.));
#1951 = DIRECTION('',(-1.,-2.22044604925E-16,-4.440892098501E-16));
#1952 = ORIENTED_EDGE('',*,*,#1953,.T.);
#1953 = EDGE_CURVE('',#1945,#1954,#1956,.T.);
#1954 = VERTEX_POINT('',#1955);
#1955 = CARTESIAN_POINT('',(1.25,-0.2,0.));
#1956 = LINE('',#1957,#1958);
#1957 = CARTESIAN_POINT('',(1.05,-0.2,0.));
#1958 = VECTOR('',#1959,1.);
#1959 = DIRECTION('',(1.,2.22044604925E-16,0.));
#1960 = ORIENTED_EDGE('',*,*,#1961,.T.);
#1961 = EDGE_CURVE('',#1954,#1962,#1964,.T.);
#1962 = VERTEX_POINT('',#1963);
#1963 = CARTESIAN_POINT('',(1.25,-0.2,0.15));
#1964 = LINE('',#1965,#1966);
#1965 = CARTESIAN_POINT('',(1.25,-0.2,0.));
#1966 = VECTOR('',#1967,1.);
#1967 = DIRECTION('',(0.,0.,1.));
#1968 = ORIENTED_EDGE('',*,*,#1969,.T.);
#1969 = EDGE_CURVE('',#1962,#1970,#1972,.T.);
#1970 = VERTEX_POINT('',#1971);
#1971 = CARTESIAN_POINT('',(1.05,-0.2,0.15));
#1972 = LINE('',#1973,#1974);
#1973 = CARTESIAN_POINT('',(1.25,-0.2,0.15));
#1974 = VECTOR('',#1975,1.);
#1975 = DIRECTION('',(-1.,-2.22044604925E-16,0.));
#1976 = ORIENTED_EDGE('',*,*,#1977,.T.);
#1977 = EDGE_CURVE('',#1970,#1978,#1980,.T.);
#1978 = VERTEX_POINT('',#1979);
#1979 = CARTESIAN_POINT('',(0.95,-0.2,0.25));
#1980 = CIRCLE('',#1981,0.1);
#1981 = AXIS2_PLACEMENT_3D('',#1982,#1983,#1984);
#1982 = CARTESIAN_POINT('',(1.05,-0.2,0.25));
#1983 = DIRECTION('',(-2.22044604925E-16,1.,0.));
#1984 = DIRECTION('',(-2.22044604925E-15,-4.93038065763E-31,-1.));
#1985 = ORIENTED_EDGE('',*,*,#1986,.T.);
#1986 = EDGE_CURVE('',#1978,#1987,#1989,.T.);
#1987 = VERTEX_POINT('',#1988);
#1988 = CARTESIAN_POINT('',(0.95,-0.2,0.475));
#1989 = LINE('',#1990,#1991);
#1990 = CARTESIAN_POINT('',(0.95,-0.2,0.25));
#1991 = VECTOR('',#1992,1.);
#1992 = DIRECTION('',(0.,0.,1.));
#1993 = ORIENTED_EDGE('',*,*,#1994,.T.);
#1994 = EDGE_CURVE('',#1987,#1484,#1995,.T.);
#1995 = CIRCLE('',#1996,0.25);
#1996 = AXIS2_PLACEMENT_3D('',#1997,#1998,#1999);
#1997 = CARTESIAN_POINT('',(0.7,-0.2,0.475));
#1998 = DIRECTION('',(2.22044604925E-16,-1.,0.));
#1999 = DIRECTION('',(1.,2.22044604925E-16,0.));
#2000 = PLANE('',#2001);
#2001 = AXIS2_PLACEMENT_3D('',#2002,#2003,#2004);
#2002 = CARTESIAN_POINT('',(0.923137815574,-0.2,0.325594341393));
#2003 = DIRECTION('',(2.22044604925E-16,-1.,0.));
#2004 = DIRECTION('',(0.,0.,1.));
#2005 = ADVANCED_FACE('',(#2006),#2030,.F.);
#2006 = FACE_BOUND('',#2007,.F.);
#2007 = EDGE_LOOP('',(#2008,#2016,#2017,#2024));
#2008 = ORIENTED_EDGE('',*,*,#2009,.F.);
#2009 = EDGE_CURVE('',#1484,#2010,#2012,.T.);
#2010 = VERTEX_POINT('',#2011);
#2011 = CARTESIAN_POINT('',(0.675,-0.2,0.725));
#2012 = LINE('',#2013,#2014);
#2013 = CARTESIAN_POINT('',(0.7,-0.2,0.725));
#2014 = VECTOR('',#2015,1.);
#2015 = DIRECTION('',(-1.,-2.22044604925E-16,0.));
#2016 = ORIENTED_EDGE('',*,*,#1499,.T.);
#2017 = ORIENTED_EDGE('',*,*,#2018,.T.);
#2018 = EDGE_CURVE('',#1493,#2019,#2021,.T.);
#2019 = VERTEX_POINT('',#2020);
#2020 = CARTESIAN_POINT('',(0.675,-1.3925,0.725));
#2021 = B_SPLINE_CURVE_WITH_KNOTS('',1,(#2022,#2023),.UNSPECIFIED.,.F.,
  .F.,(2,2),(0.,1.),.PIECEWISE_BEZIER_KNOTS.);
#2022 = CARTESIAN_POINT('',(0.7,-1.405,0.725));
#2023 = CARTESIAN_POINT('',(0.675,-1.3925,0.725));
#2024 = ORIENTED_EDGE('',*,*,#2025,.F.);
#2025 = EDGE_CURVE('',#2010,#2019,#2026,.T.);
#2026 = LINE('',#2027,#2028);
#2027 = CARTESIAN_POINT('',(0.675,1.3925,0.725));
#2028 = VECTOR('',#2029,1.);
#2029 = DIRECTION('',(2.22044604925E-16,-1.,0.));
#2030 = B_SPLINE_SURFACE_WITH_KNOTS('',1,1,(
    (#2031,#2032)
    ,(#2033,#2034
    )),.UNSPECIFIED.,.F.,.F.,.F.,(2,2),(2,2),(0.,2.81),(0.,1.),
  .PIECEWISE_BEZIER_KNOTS.);
#2031 = CARTESIAN_POINT('',(0.7,1.405,0.725));
#2032 = CARTESIAN_POINT('',(0.675,1.3925,0.725));
#2033 = CARTESIAN_POINT('',(0.7,-1.405,0.725));
#2034 = CARTESIAN_POINT('',(0.675,-1.3925,0.725));
#2035 = ADVANCED_FACE('',(#2036),#2047,.F.);
#2036 = FACE_BOUND('',#2037,.F.);
#2037 = EDGE_LOOP('',(#2038,#2039,#2040,#2046));
#2038 = ORIENTED_EDGE('',*,*,#1523,.T.);
#2039 = ORIENTED_EDGE('',*,*,#1936,.T.);
#2040 = ORIENTED_EDGE('',*,*,#2041,.F.);
#2041 = EDGE_CURVE('',#1862,#1937,#2042,.T.);
#2042 = LINE('',#2043,#2044);
#2043 = CARTESIAN_POINT('',(0.8,0.2,0.25));
#2044 = VECTOR('',#2045,1.);
#2045 = DIRECTION('',(2.22044604925E-16,-1.,0.));
#2046 = ORIENTED_EDGE('',*,*,#1861,.F.);
#2047 = PLANE('',#2048);
#2048 = AXIS2_PLACEMENT_3D('',#2049,#2050,#2051);
#2049 = CARTESIAN_POINT('',(0.8,0.2,0.475));
#2050 = DIRECTION('',(1.,2.22044604925E-16,0.));
#2051 = DIRECTION('',(0.,0.,-1.));
#2052 = ADVANCED_FACE('',(#2053),#2070,.F.);
#2053 = FACE_BOUND('',#2054,.F.);
#2054 = EDGE_LOOP('',(#2055,#2056,#2063,#2069));
#2055 = ORIENTED_EDGE('',*,*,#1554,.T.);
#2056 = ORIENTED_EDGE('',*,*,#2057,.T.);
#2057 = EDGE_CURVE('',#1548,#2058,#2060,.T.);
#2058 = VERTEX_POINT('',#2059);
#2059 = CARTESIAN_POINT('',(0.5925,-1.475,0.725));
#2060 = B_SPLINE_CURVE_WITH_KNOTS('',1,(#2061,#2062),.UNSPECIFIED.,.F.,
  .F.,(2,2),(0.,1.),.PIECEWISE_BEZIER_KNOTS.);
#2061 = CARTESIAN_POINT('',(0.605,-1.5,0.725));
#2062 = CARTESIAN_POINT('',(0.5925,-1.475,0.725));
#2063 = ORIENTED_EDGE('',*,*,#2064,.F.);
#2064 = EDGE_CURVE('',#2019,#2058,#2065,.T.);
#2065 = LINE('',#2066,#2067);
#2066 = CARTESIAN_POINT('',(0.675,-1.3925,0.725));
#2067 = VECTOR('',#2068,1.);
#2068 = DIRECTION('',(-0.707106781187,-0.707106781187,0.));
#2069 = ORIENTED_EDGE('',*,*,#2018,.F.);
#2070 = B_SPLINE_SURFACE_WITH_KNOTS('',1,1,(
    (#2071,#2072)
    ,(#2073,#2074
    )),.UNSPECIFIED.,.F.,.F.,.F.,(2,2),(2,2),(0.,0.134350288425),(0.,1.)
  ,.PIECEWISE_BEZIER_KNOTS.);
#2071 = CARTESIAN_POINT('',(0.7,-1.405,0.725));
#2072 = CARTESIAN_POINT('',(0.675,-1.3925,0.725));
#2073 = CARTESIAN_POINT('',(0.605,-1.5,0.725));
#2074 = CARTESIAN_POINT('',(0.5925,-1.475,0.725));
#2075 = ADVANCED_FACE('',(#2076),#2093,.F.);
#2076 = FACE_BOUND('',#2077,.F.);
#2077 = EDGE_LOOP('',(#2078,#2079,#2086,#2092));
#2078 = ORIENTED_EDGE('',*,*,#1577,.T.);
#2079 = ORIENTED_EDGE('',*,*,#2080,.T.);
#2080 = EDGE_CURVE('',#1571,#2081,#2083,.T.);
#2081 = VERTEX_POINT('',#2082);
#2082 = CARTESIAN_POINT('',(-0.5925,-1.475,0.725));
#2083 = B_SPLINE_CURVE_WITH_KNOTS('',1,(#2084,#2085),.UNSPECIFIED.,.F.,
  .F.,(2,2),(0.,1.),.PIECEWISE_BEZIER_KNOTS.);
#2084 = CARTESIAN_POINT('',(-0.605,-1.5,0.725));
#2085 = CARTESIAN_POINT('',(-0.5925,-1.475,0.725));
#2086 = ORIENTED_EDGE('',*,*,#2087,.F.);
#2087 = EDGE_CURVE('',#2058,#2081,#2088,.T.);
#2088 = LINE('',#2089,#2090);
#2089 = CARTESIAN_POINT('',(0.5925,-1.475,0.725));
#2090 = VECTOR('',#2091,1.);
#2091 = DIRECTION('',(-1.,-2.22044604925E-16,0.));
#2092 = ORIENTED_EDGE('',*,*,#2057,.F.);
#2093 = B_SPLINE_SURFACE_WITH_KNOTS('',1,1,(
    (#2094,#2095)
    ,(#2096,#2097
    )),.UNSPECIFIED.,.F.,.F.,.F.,(2,2),(2,2),(0.,1.21),(0.,1.),
  .PIECEWISE_BEZIER_KNOTS.);
#2094 = CARTESIAN_POINT('',(0.605,-1.5,0.725));
#2095 = CARTESIAN_POINT('',(0.5925,-1.475,0.725));
#2096 = CARTESIAN_POINT('',(-0.605,-1.5,0.725));
#2097 = CARTESIAN_POINT('',(-0.5925,-1.475,0.725));
#2098 = ADVANCED_FACE('',(#2099),#2116,.F.);
#2099 = FACE_BOUND('',#2100,.F.);
#2100 = EDGE_LOOP('',(#2101,#2102,#2109,#2115));
#2101 = ORIENTED_EDGE('',*,*,#1600,.T.);
#2102 = ORIENTED_EDGE('',*,*,#2103,.T.);
#2103 = EDGE_CURVE('',#1594,#2104,#2106,.T.);
#2104 = VERTEX_POINT('',#2105);
#2105 = CARTESIAN_POINT('',(-0.675,-1.3925,0.725));
#2106 = B_SPLINE_CURVE_WITH_KNOTS('',1,(#2107,#2108),.UNSPECIFIED.,.F.,
  .F.,(2,2),(0.,1.),.PIECEWISE_BEZIER_KNOTS.);
#2107 = CARTESIAN_POINT('',(-0.7,-1.405,0.725));
#2108 = CARTESIAN_POINT('',(-0.675,-1.3925,0.725));
#2109 = ORIENTED_EDGE('',*,*,#2110,.F.);
#2110 = EDGE_CURVE('',#2081,#2104,#2111,.T.);
#2111 = LINE('',#2112,#2113);
#2112 = CARTESIAN_POINT('',(-0.5925,-1.475,0.725));
#2113 = VECTOR('',#2114,1.);
#2114 = DIRECTION('',(-0.707106781187,0.707106781187,0.));
#2115 = ORIENTED_EDGE('',*,*,#2080,.F.);
#2116 = B_SPLINE_SURFACE_WITH_KNOTS('',1,1,(
    (#2117,#2118)
    ,(#2119,#2120
    )),.UNSPECIFIED.,.F.,.F.,.F.,(2,2),(2,2),(0.,0.134350288425),(0.,1.)
  ,.PIECEWISE_BEZIER_KNOTS.);
#2117 = CARTESIAN_POINT('',(-0.605,-1.5,0.725));
#2118 = CARTESIAN_POINT('',(-0.5925,-1.475,0.725));
#2119 = CARTESIAN_POINT('',(-0.7,-1.405,0.725));
#2120 = CARTESIAN_POINT('',(-0.675,-1.3925,0.725));
#2121 = ADVANCED_FACE('',(#2122),#2140,.F.);
#2122 = FACE_BOUND('',#2123,.F.);
#2123 = EDGE_LOOP('',(#2124,#2125,#2126,#2134));
#2124 = ORIENTED_EDGE('',*,*,#2103,.F.);
#2125 = ORIENTED_EDGE('',*,*,#1625,.T.);
#2126 = ORIENTED_EDGE('',*,*,#2127,.T.);
#2127 = EDGE_CURVE('',#1618,#2128,#2130,.T.);
#2128 = VERTEX_POINT('',#2129);
#2129 = CARTESIAN_POINT('',(-0.675,-1.15,0.725));
#2130 = LINE('',#2131,#2132);
#2131 = CARTESIAN_POINT('',(-0.7,-1.15,0.725));
#2132 = VECTOR('',#2133,1.);
#2133 = DIRECTION('',(1.,9.95799250103E-17,0.));
#2134 = ORIENTED_EDGE('',*,*,#2135,.F.);
#2135 = EDGE_CURVE('',#2104,#2128,#2136,.T.);
#2136 = LINE('',#2137,#2138);
#2137 = CARTESIAN_POINT('',(-0.675,-1.3925,0.725));
#2138 = VECTOR('',#2139,1.);
#2139 = DIRECTION('',(-2.22044604925E-16,1.,0.));
#2140 = B_SPLINE_SURFACE_WITH_KNOTS('',1,1,(
    (#2141,#2142)
    ,(#2143,#2144
    )),.UNSPECIFIED.,.F.,.F.,.F.,(2,2),(2,2),(0.,2.81),(0.,1.),
  .PIECEWISE_BEZIER_KNOTS.);
#2141 = CARTESIAN_POINT('',(-0.7,-1.405,0.725));
#2142 = CARTESIAN_POINT('',(-0.675,-1.3925,0.725));
#2143 = CARTESIAN_POINT('',(-0.7,1.405,0.725));
#2144 = CARTESIAN_POINT('',(-0.675,1.3925,0.725));
#2145 = ADVANCED_FACE('',(#2146),#2215,.F.);
#2146 = FACE_BOUND('',#2147,.F.);
#2147 = EDGE_LOOP('',(#2148,#2149,#2150,#2158,#2167,#2175,#2183,#2191,
    #2200,#2208));
#2148 = ORIENTED_EDGE('',*,*,#1617,.F.);
#2149 = ORIENTED_EDGE('',*,*,#1681,.T.);
#2150 = ORIENTED_EDGE('',*,*,#2151,.T.);
#2151 = EDGE_CURVE('',#1674,#2152,#2154,.T.);
#2152 = VERTEX_POINT('',#2153);
#2153 = CARTESIAN_POINT('',(-0.8,-1.15,0.25));
#2154 = LINE('',#2155,#2156);
#2155 = CARTESIAN_POINT('',(-0.8,-1.15,0.475));
#2156 = VECTOR('',#2157,1.);
#2157 = DIRECTION('',(-0.,0.,-1.));
#2158 = ORIENTED_EDGE('',*,*,#2159,.T.);
#2159 = EDGE_CURVE('',#2152,#2160,#2162,.T.);
#2160 = VERTEX_POINT('',#2161);
#2161 = CARTESIAN_POINT('',(-1.05,-1.15,0.));
#2162 = CIRCLE('',#2163,0.25);
#2163 = AXIS2_PLACEMENT_3D('',#2164,#2165,#2166);
#2164 = CARTESIAN_POINT('',(-1.05,-1.15,0.25));
#2165 = DIRECTION('',(-9.95799250103E-17,1.,0.));
#2166 = DIRECTION('',(1.,9.95799250103E-17,-4.440892098501E-16));
#2167 = ORIENTED_EDGE('',*,*,#2168,.T.);
#2168 = EDGE_CURVE('',#2160,#2169,#2171,.T.);
#2169 = VERTEX_POINT('',#2170);
#2170 = CARTESIAN_POINT('',(-1.25,-1.15,0.));
#2171 = LINE('',#2172,#2173);
#2172 = CARTESIAN_POINT('',(-1.05,-1.15,0.));
#2173 = VECTOR('',#2174,1.);
#2174 = DIRECTION('',(-1.,-9.95799250103E-17,0.));
#2175 = ORIENTED_EDGE('',*,*,#2176,.T.);
#2176 = EDGE_CURVE('',#2169,#2177,#2179,.T.);
#2177 = VERTEX_POINT('',#2178);
#2178 = CARTESIAN_POINT('',(-1.25,-1.15,0.15));
#2179 = LINE('',#2180,#2181);
#2180 = CARTESIAN_POINT('',(-1.25,-1.15,0.));
#2181 = VECTOR('',#2182,1.);
#2182 = DIRECTION('',(0.,0.,1.));
#2183 = ORIENTED_EDGE('',*,*,#2184,.T.);
#2184 = EDGE_CURVE('',#2177,#2185,#2187,.T.);
#2185 = VERTEX_POINT('',#2186);
#2186 = CARTESIAN_POINT('',(-1.05,-1.15,0.15));
#2187 = LINE('',#2188,#2189);
#2188 = CARTESIAN_POINT('',(-1.25,-1.15,0.15));
#2189 = VECTOR('',#2190,1.);
#2190 = DIRECTION('',(1.,9.95799250103E-17,0.));
#2191 = ORIENTED_EDGE('',*,*,#2192,.T.);
#2192 = EDGE_CURVE('',#2185,#2193,#2195,.T.);
#2193 = VERTEX_POINT('',#2194);
#2194 = CARTESIAN_POINT('',(-0.95,-1.15,0.25));
#2195 = CIRCLE('',#2196,0.1);
#2196 = AXIS2_PLACEMENT_3D('',#2197,#2198,#2199);
#2197 = CARTESIAN_POINT('',(-1.05,-1.15,0.25));
#2198 = DIRECTION('',(9.95799250103E-17,-1.,0.));
#2199 = DIRECTION('',(2.22044604925E-15,2.211118510737E-31,-1.));
#2200 = ORIENTED_EDGE('',*,*,#2201,.T.);
#2201 = EDGE_CURVE('',#2193,#2202,#2204,.T.);
#2202 = VERTEX_POINT('',#2203);
#2203 = CARTESIAN_POINT('',(-0.95,-1.15,0.475));
#2204 = LINE('',#2205,#2206);
#2205 = CARTESIAN_POINT('',(-0.95,-1.15,0.25));
#2206 = VECTOR('',#2207,1.);
#2207 = DIRECTION('',(0.,0.,1.));
#2208 = ORIENTED_EDGE('',*,*,#2209,.T.);
#2209 = EDGE_CURVE('',#2202,#1618,#2210,.T.);
#2210 = CIRCLE('',#2211,0.25);
#2211 = AXIS2_PLACEMENT_3D('',#2212,#2213,#2214);
#2212 = CARTESIAN_POINT('',(-0.7,-1.15,0.475));
#2213 = DIRECTION('',(-9.95799250103E-17,1.,0.));
#2214 = DIRECTION('',(-1.,-9.95799250103E-17,0.));
#2215 = PLANE('',#2216);
#2216 = AXIS2_PLACEMENT_3D('',#2217,#2218,#2219);
#2217 = CARTESIAN_POINT('',(-0.923137815574,-1.15,0.325594341393));
#2218 = DIRECTION('',(-9.95799250103E-17,1.,0.));
#2219 = DIRECTION('',(0.,0.,1.));
#2220 = ADVANCED_FACE('',(#2221),#2290,.T.);
#2221 = FACE_BOUND('',#2222,.T.);
#2222 = EDGE_LOOP('',(#2223,#2224,#2225,#2233,#2242,#2250,#2258,#2266,
    #2275,#2283));
#2223 = ORIENTED_EDGE('',*,*,#1639,.F.);
#2224 = ORIENTED_EDGE('',*,*,#1697,.T.);
#2225 = ORIENTED_EDGE('',*,*,#2226,.T.);
#2226 = EDGE_CURVE('',#1698,#2227,#2229,.T.);
#2227 = VERTEX_POINT('',#2228);
#2228 = CARTESIAN_POINT('',(-0.8,1.15,0.25));
#2229 = LINE('',#2230,#2231);
#2230 = CARTESIAN_POINT('',(-0.8,1.15,0.475));
#2231 = VECTOR('',#2232,1.);
#2232 = DIRECTION('',(-0.,0.,-1.));
#2233 = ORIENTED_EDGE('',*,*,#2234,.T.);
#2234 = EDGE_CURVE('',#2227,#2235,#2237,.T.);
#2235 = VERTEX_POINT('',#2236);
#2236 = CARTESIAN_POINT('',(-1.05,1.15,0.));
#2237 = CIRCLE('',#2238,0.25);
#2238 = AXIS2_PLACEMENT_3D('',#2239,#2240,#2241);
#2239 = CARTESIAN_POINT('',(-1.05,1.15,0.25));
#2240 = DIRECTION('',(-9.95799250103E-17,1.,0.));
#2241 = DIRECTION('',(1.,9.95799250103E-17,-4.440892098501E-16));
#2242 = ORIENTED_EDGE('',*,*,#2243,.T.);
#2243 = EDGE_CURVE('',#2235,#2244,#2246,.T.);
#2244 = VERTEX_POINT('',#2245);
#2245 = CARTESIAN_POINT('',(-1.25,1.15,0.));
#2246 = LINE('',#2247,#2248);
#2247 = CARTESIAN_POINT('',(-1.05,1.15,0.));
#2248 = VECTOR('',#2249,1.);
#2249 = DIRECTION('',(-1.,-9.95799250103E-17,0.));
#2250 = ORIENTED_EDGE('',*,*,#2251,.T.);
#2251 = EDGE_CURVE('',#2244,#2252,#2254,.T.);
#2252 = VERTEX_POINT('',#2253);
#2253 = CARTESIAN_POINT('',(-1.25,1.15,0.15));
#2254 = LINE('',#2255,#2256);
#2255 = CARTESIAN_POINT('',(-1.25,1.15,0.));
#2256 = VECTOR('',#2257,1.);
#2257 = DIRECTION('',(0.,0.,1.));
#2258 = ORIENTED_EDGE('',*,*,#2259,.T.);
#2259 = EDGE_CURVE('',#2252,#2260,#2262,.T.);
#2260 = VERTEX_POINT('',#2261);
#2261 = CARTESIAN_POINT('',(-1.05,1.15,0.15));
#2262 = LINE('',#2263,#2264);
#2263 = CARTESIAN_POINT('',(-1.25,1.15,0.15));
#2264 = VECTOR('',#2265,1.);
#2265 = DIRECTION('',(1.,9.95799250103E-17,0.));
#2266 = ORIENTED_EDGE('',*,*,#2267,.T.);
#2267 = EDGE_CURVE('',#2260,#2268,#2270,.T.);
#2268 = VERTEX_POINT('',#2269);
#2269 = CARTESIAN_POINT('',(-0.95,1.15,0.25));
#2270 = CIRCLE('',#2271,0.1);
#2271 = AXIS2_PLACEMENT_3D('',#2272,#2273,#2274);
#2272 = CARTESIAN_POINT('',(-1.05,1.15,0.25));
#2273 = DIRECTION('',(9.95799250103E-17,-1.,0.));
#2274 = DIRECTION('',(2.22044604925E-15,2.211118510737E-31,-1.));
#2275 = ORIENTED_EDGE('',*,*,#2276,.T.);
#2276 = EDGE_CURVE('',#2268,#2277,#2279,.T.);
#2277 = VERTEX_POINT('',#2278);
#2278 = CARTESIAN_POINT('',(-0.95,1.15,0.475));
#2279 = LINE('',#2280,#2281);
#2280 = CARTESIAN_POINT('',(-0.95,1.15,0.25));
#2281 = VECTOR('',#2282,1.);
#2282 = DIRECTION('',(0.,0.,1.));
#2283 = ORIENTED_EDGE('',*,*,#2284,.T.);
#2284 = EDGE_CURVE('',#2277,#1640,#2285,.T.);
#2285 = CIRCLE('',#2286,0.25);
#2286 = AXIS2_PLACEMENT_3D('',#2287,#2288,#2289);
#2287 = CARTESIAN_POINT('',(-0.7,1.15,0.475));
#2288 = DIRECTION('',(-9.95799250103E-17,1.,0.));
#2289 = DIRECTION('',(-1.,-9.95799250103E-17,0.));
#2290 = PLANE('',#2291);
#2291 = AXIS2_PLACEMENT_3D('',#2292,#2293,#2294);
#2292 = CARTESIAN_POINT('',(-0.923137815574,1.15,0.325594341393));
#2293 = DIRECTION('',(-9.95799250103E-17,1.,0.));
#2294 = DIRECTION('',(0.,0.,1.));
#2295 = ADVANCED_FACE('',(#2296),#2314,.F.);
#2296 = FACE_BOUND('',#2297,.F.);
#2297 = EDGE_LOOP('',(#2298,#2306,#2307,#2308));
#2298 = ORIENTED_EDGE('',*,*,#2299,.F.);
#2299 = EDGE_CURVE('',#1640,#2300,#2302,.T.);
#2300 = VERTEX_POINT('',#2301);
#2301 = CARTESIAN_POINT('',(-0.675,1.15,0.725));
#2302 = LINE('',#2303,#2304);
#2303 = CARTESIAN_POINT('',(-0.7,1.15,0.725));
#2304 = VECTOR('',#2305,1.);
#2305 = DIRECTION('',(1.,9.95799250103E-17,0.));
#2306 = ORIENTED_EDGE('',*,*,#1649,.T.);
#2307 = ORIENTED_EDGE('',*,*,#1822,.T.);
#2308 = ORIENTED_EDGE('',*,*,#2309,.F.);
#2309 = EDGE_CURVE('',#2300,#1815,#2310,.T.);
#2310 = LINE('',#2311,#2312);
#2311 = CARTESIAN_POINT('',(-0.675,-1.3925,0.725));
#2312 = VECTOR('',#2313,1.);
#2313 = DIRECTION('',(-2.22044604925E-16,1.,0.));
#2314 = B_SPLINE_SURFACE_WITH_KNOTS('',1,1,(
    (#2315,#2316)
    ,(#2317,#2318
    )),.UNSPECIFIED.,.F.,.F.,.F.,(2,2),(2,2),(0.,2.81),(0.,1.),
  .PIECEWISE_BEZIER_KNOTS.);
#2315 = CARTESIAN_POINT('',(-0.7,-1.405,0.725));
#2316 = CARTESIAN_POINT('',(-0.675,-1.3925,0.725));
#2317 = CARTESIAN_POINT('',(-0.7,1.405,0.725));
#2318 = CARTESIAN_POINT('',(-0.675,1.3925,0.725));
#2319 = ADVANCED_FACE('',(#2320),#2389,.T.);
#2320 = FACE_BOUND('',#2321,.T.);
#2321 = EDGE_LOOP('',(#2322,#2323,#2324,#2332,#2341,#2349,#2357,#2365,
    #2374,#2382));
#2322 = ORIENTED_EDGE('',*,*,#1729,.F.);
#2323 = ORIENTED_EDGE('',*,*,#1664,.T.);
#2324 = ORIENTED_EDGE('',*,*,#2325,.T.);
#2325 = EDGE_CURVE('',#1665,#2326,#2328,.T.);
#2326 = VERTEX_POINT('',#2327);
#2327 = CARTESIAN_POINT('',(-0.8,-0.75,0.25));
#2328 = LINE('',#2329,#2330);
#2329 = CARTESIAN_POINT('',(-0.8,-0.75,0.475));
#2330 = VECTOR('',#2331,1.);
#2331 = DIRECTION('',(-0.,0.,-1.));
#2332 = ORIENTED_EDGE('',*,*,#2333,.T.);
#2333 = EDGE_CURVE('',#2326,#2334,#2336,.T.);
#2334 = VERTEX_POINT('',#2335);
#2335 = CARTESIAN_POINT('',(-1.05,-0.75,0.));
#2336 = CIRCLE('',#2337,0.25);
#2337 = AXIS2_PLACEMENT_3D('',#2338,#2339,#2340);
#2338 = CARTESIAN_POINT('',(-1.05,-0.75,0.25));
#2339 = DIRECTION('',(-9.95799250103E-17,1.,0.));
#2340 = DIRECTION('',(1.,9.95799250103E-17,-4.440892098501E-16));
#2341 = ORIENTED_EDGE('',*,*,#2342,.T.);
#2342 = EDGE_CURVE('',#2334,#2343,#2345,.T.);
#2343 = VERTEX_POINT('',#2344);
#2344 = CARTESIAN_POINT('',(-1.25,-0.75,0.));
#2345 = LINE('',#2346,#2347);
#2346 = CARTESIAN_POINT('',(-1.05,-0.75,0.));
#2347 = VECTOR('',#2348,1.);
#2348 = DIRECTION('',(-1.,-9.95799250103E-17,0.));
#2349 = ORIENTED_EDGE('',*,*,#2350,.T.);
#2350 = EDGE_CURVE('',#2343,#2351,#2353,.T.);
#2351 = VERTEX_POINT('',#2352);
#2352 = CARTESIAN_POINT('',(-1.25,-0.75,0.15));
#2353 = LINE('',#2354,#2355);
#2354 = CARTESIAN_POINT('',(-1.25,-0.75,0.));
#2355 = VECTOR('',#2356,1.);
#2356 = DIRECTION('',(0.,0.,1.));
#2357 = ORIENTED_EDGE('',*,*,#2358,.T.);
#2358 = EDGE_CURVE('',#2351,#2359,#2361,.T.);
#2359 = VERTEX_POINT('',#2360);
#2360 = CARTESIAN_POINT('',(-1.05,-0.75,0.15));
#2361 = LINE('',#2362,#2363);
#2362 = CARTESIAN_POINT('',(-1.25,-0.75,0.15));
#2363 = VECTOR('',#2364,1.);
#2364 = DIRECTION('',(1.,9.95799250103E-17,0.));
#2365 = ORIENTED_EDGE('',*,*,#2366,.T.);
#2366 = EDGE_CURVE('',#2359,#2367,#2369,.T.);
#2367 = VERTEX_POINT('',#2368);
#2368 = CARTESIAN_POINT('',(-0.95,-0.75,0.25));
#2369 = CIRCLE('',#2370,0.1);
#2370 = AXIS2_PLACEMENT_3D('',#2371,#2372,#2373);
#2371 = CARTESIAN_POINT('',(-1.05,-0.75,0.25));
#2372 = DIRECTION('',(9.95799250103E-17,-1.,0.));
#2373 = DIRECTION('',(2.22044604925E-15,2.211118510737E-31,-1.));
#2374 = ORIENTED_EDGE('',*,*,#2375,.T.);
#2375 = EDGE_CURVE('',#2367,#2376,#2378,.T.);
#2376 = VERTEX_POINT('',#2377);
#2377 = CARTESIAN_POINT('',(-0.95,-0.75,0.475));
#2378 = LINE('',#2379,#2380);
#2379 = CARTESIAN_POINT('',(-0.95,-0.75,0.25));
#2380 = VECTOR('',#2381,1.);
#2381 = DIRECTION('',(0.,0.,1.));
#2382 = ORIENTED_EDGE('',*,*,#2383,.T.);
#2383 = EDGE_CURVE('',#2376,#1730,#2384,.T.);
#2384 = CIRCLE('',#2385,0.25);
#2385 = AXIS2_PLACEMENT_3D('',#2386,#2387,#2388);
#2386 = CARTESIAN_POINT('',(-0.7,-0.75,0.475));
#2387 = DIRECTION('',(-9.95799250103E-17,1.,0.));
#2388 = DIRECTION('',(-1.,-9.95799250103E-17,0.));
#2389 = PLANE('',#2390);
#2390 = AXIS2_PLACEMENT_3D('',#2391,#2392,#2393);
#2391 = CARTESIAN_POINT('',(-0.923137815574,-0.75,0.325594341393));
#2392 = DIRECTION('',(-9.95799250103E-17,1.,0.));
#2393 = DIRECTION('',(0.,0.,1.));
#2394 = ADVANCED_FACE('',(#2395),#2406,.F.);
#2395 = FACE_BOUND('',#2396,.F.);
#2396 = EDGE_LOOP('',(#2397,#2398,#2399,#2405));
#2397 = ORIENTED_EDGE('',*,*,#1673,.T.);
#2398 = ORIENTED_EDGE('',*,*,#2325,.T.);
#2399 = ORIENTED_EDGE('',*,*,#2400,.F.);
#2400 = EDGE_CURVE('',#2152,#2326,#2401,.T.);
#2401 = LINE('',#2402,#2403);
#2402 = CARTESIAN_POINT('',(-0.8,-1.15,0.25));
#2403 = VECTOR('',#2404,1.);
#2404 = DIRECTION('',(-9.95799250103E-17,1.,0.));
#2405 = ORIENTED_EDGE('',*,*,#2151,.F.);
#2406 = PLANE('',#2407);
#2407 = AXIS2_PLACEMENT_3D('',#2408,#2409,#2410);
#2408 = CARTESIAN_POINT('',(-0.8,-1.15,0.475));
#2409 = DIRECTION('',(-1.,-9.95799250103E-17,0.));
#2410 = DIRECTION('',(-0.,0.,-1.));
#2411 = ADVANCED_FACE('',(#2412),#2481,.F.);
#2412 = FACE_BOUND('',#2413,.F.);
#2413 = EDGE_LOOP('',(#2414,#2415,#2416,#2424,#2433,#2441,#2449,#2457,
    #2466,#2474));
#2414 = ORIENTED_EDGE('',*,*,#1738,.F.);
#2415 = ORIENTED_EDGE('',*,*,#1714,.T.);
#2416 = ORIENTED_EDGE('',*,*,#2417,.T.);
#2417 = EDGE_CURVE('',#1707,#2418,#2420,.T.);
#2418 = VERTEX_POINT('',#2419);
#2419 = CARTESIAN_POINT('',(-0.8,0.75,0.25));
#2420 = LINE('',#2421,#2422);
#2421 = CARTESIAN_POINT('',(-0.8,0.75,0.475));
#2422 = VECTOR('',#2423,1.);
#2423 = DIRECTION('',(-0.,0.,-1.));
#2424 = ORIENTED_EDGE('',*,*,#2425,.T.);
#2425 = EDGE_CURVE('',#2418,#2426,#2428,.T.);
#2426 = VERTEX_POINT('',#2427);
#2427 = CARTESIAN_POINT('',(-1.05,0.75,0.));
#2428 = CIRCLE('',#2429,0.25);
#2429 = AXIS2_PLACEMENT_3D('',#2430,#2431,#2432);
#2430 = CARTESIAN_POINT('',(-1.05,0.75,0.25));
#2431 = DIRECTION('',(-9.95799250103E-17,1.,0.));
#2432 = DIRECTION('',(1.,9.95799250103E-17,-4.440892098501E-16));
#2433 = ORIENTED_EDGE('',*,*,#2434,.T.);
#2434 = EDGE_CURVE('',#2426,#2435,#2437,.T.);
#2435 = VERTEX_POINT('',#2436);
#2436 = CARTESIAN_POINT('',(-1.25,0.75,0.));
#2437 = LINE('',#2438,#2439);
#2438 = CARTESIAN_POINT('',(-1.05,0.75,0.));
#2439 = VECTOR('',#2440,1.);
#2440 = DIRECTION('',(-1.,-9.95799250103E-17,0.));
#2441 = ORIENTED_EDGE('',*,*,#2442,.T.);
#2442 = EDGE_CURVE('',#2435,#2443,#2445,.T.);
#2443 = VERTEX_POINT('',#2444);
#2444 = CARTESIAN_POINT('',(-1.25,0.75,0.15));
#2445 = LINE('',#2446,#2447);
#2446 = CARTESIAN_POINT('',(-1.25,0.75,0.));
#2447 = VECTOR('',#2448,1.);
#2448 = DIRECTION('',(0.,0.,1.));
#2449 = ORIENTED_EDGE('',*,*,#2450,.T.);
#2450 = EDGE_CURVE('',#2443,#2451,#2453,.T.);
#2451 = VERTEX_POINT('',#2452);
#2452 = CARTESIAN_POINT('',(-1.05,0.75,0.15));
#2453 = LINE('',#2454,#2455);
#2454 = CARTESIAN_POINT('',(-1.25,0.75,0.15));
#2455 = VECTOR('',#2456,1.);
#2456 = DIRECTION('',(1.,9.95799250103E-17,0.));
#2457 = ORIENTED_EDGE('',*,*,#2458,.T.);
#2458 = EDGE_CURVE('',#2451,#2459,#2461,.T.);
#2459 = VERTEX_POINT('',#2460);
#2460 = CARTESIAN_POINT('',(-0.95,0.75,0.25));
#2461 = CIRCLE('',#2462,0.1);
#2462 = AXIS2_PLACEMENT_3D('',#2463,#2464,#2465);
#2463 = CARTESIAN_POINT('',(-1.05,0.75,0.25));
#2464 = DIRECTION('',(9.95799250103E-17,-1.,0.));
#2465 = DIRECTION('',(2.22044604925E-15,2.211118510737E-31,-1.));
#2466 = ORIENTED_EDGE('',*,*,#2467,.T.);
#2467 = EDGE_CURVE('',#2459,#2468,#2470,.T.);
#2468 = VERTEX_POINT('',#2469);
#2469 = CARTESIAN_POINT('',(-0.95,0.75,0.475));
#2470 = LINE('',#2471,#2472);
#2471 = CARTESIAN_POINT('',(-0.95,0.75,0.25));
#2472 = VECTOR('',#2473,1.);
#2473 = DIRECTION('',(0.,0.,1.));
#2474 = ORIENTED_EDGE('',*,*,#2475,.T.);
#2475 = EDGE_CURVE('',#2468,#1739,#2476,.T.);
#2476 = CIRCLE('',#2477,0.25);
#2477 = AXIS2_PLACEMENT_3D('',#2478,#2479,#2480);
#2478 = CARTESIAN_POINT('',(-0.7,0.75,0.475));
#2479 = DIRECTION('',(-9.95799250103E-17,1.,0.));
#2480 = DIRECTION('',(-1.,-9.95799250103E-17,0.));
#2481 = PLANE('',#2482);
#2482 = AXIS2_PLACEMENT_3D('',#2483,#2484,#2485);
#2483 = CARTESIAN_POINT('',(-0.923137815574,0.75,0.325594341393));
#2484 = DIRECTION('',(-9.95799250103E-17,1.,0.));
#2485 = DIRECTION('',(0.,0.,1.));
#2486 = ADVANCED_FACE('',(#2487),#2498,.F.);
#2487 = FACE_BOUND('',#2488,.F.);
#2488 = EDGE_LOOP('',(#2489,#2490,#2491,#2497));
#2489 = ORIENTED_EDGE('',*,*,#1706,.T.);
#2490 = ORIENTED_EDGE('',*,*,#2226,.T.);
#2491 = ORIENTED_EDGE('',*,*,#2492,.F.);
#2492 = EDGE_CURVE('',#2418,#2227,#2493,.T.);
#2493 = LINE('',#2494,#2495);
#2494 = CARTESIAN_POINT('',(-0.8,0.75,0.25));
#2495 = VECTOR('',#2496,1.);
#2496 = DIRECTION('',(-9.95799250103E-17,1.,0.));
#2497 = ORIENTED_EDGE('',*,*,#2417,.F.);
#2498 = PLANE('',#2499);
#2499 = AXIS2_PLACEMENT_3D('',#2500,#2501,#2502);
#2500 = CARTESIAN_POINT('',(-0.8,0.75,0.475));
#2501 = DIRECTION('',(-1.,-9.95799250103E-17,0.));
#2502 = DIRECTION('',(-0.,0.,-1.));
#2503 = ADVANCED_FACE('',(#2504),#2529,.F.);
#2504 = FACE_BOUND('',#2505,.F.);
#2505 = EDGE_LOOP('',(#2506,#2514,#2515,#2523));
#2506 = ORIENTED_EDGE('',*,*,#2507,.F.);
#2507 = EDGE_CURVE('',#1730,#2508,#2510,.T.);
#2508 = VERTEX_POINT('',#2509);
#2509 = CARTESIAN_POINT('',(-0.675,-0.75,0.725));
#2510 = LINE('',#2511,#2512);
#2511 = CARTESIAN_POINT('',(-0.7,-0.75,0.725));
#2512 = VECTOR('',#2513,1.);
#2513 = DIRECTION('',(1.,9.95799250103E-17,0.));
#2514 = ORIENTED_EDGE('',*,*,#1746,.T.);
#2515 = ORIENTED_EDGE('',*,*,#2516,.T.);
#2516 = EDGE_CURVE('',#1739,#2517,#2519,.T.);
#2517 = VERTEX_POINT('',#2518);
#2518 = CARTESIAN_POINT('',(-0.675,0.75,0.725));
#2519 = LINE('',#2520,#2521);
#2520 = CARTESIAN_POINT('',(-0.7,0.75,0.725));
#2521 = VECTOR('',#2522,1.);
#2522 = DIRECTION('',(1.,9.95799250103E-17,0.));
#2523 = ORIENTED_EDGE('',*,*,#2524,.F.);
#2524 = EDGE_CURVE('',#2508,#2517,#2525,.T.);
#2525 = LINE('',#2526,#2527);
#2526 = CARTESIAN_POINT('',(-0.675,-1.3925,0.725));
#2527 = VECTOR('',#2528,1.);
#2528 = DIRECTION('',(-2.22044604925E-16,1.,0.));
#2529 = B_SPLINE_SURFACE_WITH_KNOTS('',1,1,(
    (#2530,#2531)
    ,(#2532,#2533
    )),.UNSPECIFIED.,.F.,.F.,.F.,(2,2),(2,2),(0.,2.81),(0.,1.),
  .PIECEWISE_BEZIER_KNOTS.);
#2530 = CARTESIAN_POINT('',(-0.7,-1.405,0.725));
#2531 = CARTESIAN_POINT('',(-0.675,-1.3925,0.725));
#2532 = CARTESIAN_POINT('',(-0.7,1.405,0.725));
#2533 = CARTESIAN_POINT('',(-0.675,1.3925,0.725));
#2534 = ADVANCED_FACE('',(#2535),#2552,.F.);
#2535 = FACE_BOUND('',#2536,.F.);
#2536 = EDGE_LOOP('',(#2537,#2538,#2545,#2551));
#2537 = ORIENTED_EDGE('',*,*,#1768,.T.);
#2538 = ORIENTED_EDGE('',*,*,#2539,.T.);
#2539 = EDGE_CURVE('',#1762,#2540,#2542,.T.);
#2540 = VERTEX_POINT('',#2541);
#2541 = CARTESIAN_POINT('',(0.608243103516,1.359121551758,1.2));
#2542 = B_SPLINE_CURVE_WITH_KNOTS('',1,(#2543,#2544),.UNSPECIFIED.,.F.,
  .F.,(2,2),(0.,1.),.PIECEWISE_BEZIER_KNOTS.);
#2543 = CARTESIAN_POINT('',(0.675,1.3925,0.725));
#2544 = CARTESIAN_POINT('',(0.608243103516,1.359121551758,1.2));
#2545 = ORIENTED_EDGE('',*,*,#2546,.F.);
#2546 = EDGE_CURVE('',#1785,#2540,#2547,.T.);
#2547 = LINE('',#2548,#2549);
#2548 = CARTESIAN_POINT('',(0.559121551758,1.408243103516,1.2));
#2549 = VECTOR('',#2550,1.);
#2550 = DIRECTION('',(0.707106781187,-0.707106781187,0.));
#2551 = ORIENTED_EDGE('',*,*,#1784,.F.);
#2552 = B_SPLINE_SURFACE_WITH_KNOTS('',1,1,(
    (#2553,#2554)
    ,(#2555,#2556
    )),.UNSPECIFIED.,.F.,.F.,.F.,(2,2),(2,2),(0.,0.116672618896),(0.,1.)
  ,.PIECEWISE_BEZIER_KNOTS.);
#2553 = CARTESIAN_POINT('',(0.5925,1.475,0.725));
#2554 = CARTESIAN_POINT('',(0.559121551758,1.408243103516,1.2));
#2555 = CARTESIAN_POINT('',(0.675,1.3925,0.725));
#2556 = CARTESIAN_POINT('',(0.608243103516,1.359121551758,1.2));
#2557 = ADVANCED_FACE('',(#2558),#2608,.T.);
#2558 = FACE_BOUND('',#2559,.F.);
#2559 = EDGE_LOOP('',(#2560,#2561,#2562,#2570,#2578,#2586,#2594,#2602));
#2560 = ORIENTED_EDGE('',*,*,#1791,.T.);
#2561 = ORIENTED_EDGE('',*,*,#2546,.T.);
#2562 = ORIENTED_EDGE('',*,*,#2563,.T.);
#2563 = EDGE_CURVE('',#2540,#2564,#2566,.T.);
#2564 = VERTEX_POINT('',#2565);
#2565 = CARTESIAN_POINT('',(0.608243103516,-1.359121551758,1.2));
#2566 = LINE('',#2567,#2568);
#2567 = CARTESIAN_POINT('',(0.608243103516,1.359121551758,1.2));
#2568 = VECTOR('',#2569,1.);
#2569 = DIRECTION('',(2.22044604925E-16,-1.,0.));
#2570 = ORIENTED_EDGE('',*,*,#2571,.T.);
#2571 = EDGE_CURVE('',#2564,#2572,#2574,.T.);
#2572 = VERTEX_POINT('',#2573);
#2573 = CARTESIAN_POINT('',(0.559121551758,-1.408243103516,1.2));
#2574 = LINE('',#2575,#2576);
#2575 = CARTESIAN_POINT('',(0.608243103516,-1.359121551758,1.2));
#2576 = VECTOR('',#2577,1.);
#2577 = DIRECTION('',(-0.707106781187,-0.707106781187,0.));
#2578 = ORIENTED_EDGE('',*,*,#2579,.T.);
#2579 = EDGE_CURVE('',#2572,#2580,#2582,.T.);
#2580 = VERTEX_POINT('',#2581);
#2581 = CARTESIAN_POINT('',(-0.559121551758,-1.408243103516,1.2));
#2582 = LINE('',#2583,#2584);
#2583 = CARTESIAN_POINT('',(0.559121551758,-1.408243103516,1.2));
#2584 = VECTOR('',#2585,1.);
#2585 = DIRECTION('',(-1.,-2.22044604925E-16,0.));
#2586 = ORIENTED_EDGE('',*,*,#2587,.T.);
#2587 = EDGE_CURVE('',#2580,#2588,#2590,.T.);
#2588 = VERTEX_POINT('',#2589);
#2589 = CARTESIAN_POINT('',(-0.608243103516,-1.359121551758,1.2));
#2590 = LINE('',#2591,#2592);
#2591 = CARTESIAN_POINT('',(-0.559121551758,-1.408243103516,1.2));
#2592 = VECTOR('',#2593,1.);
#2593 = DIRECTION('',(-0.707106781187,0.707106781187,0.));
#2594 = ORIENTED_EDGE('',*,*,#2595,.T.);
#2595 = EDGE_CURVE('',#2588,#2596,#2598,.T.);
#2596 = VERTEX_POINT('',#2597);
#2597 = CARTESIAN_POINT('',(-0.608243103516,1.359121551758,1.2));
#2598 = LINE('',#2599,#2600);
#2599 = CARTESIAN_POINT('',(-0.608243103516,-1.359121551758,1.2));
#2600 = VECTOR('',#2601,1.);
#2601 = DIRECTION('',(-2.22044604925E-16,1.,0.));
#2602 = ORIENTED_EDGE('',*,*,#2603,.T.);
#2603 = EDGE_CURVE('',#2596,#1792,#2604,.T.);
#2604 = LINE('',#2605,#2606);
#2605 = CARTESIAN_POINT('',(-0.608243103516,1.359121551758,1.2));
#2606 = VECTOR('',#2607,1.);
#2607 = DIRECTION('',(0.707106781187,0.707106781187,0.));
#2608 = PLANE('',#2609);
#2609 = AXIS2_PLACEMENT_3D('',#2610,#2611,#2612);
#2610 = CARTESIAN_POINT('',(-0.559121551758,1.408243103516,1.2));
#2611 = DIRECTION('',(0.,0.,1.));
#2612 = DIRECTION('',(0.369013679242,-0.929423963825,0.));
#2613 = ADVANCED_FACE('',(#2614),#2624,.F.);
#2614 = FACE_BOUND('',#2615,.F.);
#2615 = EDGE_LOOP('',(#2616,#2617,#2618,#2619));
#2616 = ORIENTED_EDGE('',*,*,#1814,.T.);
#2617 = ORIENTED_EDGE('',*,*,#1799,.T.);
#2618 = ORIENTED_EDGE('',*,*,#2603,.F.);
#2619 = ORIENTED_EDGE('',*,*,#2620,.F.);
#2620 = EDGE_CURVE('',#1815,#2596,#2621,.T.);
#2621 = B_SPLINE_CURVE_WITH_KNOTS('',1,(#2622,#2623),.UNSPECIFIED.,.F.,
  .F.,(2,2),(0.,1.),.PIECEWISE_BEZIER_KNOTS.);
#2622 = CARTESIAN_POINT('',(-0.675,1.3925,0.725));
#2623 = CARTESIAN_POINT('',(-0.608243103516,1.359121551758,1.2));
#2624 = B_SPLINE_SURFACE_WITH_KNOTS('',1,1,(
    (#2625,#2626)
    ,(#2627,#2628
    )),.UNSPECIFIED.,.F.,.F.,.F.,(2,2),(2,2),(0.,0.116672618896),(0.,1.)
  ,.PIECEWISE_BEZIER_KNOTS.);
#2625 = CARTESIAN_POINT('',(-0.675,1.3925,0.725));
#2626 = CARTESIAN_POINT('',(-0.608243103516,1.359121551758,1.2));
#2627 = CARTESIAN_POINT('',(-0.5925,1.475,0.725));
#2628 = CARTESIAN_POINT('',(-0.559121551758,1.408243103516,1.2));
#2629 = ADVANCED_FACE('',(#2630),#2647,.F.);
#2630 = FACE_BOUND('',#2631,.F.);
#2631 = EDGE_LOOP('',(#2632,#2633,#2639,#2640,#2645,#2646));
#2632 = ORIENTED_EDGE('',*,*,#1845,.T.);
#2633 = ORIENTED_EDGE('',*,*,#2634,.T.);
#2634 = EDGE_CURVE('',#1838,#2010,#2635,.T.);
#2635 = LINE('',#2636,#2637);
#2636 = CARTESIAN_POINT('',(0.675,1.3925,0.725));
#2637 = VECTOR('',#2638,1.);
#2638 = DIRECTION('',(2.22044604925E-16,-1.,0.));
#2639 = ORIENTED_EDGE('',*,*,#2025,.T.);
#2640 = ORIENTED_EDGE('',*,*,#2641,.T.);
#2641 = EDGE_CURVE('',#2019,#2564,#2642,.T.);
#2642 = B_SPLINE_CURVE_WITH_KNOTS('',1,(#2643,#2644),.UNSPECIFIED.,.F.,
  .F.,(2,2),(0.,1.),.PIECEWISE_BEZIER_KNOTS.);
#2643 = CARTESIAN_POINT('',(0.675,-1.3925,0.725));
#2644 = CARTESIAN_POINT('',(0.608243103516,-1.359121551758,1.2));
#2645 = ORIENTED_EDGE('',*,*,#2563,.F.);
#2646 = ORIENTED_EDGE('',*,*,#2539,.F.);
#2647 = B_SPLINE_SURFACE_WITH_KNOTS('',1,1,(
    (#2648,#2649)
    ,(#2650,#2651
    )),.UNSPECIFIED.,.F.,.F.,.F.,(2,2),(2,2),(0.,2.785),(0.,1.),
  .PIECEWISE_BEZIER_KNOTS.);
#2648 = CARTESIAN_POINT('',(0.675,1.3925,0.725));
#2649 = CARTESIAN_POINT('',(0.608243103516,1.359121551758,1.2));
#2650 = CARTESIAN_POINT('',(0.675,-1.3925,0.725));
#2651 = CARTESIAN_POINT('',(0.608243103516,-1.359121551758,1.2));
#2652 = ADVANCED_FACE('',(#2653),#2664,.F.);
#2653 = FACE_BOUND('',#2654,.F.);
#2654 = EDGE_LOOP('',(#2655,#2656,#2662,#2663));
#2655 = ORIENTED_EDGE('',*,*,#1837,.F.);
#2656 = ORIENTED_EDGE('',*,*,#2657,.T.);
#2657 = EDGE_CURVE('',#1462,#1484,#2658,.T.);
#2658 = LINE('',#2659,#2660);
#2659 = CARTESIAN_POINT('',(0.7,0.2,0.725));
#2660 = VECTOR('',#2661,1.);
#2661 = DIRECTION('',(2.22044604925E-16,-1.,0.));
#2662 = ORIENTED_EDGE('',*,*,#2009,.T.);
#2663 = ORIENTED_EDGE('',*,*,#2634,.F.);
#2664 = PLANE('',#2665);
#2665 = AXIS2_PLACEMENT_3D('',#2666,#2667,#2668);
#2666 = CARTESIAN_POINT('',(0.7,0.2,0.725));
#2667 = DIRECTION('',(0.,0.,-1.));
#2668 = DIRECTION('',(-1.,-2.22044604925E-16,-0.));
#2669 = ADVANCED_FACE('',(#2670),#2681,.T.);
#2670 = FACE_BOUND('',#2671,.T.);
#2671 = EDGE_LOOP('',(#2672,#2673,#2674,#2675));
#2672 = ORIENTED_EDGE('',*,*,#1919,.T.);
#2673 = ORIENTED_EDGE('',*,*,#2657,.T.);
#2674 = ORIENTED_EDGE('',*,*,#1994,.F.);
#2675 = ORIENTED_EDGE('',*,*,#2676,.F.);
#2676 = EDGE_CURVE('',#1912,#1987,#2677,.T.);
#2677 = LINE('',#2678,#2679);
#2678 = CARTESIAN_POINT('',(0.95,0.2,0.475));
#2679 = VECTOR('',#2680,1.);
#2680 = DIRECTION('',(2.22044604925E-16,-1.,0.));
#2681 = CYLINDRICAL_SURFACE('',#2682,0.25);
#2682 = AXIS2_PLACEMENT_3D('',#2683,#2684,#2685);
#2683 = CARTESIAN_POINT('',(0.7,0.2,0.475));
#2684 = DIRECTION('',(-2.22044604925E-16,1.,-0.));
#2685 = DIRECTION('',(1.,2.22044604925E-16,0.));
#2686 = ADVANCED_FACE('',(#2687),#2698,.F.);
#2687 = FACE_BOUND('',#2688,.F.);
#2688 = EDGE_LOOP('',(#2689,#2695,#2696,#2697));
#2689 = ORIENTED_EDGE('',*,*,#2690,.T.);
#2690 = EDGE_CURVE('',#1903,#1978,#2691,.T.);
#2691 = LINE('',#2692,#2693);
#2692 = CARTESIAN_POINT('',(0.95,0.2,0.25));
#2693 = VECTOR('',#2694,1.);
#2694 = DIRECTION('',(2.22044604925E-16,-1.,0.));
#2695 = ORIENTED_EDGE('',*,*,#1986,.T.);
#2696 = ORIENTED_EDGE('',*,*,#2676,.F.);
#2697 = ORIENTED_EDGE('',*,*,#1911,.F.);
#2698 = PLANE('',#2699);
#2699 = AXIS2_PLACEMENT_3D('',#2700,#2701,#2702);
#2700 = CARTESIAN_POINT('',(0.95,0.2,0.25));
#2701 = DIRECTION('',(-1.,-2.22044604925E-16,0.));
#2702 = DIRECTION('',(0.,0.,1.));
#2703 = ADVANCED_FACE('',(#2704),#2715,.F.);
#2704 = FACE_BOUND('',#2705,.F.);
#2705 = EDGE_LOOP('',(#2706,#2712,#2713,#2714));
#2706 = ORIENTED_EDGE('',*,*,#2707,.T.);
#2707 = EDGE_CURVE('',#1895,#1970,#2708,.T.);
#2708 = LINE('',#2709,#2710);
#2709 = CARTESIAN_POINT('',(1.05,0.2,0.15));
#2710 = VECTOR('',#2711,1.);
#2711 = DIRECTION('',(2.22044604925E-16,-1.,0.));
#2712 = ORIENTED_EDGE('',*,*,#1977,.T.);
#2713 = ORIENTED_EDGE('',*,*,#2690,.F.);
#2714 = ORIENTED_EDGE('',*,*,#1902,.F.);
#2715 = CYLINDRICAL_SURFACE('',#2716,0.1);
#2716 = AXIS2_PLACEMENT_3D('',#2717,#2718,#2719);
#2717 = CARTESIAN_POINT('',(1.05,0.2,0.25));
#2718 = DIRECTION('',(-2.22044604925E-16,1.,0.));
#2719 = DIRECTION('',(-2.22044604925E-15,-4.93038065763E-31,-1.));
#2720 = ADVANCED_FACE('',(#2721),#2732,.F.);
#2721 = FACE_BOUND('',#2722,.F.);
#2722 = EDGE_LOOP('',(#2723,#2729,#2730,#2731));
#2723 = ORIENTED_EDGE('',*,*,#2724,.T.);
#2724 = EDGE_CURVE('',#1887,#1962,#2725,.T.);
#2725 = LINE('',#2726,#2727);
#2726 = CARTESIAN_POINT('',(1.25,0.2,0.15));
#2727 = VECTOR('',#2728,1.);
#2728 = DIRECTION('',(2.22044604925E-16,-1.,0.));
#2729 = ORIENTED_EDGE('',*,*,#1969,.T.);
#2730 = ORIENTED_EDGE('',*,*,#2707,.F.);
#2731 = ORIENTED_EDGE('',*,*,#1894,.F.);
#2732 = PLANE('',#2733);
#2733 = AXIS2_PLACEMENT_3D('',#2734,#2735,#2736);
#2734 = CARTESIAN_POINT('',(1.25,0.2,0.15));
#2735 = DIRECTION('',(0.,0.,-1.));
#2736 = DIRECTION('',(-1.,-2.22044604925E-16,-0.));
#2737 = ADVANCED_FACE('',(#2738),#2749,.F.);
#2738 = FACE_BOUND('',#2739,.F.);
#2739 = EDGE_LOOP('',(#2740,#2746,#2747,#2748));
#2740 = ORIENTED_EDGE('',*,*,#2741,.T.);
#2741 = EDGE_CURVE('',#1879,#1954,#2742,.T.);
#2742 = LINE('',#2743,#2744);
#2743 = CARTESIAN_POINT('',(1.25,0.2,0.));
#2744 = VECTOR('',#2745,1.);
#2745 = DIRECTION('',(2.22044604925E-16,-1.,0.));
#2746 = ORIENTED_EDGE('',*,*,#1961,.T.);
#2747 = ORIENTED_EDGE('',*,*,#2724,.F.);
#2748 = ORIENTED_EDGE('',*,*,#1886,.F.);
#2749 = PLANE('',#2750);
#2750 = AXIS2_PLACEMENT_3D('',#2751,#2752,#2753);
#2751 = CARTESIAN_POINT('',(1.25,0.2,0.));
#2752 = DIRECTION('',(-1.,-2.22044604925E-16,0.));
#2753 = DIRECTION('',(0.,0.,1.));
#2754 = ADVANCED_FACE('',(#2755),#2766,.F.);
#2755 = FACE_BOUND('',#2756,.F.);
#2756 = EDGE_LOOP('',(#2757,#2763,#2764,#2765));
#2757 = ORIENTED_EDGE('',*,*,#2758,.T.);
#2758 = EDGE_CURVE('',#1870,#1945,#2759,.T.);
#2759 = LINE('',#2760,#2761);
#2760 = CARTESIAN_POINT('',(1.05,0.2,0.));
#2761 = VECTOR('',#2762,1.);
#2762 = DIRECTION('',(2.22044604925E-16,-1.,0.));
#2763 = ORIENTED_EDGE('',*,*,#1953,.T.);
#2764 = ORIENTED_EDGE('',*,*,#2741,.F.);
#2765 = ORIENTED_EDGE('',*,*,#1878,.F.);
#2766 = PLANE('',#2767);
#2767 = AXIS2_PLACEMENT_3D('',#2768,#2769,#2770);
#2768 = CARTESIAN_POINT('',(1.05,0.2,0.));
#2769 = DIRECTION('',(0.,0.,1.));
#2770 = DIRECTION('',(1.,2.22044604925E-16,-0.));
#2771 = ADVANCED_FACE('',(#2772),#2778,.T.);
#2772 = FACE_BOUND('',#2773,.T.);
#2773 = EDGE_LOOP('',(#2774,#2775,#2776,#2777));
#2774 = ORIENTED_EDGE('',*,*,#1869,.T.);
#2775 = ORIENTED_EDGE('',*,*,#2758,.T.);
#2776 = ORIENTED_EDGE('',*,*,#1944,.F.);
#2777 = ORIENTED_EDGE('',*,*,#2041,.F.);
#2778 = CYLINDRICAL_SURFACE('',#2779,0.25);
#2779 = AXIS2_PLACEMENT_3D('',#2780,#2781,#2782);
#2780 = CARTESIAN_POINT('',(1.05,0.2,0.25));
#2781 = DIRECTION('',(-2.22044604925E-16,1.,-0.));
#2782 = DIRECTION('',(-1.,-2.22044604925E-16,-4.440892098501E-16));
#2783 = ADVANCED_FACE('',(#2784),#2794,.F.);
#2784 = FACE_BOUND('',#2785,.F.);
#2785 = EDGE_LOOP('',(#2786,#2787,#2792,#2793));
#2786 = ORIENTED_EDGE('',*,*,#2064,.T.);
#2787 = ORIENTED_EDGE('',*,*,#2788,.T.);
#2788 = EDGE_CURVE('',#2058,#2572,#2789,.T.);
#2789 = B_SPLINE_CURVE_WITH_KNOTS('',1,(#2790,#2791),.UNSPECIFIED.,.F.,
  .F.,(2,2),(0.,1.),.PIECEWISE_BEZIER_KNOTS.);
#2790 = CARTESIAN_POINT('',(0.5925,-1.475,0.725));
#2791 = CARTESIAN_POINT('',(0.559121551758,-1.408243103516,1.2));
#2792 = ORIENTED_EDGE('',*,*,#2571,.F.);
#2793 = ORIENTED_EDGE('',*,*,#2641,.F.);
#2794 = B_SPLINE_SURFACE_WITH_KNOTS('',1,1,(
    (#2795,#2796)
    ,(#2797,#2798
    )),.UNSPECIFIED.,.F.,.F.,.F.,(2,2),(2,2),(0.,0.116672618896),(0.,1.)
  ,.PIECEWISE_BEZIER_KNOTS.);
#2795 = CARTESIAN_POINT('',(0.675,-1.3925,0.725));
#2796 = CARTESIAN_POINT('',(0.608243103516,-1.359121551758,1.2));
#2797 = CARTESIAN_POINT('',(0.5925,-1.475,0.725));
#2798 = CARTESIAN_POINT('',(0.559121551758,-1.408243103516,1.2));
#2799 = ADVANCED_FACE('',(#2800),#2810,.F.);
#2800 = FACE_BOUND('',#2801,.F.);
#2801 = EDGE_LOOP('',(#2802,#2803,#2808,#2809));
#2802 = ORIENTED_EDGE('',*,*,#2087,.T.);
#2803 = ORIENTED_EDGE('',*,*,#2804,.T.);
#2804 = EDGE_CURVE('',#2081,#2580,#2805,.T.);
#2805 = B_SPLINE_CURVE_WITH_KNOTS('',1,(#2806,#2807),.UNSPECIFIED.,.F.,
  .F.,(2,2),(0.,1.),.PIECEWISE_BEZIER_KNOTS.);
#2806 = CARTESIAN_POINT('',(-0.5925,-1.475,0.725));
#2807 = CARTESIAN_POINT('',(-0.559121551758,-1.408243103516,1.2));
#2808 = ORIENTED_EDGE('',*,*,#2579,.F.);
#2809 = ORIENTED_EDGE('',*,*,#2788,.F.);
#2810 = B_SPLINE_SURFACE_WITH_KNOTS('',1,1,(
    (#2811,#2812)
    ,(#2813,#2814
    )),.UNSPECIFIED.,.F.,.F.,.F.,(2,2),(2,2),(0.,1.185),(0.,1.),
  .PIECEWISE_BEZIER_KNOTS.);
#2811 = CARTESIAN_POINT('',(0.5925,-1.475,0.725));
#2812 = CARTESIAN_POINT('',(0.559121551758,-1.408243103516,1.2));
#2813 = CARTESIAN_POINT('',(-0.5925,-1.475,0.725));
#2814 = CARTESIAN_POINT('',(-0.559121551758,-1.408243103516,1.2));
#2815 = ADVANCED_FACE('',(#2816),#2826,.F.);
#2816 = FACE_BOUND('',#2817,.F.);
#2817 = EDGE_LOOP('',(#2818,#2819,#2824,#2825));
#2818 = ORIENTED_EDGE('',*,*,#2110,.T.);
#2819 = ORIENTED_EDGE('',*,*,#2820,.T.);
#2820 = EDGE_CURVE('',#2104,#2588,#2821,.T.);
#2821 = B_SPLINE_CURVE_WITH_KNOTS('',1,(#2822,#2823),.UNSPECIFIED.,.F.,
  .F.,(2,2),(0.,1.),.PIECEWISE_BEZIER_KNOTS.);
#2822 = CARTESIAN_POINT('',(-0.675,-1.3925,0.725));
#2823 = CARTESIAN_POINT('',(-0.608243103516,-1.359121551758,1.2));
#2824 = ORIENTED_EDGE('',*,*,#2587,.F.);
#2825 = ORIENTED_EDGE('',*,*,#2804,.F.);
#2826 = B_SPLINE_SURFACE_WITH_KNOTS('',1,1,(
    (#2827,#2828)
    ,(#2829,#2830
    )),.UNSPECIFIED.,.F.,.F.,.F.,(2,2),(2,2),(0.,0.116672618896),(0.,1.)
  ,.PIECEWISE_BEZIER_KNOTS.);
#2827 = CARTESIAN_POINT('',(-0.5925,-1.475,0.725));
#2828 = CARTESIAN_POINT('',(-0.559121551758,-1.408243103516,1.2));
#2829 = CARTESIAN_POINT('',(-0.675,-1.3925,0.725));
#2830 = CARTESIAN_POINT('',(-0.608243103516,-1.359121551758,1.2));
#2831 = ADVANCED_FACE('',(#2832),#2852,.F.);
#2832 = FACE_BOUND('',#2833,.F.);
#2833 = EDGE_LOOP('',(#2834,#2835,#2841,#2842,#2848,#2849,#2850,#2851));
#2834 = ORIENTED_EDGE('',*,*,#2135,.T.);
#2835 = ORIENTED_EDGE('',*,*,#2836,.T.);
#2836 = EDGE_CURVE('',#2128,#2508,#2837,.T.);
#2837 = LINE('',#2838,#2839);
#2838 = CARTESIAN_POINT('',(-0.675,-1.3925,0.725));
#2839 = VECTOR('',#2840,1.);
#2840 = DIRECTION('',(-2.22044604925E-16,1.,0.));
#2841 = ORIENTED_EDGE('',*,*,#2524,.T.);
#2842 = ORIENTED_EDGE('',*,*,#2843,.T.);
#2843 = EDGE_CURVE('',#2517,#2300,#2844,.T.);
#2844 = LINE('',#2845,#2846);
#2845 = CARTESIAN_POINT('',(-0.675,-1.3925,0.725));
#2846 = VECTOR('',#2847,1.);
#2847 = DIRECTION('',(-2.22044604925E-16,1.,0.));
#2848 = ORIENTED_EDGE('',*,*,#2309,.T.);
#2849 = ORIENTED_EDGE('',*,*,#2620,.T.);
#2850 = ORIENTED_EDGE('',*,*,#2595,.F.);
#2851 = ORIENTED_EDGE('',*,*,#2820,.F.);
#2852 = B_SPLINE_SURFACE_WITH_KNOTS('',1,1,(
    (#2853,#2854)
    ,(#2855,#2856
    )),.UNSPECIFIED.,.F.,.F.,.F.,(2,2),(2,2),(0.,2.785),(0.,1.),
  .PIECEWISE_BEZIER_KNOTS.);
#2853 = CARTESIAN_POINT('',(-0.675,-1.3925,0.725));
#2854 = CARTESIAN_POINT('',(-0.608243103516,-1.359121551758,1.2));
#2855 = CARTESIAN_POINT('',(-0.675,1.3925,0.725));
#2856 = CARTESIAN_POINT('',(-0.608243103516,1.359121551758,1.2));
#2857 = ADVANCED_FACE('',(#2858),#2869,.F.);
#2858 = FACE_BOUND('',#2859,.F.);
#2859 = EDGE_LOOP('',(#2860,#2861,#2867,#2868));
#2860 = ORIENTED_EDGE('',*,*,#2127,.F.);
#2861 = ORIENTED_EDGE('',*,*,#2862,.T.);
#2862 = EDGE_CURVE('',#1618,#1730,#2863,.T.);
#2863 = LINE('',#2864,#2865);
#2864 = CARTESIAN_POINT('',(-0.7,-1.15,0.725));
#2865 = VECTOR('',#2866,1.);
#2866 = DIRECTION('',(-9.95799250103E-17,1.,0.));
#2867 = ORIENTED_EDGE('',*,*,#2507,.T.);
#2868 = ORIENTED_EDGE('',*,*,#2836,.F.);
#2869 = PLANE('',#2870);
#2870 = AXIS2_PLACEMENT_3D('',#2871,#2872,#2873);
#2871 = CARTESIAN_POINT('',(-0.7,-1.15,0.725));
#2872 = DIRECTION('',(-0.,0.,-1.));
#2873 = DIRECTION('',(1.,9.95799250103E-17,0.));
#2874 = ADVANCED_FACE('',(#2875),#2886,.T.);
#2875 = FACE_BOUND('',#2876,.T.);
#2876 = EDGE_LOOP('',(#2877,#2878,#2879,#2880));
#2877 = ORIENTED_EDGE('',*,*,#2209,.T.);
#2878 = ORIENTED_EDGE('',*,*,#2862,.T.);
#2879 = ORIENTED_EDGE('',*,*,#2383,.F.);
#2880 = ORIENTED_EDGE('',*,*,#2881,.F.);
#2881 = EDGE_CURVE('',#2202,#2376,#2882,.T.);
#2882 = LINE('',#2883,#2884);
#2883 = CARTESIAN_POINT('',(-0.95,-1.15,0.475));
#2884 = VECTOR('',#2885,1.);
#2885 = DIRECTION('',(-9.95799250103E-17,1.,0.));
#2886 = CYLINDRICAL_SURFACE('',#2887,0.25);
#2887 = AXIS2_PLACEMENT_3D('',#2888,#2889,#2890);
#2888 = CARTESIAN_POINT('',(-0.7,-1.15,0.475));
#2889 = DIRECTION('',(9.95799250103E-17,-1.,-0.));
#2890 = DIRECTION('',(-1.,-9.95799250103E-17,0.));
#2891 = ADVANCED_FACE('',(#2892),#2903,.F.);
#2892 = FACE_BOUND('',#2893,.F.);
#2893 = EDGE_LOOP('',(#2894,#2900,#2901,#2902));
#2894 = ORIENTED_EDGE('',*,*,#2895,.T.);
#2895 = EDGE_CURVE('',#2193,#2367,#2896,.T.);
#2896 = LINE('',#2897,#2898);
#2897 = CARTESIAN_POINT('',(-0.95,-1.15,0.25));
#2898 = VECTOR('',#2899,1.);
#2899 = DIRECTION('',(-9.95799250103E-17,1.,0.));
#2900 = ORIENTED_EDGE('',*,*,#2375,.T.);
#2901 = ORIENTED_EDGE('',*,*,#2881,.F.);
#2902 = ORIENTED_EDGE('',*,*,#2201,.F.);
#2903 = PLANE('',#2904);
#2904 = AXIS2_PLACEMENT_3D('',#2905,#2906,#2907);
#2905 = CARTESIAN_POINT('',(-0.95,-1.15,0.25));
#2906 = DIRECTION('',(1.,9.95799250103E-17,0.));
#2907 = DIRECTION('',(0.,-0.,1.));
#2908 = ADVANCED_FACE('',(#2909),#2920,.F.);
#2909 = FACE_BOUND('',#2910,.F.);
#2910 = EDGE_LOOP('',(#2911,#2917,#2918,#2919));
#2911 = ORIENTED_EDGE('',*,*,#2912,.T.);
#2912 = EDGE_CURVE('',#2185,#2359,#2913,.T.);
#2913 = LINE('',#2914,#2915);
#2914 = CARTESIAN_POINT('',(-1.05,-1.15,0.15));
#2915 = VECTOR('',#2916,1.);
#2916 = DIRECTION('',(-9.95799250103E-17,1.,0.));
#2917 = ORIENTED_EDGE('',*,*,#2366,.T.);
#2918 = ORIENTED_EDGE('',*,*,#2895,.F.);
#2919 = ORIENTED_EDGE('',*,*,#2192,.F.);
#2920 = CYLINDRICAL_SURFACE('',#2921,0.1);
#2921 = AXIS2_PLACEMENT_3D('',#2922,#2923,#2924);
#2922 = CARTESIAN_POINT('',(-1.05,-1.15,0.25));
#2923 = DIRECTION('',(9.95799250103E-17,-1.,0.));
#2924 = DIRECTION('',(2.22044604925E-15,2.211118510737E-31,-1.));
#2925 = ADVANCED_FACE('',(#2926),#2937,.F.);
#2926 = FACE_BOUND('',#2927,.F.);
#2927 = EDGE_LOOP('',(#2928,#2934,#2935,#2936));
#2928 = ORIENTED_EDGE('',*,*,#2929,.T.);
#2929 = EDGE_CURVE('',#2177,#2351,#2930,.T.);
#2930 = LINE('',#2931,#2932);
#2931 = CARTESIAN_POINT('',(-1.25,-1.15,0.15));
#2932 = VECTOR('',#2933,1.);
#2933 = DIRECTION('',(-9.95799250103E-17,1.,0.));
#2934 = ORIENTED_EDGE('',*,*,#2358,.T.);
#2935 = ORIENTED_EDGE('',*,*,#2912,.F.);
#2936 = ORIENTED_EDGE('',*,*,#2184,.F.);
#2937 = PLANE('',#2938);
#2938 = AXIS2_PLACEMENT_3D('',#2939,#2940,#2941);
#2939 = CARTESIAN_POINT('',(-1.25,-1.15,0.15));
#2940 = DIRECTION('',(-0.,0.,-1.));
#2941 = DIRECTION('',(1.,9.95799250103E-17,0.));
#2942 = ADVANCED_FACE('',(#2943),#2954,.F.);
#2943 = FACE_BOUND('',#2944,.F.);
#2944 = EDGE_LOOP('',(#2945,#2951,#2952,#2953));
#2945 = ORIENTED_EDGE('',*,*,#2946,.T.);
#2946 = EDGE_CURVE('',#2169,#2343,#2947,.T.);
#2947 = LINE('',#2948,#2949);
#2948 = CARTESIAN_POINT('',(-1.25,-1.15,0.));
#2949 = VECTOR('',#2950,1.);
#2950 = DIRECTION('',(-9.95799250103E-17,1.,0.));
#2951 = ORIENTED_EDGE('',*,*,#2350,.T.);
#2952 = ORIENTED_EDGE('',*,*,#2929,.F.);
#2953 = ORIENTED_EDGE('',*,*,#2176,.F.);
#2954 = PLANE('',#2955);
#2955 = AXIS2_PLACEMENT_3D('',#2956,#2957,#2958);
#2956 = CARTESIAN_POINT('',(-1.25,-1.15,0.));
#2957 = DIRECTION('',(1.,9.95799250103E-17,0.));
#2958 = DIRECTION('',(0.,-0.,1.));
#2959 = ADVANCED_FACE('',(#2960),#2971,.F.);
#2960 = FACE_BOUND('',#2961,.F.);
#2961 = EDGE_LOOP('',(#2962,#2968,#2969,#2970));
#2962 = ORIENTED_EDGE('',*,*,#2963,.T.);
#2963 = EDGE_CURVE('',#2160,#2334,#2964,.T.);
#2964 = LINE('',#2965,#2966);
#2965 = CARTESIAN_POINT('',(-1.05,-1.15,0.));
#2966 = VECTOR('',#2967,1.);
#2967 = DIRECTION('',(-9.95799250103E-17,1.,0.));
#2968 = ORIENTED_EDGE('',*,*,#2342,.T.);
#2969 = ORIENTED_EDGE('',*,*,#2946,.F.);
#2970 = ORIENTED_EDGE('',*,*,#2168,.F.);
#2971 = PLANE('',#2972);
#2972 = AXIS2_PLACEMENT_3D('',#2973,#2974,#2975);
#2973 = CARTESIAN_POINT('',(-1.05,-1.15,0.));
#2974 = DIRECTION('',(0.,0.,1.));
#2975 = DIRECTION('',(-1.,-9.95799250103E-17,0.));
#2976 = ADVANCED_FACE('',(#2977),#2983,.T.);
#2977 = FACE_BOUND('',#2978,.T.);
#2978 = EDGE_LOOP('',(#2979,#2980,#2981,#2982));
#2979 = ORIENTED_EDGE('',*,*,#2159,.T.);
#2980 = ORIENTED_EDGE('',*,*,#2963,.T.);
#2981 = ORIENTED_EDGE('',*,*,#2333,.F.);
#2982 = ORIENTED_EDGE('',*,*,#2400,.F.);
#2983 = CYLINDRICAL_SURFACE('',#2984,0.25);
#2984 = AXIS2_PLACEMENT_3D('',#2985,#2986,#2987);
#2985 = CARTESIAN_POINT('',(-1.05,-1.15,0.25));
#2986 = DIRECTION('',(9.95799250103E-17,-1.,-0.));
#2987 = DIRECTION('',(1.,9.95799250103E-17,-4.440892098501E-16));
#2988 = ADVANCED_FACE('',(#2989),#3005,.T.);
#2989 = FACE_BOUND('',#2990,.T.);
#2990 = EDGE_LOOP('',(#2991,#2992,#2998,#2999));
#2991 = ORIENTED_EDGE('',*,*,#2475,.T.);
#2992 = ORIENTED_EDGE('',*,*,#2993,.T.);
#2993 = EDGE_CURVE('',#1739,#1640,#2994,.T.);
#2994 = LINE('',#2995,#2996);
#2995 = CARTESIAN_POINT('',(-0.7,0.75,0.725));
#2996 = VECTOR('',#2997,1.);
#2997 = DIRECTION('',(-9.95799250103E-17,1.,0.));
#2998 = ORIENTED_EDGE('',*,*,#2284,.F.);
#2999 = ORIENTED_EDGE('',*,*,#3000,.F.);
#3000 = EDGE_CURVE('',#2468,#2277,#3001,.T.);
#3001 = LINE('',#3002,#3003);
#3002 = CARTESIAN_POINT('',(-0.95,0.75,0.475));
#3003 = VECTOR('',#3004,1.);
#3004 = DIRECTION('',(-9.95799250103E-17,1.,0.));
#3005 = CYLINDRICAL_SURFACE('',#3006,0.25);
#3006 = AXIS2_PLACEMENT_3D('',#3007,#3008,#3009);
#3007 = CARTESIAN_POINT('',(-0.7,0.75,0.475));
#3008 = DIRECTION('',(9.95799250103E-17,-1.,-0.));
#3009 = DIRECTION('',(-1.,-9.95799250103E-17,0.));
#3010 = ADVANCED_FACE('',(#3011),#3022,.F.);
#3011 = FACE_BOUND('',#3012,.F.);
#3012 = EDGE_LOOP('',(#3013,#3019,#3020,#3021));
#3013 = ORIENTED_EDGE('',*,*,#3014,.T.);
#3014 = EDGE_CURVE('',#2459,#2268,#3015,.T.);
#3015 = LINE('',#3016,#3017);
#3016 = CARTESIAN_POINT('',(-0.95,0.75,0.25));
#3017 = VECTOR('',#3018,1.);
#3018 = DIRECTION('',(-9.95799250103E-17,1.,0.));
#3019 = ORIENTED_EDGE('',*,*,#2276,.T.);
#3020 = ORIENTED_EDGE('',*,*,#3000,.F.);
#3021 = ORIENTED_EDGE('',*,*,#2467,.F.);
#3022 = PLANE('',#3023);
#3023 = AXIS2_PLACEMENT_3D('',#3024,#3025,#3026);
#3024 = CARTESIAN_POINT('',(-0.95,0.75,0.25));
#3025 = DIRECTION('',(1.,9.95799250103E-17,0.));
#3026 = DIRECTION('',(0.,-0.,1.));
#3027 = ADVANCED_FACE('',(#3028),#3039,.F.);
#3028 = FACE_BOUND('',#3029,.F.);
#3029 = EDGE_LOOP('',(#3030,#3036,#3037,#3038));
#3030 = ORIENTED_EDGE('',*,*,#3031,.T.);
#3031 = EDGE_CURVE('',#2451,#2260,#3032,.T.);
#3032 = LINE('',#3033,#3034);
#3033 = CARTESIAN_POINT('',(-1.05,0.75,0.15));
#3034 = VECTOR('',#3035,1.);
#3035 = DIRECTION('',(-9.95799250103E-17,1.,0.));
#3036 = ORIENTED_EDGE('',*,*,#2267,.T.);
#3037 = ORIENTED_EDGE('',*,*,#3014,.F.);
#3038 = ORIENTED_EDGE('',*,*,#2458,.F.);
#3039 = CYLINDRICAL_SURFACE('',#3040,0.1);
#3040 = AXIS2_PLACEMENT_3D('',#3041,#3042,#3043);
#3041 = CARTESIAN_POINT('',(-1.05,0.75,0.25));
#3042 = DIRECTION('',(9.95799250103E-17,-1.,0.));
#3043 = DIRECTION('',(2.22044604925E-15,2.211118510737E-31,-1.));
#3044 = ADVANCED_FACE('',(#3045),#3056,.F.);
#3045 = FACE_BOUND('',#3046,.F.);
#3046 = EDGE_LOOP('',(#3047,#3053,#3054,#3055));
#3047 = ORIENTED_EDGE('',*,*,#3048,.T.);
#3048 = EDGE_CURVE('',#2443,#2252,#3049,.T.);
#3049 = LINE('',#3050,#3051);
#3050 = CARTESIAN_POINT('',(-1.25,0.75,0.15));
#3051 = VECTOR('',#3052,1.);
#3052 = DIRECTION('',(-9.95799250103E-17,1.,0.));
#3053 = ORIENTED_EDGE('',*,*,#2259,.T.);
#3054 = ORIENTED_EDGE('',*,*,#3031,.F.);
#3055 = ORIENTED_EDGE('',*,*,#2450,.F.);
#3056 = PLANE('',#3057);
#3057 = AXIS2_PLACEMENT_3D('',#3058,#3059,#3060);
#3058 = CARTESIAN_POINT('',(-1.25,0.75,0.15));
#3059 = DIRECTION('',(-0.,0.,-1.));
#3060 = DIRECTION('',(1.,9.95799250103E-17,0.));
#3061 = ADVANCED_FACE('',(#3062),#3073,.F.);
#3062 = FACE_BOUND('',#3063,.F.);
#3063 = EDGE_LOOP('',(#3064,#3070,#3071,#3072));
#3064 = ORIENTED_EDGE('',*,*,#3065,.T.);
#3065 = EDGE_CURVE('',#2435,#2244,#3066,.T.);
#3066 = LINE('',#3067,#3068);
#3067 = CARTESIAN_POINT('',(-1.25,0.75,0.));
#3068 = VECTOR('',#3069,1.);
#3069 = DIRECTION('',(-9.95799250103E-17,1.,0.));
#3070 = ORIENTED_EDGE('',*,*,#2251,.T.);
#3071 = ORIENTED_EDGE('',*,*,#3048,.F.);
#3072 = ORIENTED_EDGE('',*,*,#2442,.F.);
#3073 = PLANE('',#3074);
#3074 = AXIS2_PLACEMENT_3D('',#3075,#3076,#3077);
#3075 = CARTESIAN_POINT('',(-1.25,0.75,0.));
#3076 = DIRECTION('',(1.,9.95799250103E-17,0.));
#3077 = DIRECTION('',(0.,-0.,1.));
#3078 = ADVANCED_FACE('',(#3079),#3090,.F.);
#3079 = FACE_BOUND('',#3080,.F.);
#3080 = EDGE_LOOP('',(#3081,#3087,#3088,#3089));
#3081 = ORIENTED_EDGE('',*,*,#3082,.T.);
#3082 = EDGE_CURVE('',#2426,#2235,#3083,.T.);
#3083 = LINE('',#3084,#3085);
#3084 = CARTESIAN_POINT('',(-1.05,0.75,0.));
#3085 = VECTOR('',#3086,1.);
#3086 = DIRECTION('',(-9.95799250103E-17,1.,0.));
#3087 = ORIENTED_EDGE('',*,*,#2243,.T.);
#3088 = ORIENTED_EDGE('',*,*,#3065,.F.);
#3089 = ORIENTED_EDGE('',*,*,#2434,.F.);
#3090 = PLANE('',#3091);
#3091 = AXIS2_PLACEMENT_3D('',#3092,#3093,#3094);
#3092 = CARTESIAN_POINT('',(-1.05,0.75,0.));
#3093 = DIRECTION('',(0.,0.,1.));
#3094 = DIRECTION('',(-1.,-9.95799250103E-17,0.));
#3095 = ADVANCED_FACE('',(#3096),#3102,.T.);
#3096 = FACE_BOUND('',#3097,.T.);
#3097 = EDGE_LOOP('',(#3098,#3099,#3100,#3101));
#3098 = ORIENTED_EDGE('',*,*,#2425,.T.);
#3099 = ORIENTED_EDGE('',*,*,#3082,.T.);
#3100 = ORIENTED_EDGE('',*,*,#2234,.F.);
#3101 = ORIENTED_EDGE('',*,*,#2492,.F.);
#3102 = CYLINDRICAL_SURFACE('',#3103,0.25);
#3103 = AXIS2_PLACEMENT_3D('',#3104,#3105,#3106);
#3104 = CARTESIAN_POINT('',(-1.05,0.75,0.25));
#3105 = DIRECTION('',(9.95799250103E-17,-1.,-0.));
#3106 = DIRECTION('',(1.,9.95799250103E-17,-4.440892098501E-16));
#3107 = ADVANCED_FACE('',(#3108),#3114,.F.);
#3108 = FACE_BOUND('',#3109,.F.);
#3109 = EDGE_LOOP('',(#3110,#3111,#3112,#3113));
#3110 = ORIENTED_EDGE('',*,*,#2516,.F.);
#3111 = ORIENTED_EDGE('',*,*,#2993,.T.);
#3112 = ORIENTED_EDGE('',*,*,#2299,.T.);
#3113 = ORIENTED_EDGE('',*,*,#2843,.F.);
#3114 = PLANE('',#3115);
#3115 = AXIS2_PLACEMENT_3D('',#3116,#3117,#3118);
#3116 = CARTESIAN_POINT('',(-0.7,0.75,0.725));
#3117 = DIRECTION('',(-0.,0.,-1.));
#3118 = DIRECTION('',(1.,9.95799250103E-17,0.));
#3119 = ( GEOMETRIC_REPRESENTATION_CONTEXT(3) 
GLOBAL_UNCERTAINTY_ASSIGNED_CONTEXT((#3123)) 
GLOBAL_UNIT_ASSIGNED_CONTEXT((#3120,#3121,#3122)) REPRESENTATION_CONTEXT
('Context #1','3D Context with UNIT and UNCERTAINTY') );
#3120 = ( LENGTH_UNIT() NAMED_UNIT(*) SI_UNIT(.MILLI.,.METRE.) );
#3121 = ( NAMED_UNIT(*) PLANE_ANGLE_UNIT() SI_UNIT($,.RADIAN.) );
#3122 = ( NAMED_UNIT(*) SI_UNIT($,.STERADIAN.) SOLID_ANGLE_UNIT() );
#3123 = UNCERTAINTY_MEASURE_WITH_UNIT(LENGTH_MEASURE(2.E-06),#3120,
  'distance_accuracy_value','confusion accuracy');
#3124 = CONTEXT_DEPENDENT_SHAPE_REPRESENTATION(#3125,#3127);
#3125 = ( REPRESENTATION_RELATIONSHIP('','',#1044,#1021) 
REPRESENTATION_RELATIONSHIP_WITH_TRANSFORMATION(#3126) 
SHAPE_REPRESENTATION_RELATIONSHIP() );
#3126 = ITEM_DEFINED_TRANSFORMATION('','',#11,#1022);
#3127 = PRODUCT_DEFINITION_SHAPE('Placement','Placement of an item',
  #3128);
#3128 = NEXT_ASSEMBLY_USAGE_OCCURRENCE('4','=>[0:1:1:5]','',#1016,#1039,
  $);
#3129 = PRODUCT_RELATED_PRODUCT_CATEGORY('part',$,(#1041));
#3130 = CONTEXT_DEPENDENT_SHAPE_REPRESENTATION(#3131,#3133);
#3131 = ( REPRESENTATION_RELATIONSHIP('','',#184,#10) 
REPRESENTATION_RELATIONSHIP_WITH_TRANSFORMATION(#3132) 
SHAPE_REPRESENTATION_RELATIONSHIP() );
#3132 = ITEM_DEFINED_TRANSFORMATION('','',#11,#27);
#3133 = PRODUCT_DEFINITION_SHAPE('Placement','Placement of an item',
  #3134);
#3134 = NEXT_ASSEMBLY_USAGE_OCCURRENCE('6','R18','',#5,#179,$);
#3135 = SHAPE_DEFINITION_REPRESENTATION(#3136,#3142);
#3136 = PRODUCT_DEFINITION_SHAPE('','',#3137);
#3137 = PRODUCT_DEFINITION('design','',#3138,#3141);
#3138 = PRODUCT_DEFINITION_FORMATION('','',#3139);
#3139 = PRODUCT('C_0603_1608Metric','C_0603_1608Metric','',(#3140));
#3140 = PRODUCT_CONTEXT('',#2,'mechanical');
#3141 = PRODUCT_DEFINITION_CONTEXT('part definition',#2,'design');
#3142 = SHAPE_REPRESENTATION('',(#11,#3143),#3147);
#3143 = AXIS2_PLACEMENT_3D('',#3144,#3145,#3146);
#3144 = CARTESIAN_POINT('',(0.,0.,0.));
#3145 = DIRECTION('',(0.,0.,1.));
#3146 = DIRECTION('',(1.,0.,-0.));
#3147 = ( GEOMETRIC_REPRESENTATION_CONTEXT(3) 
GLOBAL_UNCERTAINTY_ASSIGNED_CONTEXT((#3151)) 
GLOBAL_UNIT_ASSIGNED_CONTEXT((#3148,#3149,#3150)) REPRESENTATION_CONTEXT
('Context #1','3D Context with UNIT and UNCERTAINTY') );
#3148 = ( LENGTH_UNIT() NAMED_UNIT(*) SI_UNIT(.MILLI.,.METRE.) );
#3149 = ( NAMED_UNIT(*) PLANE_ANGLE_UNIT() SI_UNIT($,.RADIAN.) );
#3150 = ( NAMED_UNIT(*) SI_UNIT($,.STERADIAN.) SOLID_ANGLE_UNIT() );
#3151 = UNCERTAINTY_MEASURE_WITH_UNIT(LENGTH_MEASURE(1.E-07),#3148,
  'distance_accuracy_value','confusion accuracy');
#3152 = CONTEXT_DEPENDENT_SHAPE_REPRESENTATION(#3153,#3155);
#3153 = ( REPRESENTATION_RELATIONSHIP('','',#3142,#10) 
REPRESENTATION_RELATIONSHIP_WITH_TRANSFORMATION(#3154) 
SHAPE_REPRESENTATION_RELATIONSHIP() );
#3154 = ITEM_DEFINED_TRANSFORMATION('','',#11,#31);
#3155 = PRODUCT_DEFINITION_SHAPE('Placement','Placement of an item',
  #3156);
#3156 = NEXT_ASSEMBLY_USAGE_OCCURRENCE('8','C8','',#5,#3137,$);
#3157 = PRODUCT_RELATED_PRODUCT_CATEGORY('part',$,(#3139));
#3158 = SHAPE_DEFINITION_REPRESENTATION(#3159,#3165);
#3159 = PRODUCT_DEFINITION_SHAPE('','',#3160);
#3160 = PRODUCT_DEFINITION('design','',#3161,#3164);
#3161 = PRODUCT_DEFINITION_FORMATION('','',#3162);
#3162 = PRODUCT('C_0603_1608Metric','C_0603_1608Metric','',(#3163));
#3163 = PRODUCT_CONTEXT('',#2,'mechanical');
#3164 = PRODUCT_DEFINITION_CONTEXT('part definition',#2,'design');
#3165 = ADVANCED_BREP_SHAPE_REPRESENTATION('',(#11,#3166),#4020);
#3166 = MANIFOLD_SOLID_BREP('',#3167);
#3167 = CLOSED_SHELL('',(#3168,#3244,#3275,#3300,#3325,#3349,#3373,#3398
    ,#3423,#3440,#3526,#3558,#3582,#3607,#3631,#3656,#3680,#3705,#3722,
    #3808,#3839,#3864,#3889,#3913,#3937,#3962,#3987,#4004));
#3168 = ADVANCED_FACE('',(#3169),#3239,.F.);
#3169 = FACE_BOUND('',#3170,.F.);
#3170 = EDGE_LOOP('',(#3171,#3181,#3190,#3198,#3207,#3215,#3224,#3232));
#3171 = ORIENTED_EDGE('',*,*,#3172,.F.);
#3172 = EDGE_CURVE('',#3173,#3175,#3177,.T.);
#3173 = VERTEX_POINT('',#3174);
#3174 = CARTESIAN_POINT('',(-0.8,-0.4,3.E-02));
#3175 = VERTEX_POINT('',#3176);
#3176 = CARTESIAN_POINT('',(-0.8,-0.4,0.77));
#3177 = LINE('',#3178,#3179);
#3178 = CARTESIAN_POINT('',(-0.8,-0.4,0.));
#3179 = VECTOR('',#3180,1.);
#3180 = DIRECTION('',(0.,0.,1.));
#3181 = ORIENTED_EDGE('',*,*,#3182,.T.);
#3182 = EDGE_CURVE('',#3173,#3183,#3185,.T.);
#3183 = VERTEX_POINT('',#3184);
#3184 = CARTESIAN_POINT('',(-0.8,-0.37,0.));
#3185 = CIRCLE('',#3186,3.E-02);
#3186 = AXIS2_PLACEMENT_3D('',#3187,#3188,#3189);
#3187 = CARTESIAN_POINT('',(-0.8,-0.37,3.E-02));
#3188 = DIRECTION('',(1.,0.,-0.));
#3189 = DIRECTION('',(0.,0.,1.));
#3190 = ORIENTED_EDGE('',*,*,#3191,.T.);
#3191 = EDGE_CURVE('',#3183,#3192,#3194,.T.);
#3192 = VERTEX_POINT('',#3193);
#3193 = CARTESIAN_POINT('',(-0.8,0.37,0.));
#3194 = LINE('',#3195,#3196);
#3195 = CARTESIAN_POINT('',(-0.8,-0.4,0.));
#3196 = VECTOR('',#3197,1.);
#3197 = DIRECTION('',(0.,1.,0.));
#3198 = ORIENTED_EDGE('',*,*,#3199,.F.);
#3199 = EDGE_CURVE('',#3200,#3192,#3202,.T.);
#3200 = VERTEX_POINT('',#3201);
#3201 = CARTESIAN_POINT('',(-0.8,0.4,3.E-02));
#3202 = CIRCLE('',#3203,3.E-02);
#3203 = AXIS2_PLACEMENT_3D('',#3204,#3205,#3206);
#3204 = CARTESIAN_POINT('',(-0.8,0.37,3.E-02));
#3205 = DIRECTION('',(-1.,0.,0.));
#3206 = DIRECTION('',(0.,0.,1.));
#3207 = ORIENTED_EDGE('',*,*,#3208,.T.);
#3208 = EDGE_CURVE('',#3200,#3209,#3211,.T.);
#3209 = VERTEX_POINT('',#3210);
#3210 = CARTESIAN_POINT('',(-0.8,0.4,0.77));
#3211 = LINE('',#3212,#3213);
#3212 = CARTESIAN_POINT('',(-0.8,0.4,0.));
#3213 = VECTOR('',#3214,1.);
#3214 = DIRECTION('',(0.,0.,1.));
#3215 = ORIENTED_EDGE('',*,*,#3216,.T.);
#3216 = EDGE_CURVE('',#3209,#3217,#3219,.T.);
#3217 = VERTEX_POINT('',#3218);
#3218 = CARTESIAN_POINT('',(-0.8,0.37,0.8));
#3219 = CIRCLE('',#3220,3.E-02);
#3220 = AXIS2_PLACEMENT_3D('',#3221,#3222,#3223);
#3221 = CARTESIAN_POINT('',(-0.8,0.37,0.77));
#3222 = DIRECTION('',(1.,0.,-0.));
#3223 = DIRECTION('',(0.,0.,1.));
#3224 = ORIENTED_EDGE('',*,*,#3225,.F.);
#3225 = EDGE_CURVE('',#3226,#3217,#3228,.T.);
#3226 = VERTEX_POINT('',#3227);
#3227 = CARTESIAN_POINT('',(-0.8,-0.37,0.8));
#3228 = LINE('',#3229,#3230);
#3229 = CARTESIAN_POINT('',(-0.8,-0.4,0.8));
#3230 = VECTOR('',#3231,1.);
#3231 = DIRECTION('',(0.,1.,0.));
#3232 = ORIENTED_EDGE('',*,*,#3233,.F.);
#3233 = EDGE_CURVE('',#3175,#3226,#3234,.T.);
#3234 = CIRCLE('',#3235,3.E-02);
#3235 = AXIS2_PLACEMENT_3D('',#3236,#3237,#3238);
#3236 = CARTESIAN_POINT('',(-0.8,-0.37,0.77));
#3237 = DIRECTION('',(-1.,0.,0.));
#3238 = DIRECTION('',(0.,0.,1.));
#3239 = PLANE('',#3240);
#3240 = AXIS2_PLACEMENT_3D('',#3241,#3242,#3243);
#3241 = CARTESIAN_POINT('',(-0.8,-0.4,0.));
#3242 = DIRECTION('',(1.,0.,0.));
#3243 = DIRECTION('',(0.,0.,1.));
#3244 = ADVANCED_FACE('',(#3245),#3270,.F.);
#3245 = FACE_BOUND('',#3246,.F.);
#3246 = EDGE_LOOP('',(#3247,#3257,#3263,#3264));
#3247 = ORIENTED_EDGE('',*,*,#3248,.F.);
#3248 = EDGE_CURVE('',#3249,#3251,#3253,.T.);
#3249 = VERTEX_POINT('',#3250);
#3250 = CARTESIAN_POINT('',(-0.5,-0.4,3.E-02));
#3251 = VERTEX_POINT('',#3252);
#3252 = CARTESIAN_POINT('',(-0.5,-0.4,0.77));
#3253 = LINE('',#3254,#3255);
#3254 = CARTESIAN_POINT('',(-0.5,-0.4,0.));
#3255 = VECTOR('',#3256,1.);
#3256 = DIRECTION('',(0.,0.,1.));
#3257 = ORIENTED_EDGE('',*,*,#3258,.F.);
#3258 = EDGE_CURVE('',#3173,#3249,#3259,.T.);
#3259 = LINE('',#3260,#3261);
#3260 = CARTESIAN_POINT('',(-0.8,-0.4,3.E-02));
#3261 = VECTOR('',#3262,1.);
#3262 = DIRECTION('',(1.,0.,0.));
#3263 = ORIENTED_EDGE('',*,*,#3172,.T.);
#3264 = ORIENTED_EDGE('',*,*,#3265,.T.);
#3265 = EDGE_CURVE('',#3175,#3251,#3266,.T.);
#3266 = LINE('',#3267,#3268);
#3267 = CARTESIAN_POINT('',(-0.8,-0.4,0.77));
#3268 = VECTOR('',#3269,1.);
#3269 = DIRECTION('',(1.,0.,0.));
#3270 = PLANE('',#3271);
#3271 = AXIS2_PLACEMENT_3D('',#3272,#3273,#3274);
#3272 = CARTESIAN_POINT('',(-0.8,-0.4,0.));
#3273 = DIRECTION('',(0.,1.,0.));
#3274 = DIRECTION('',(0.,-0.,1.));
#3275 = ADVANCED_FACE('',(#3276),#3295,.T.);
#3276 = FACE_BOUND('',#3277,.T.);
#3277 = EDGE_LOOP('',(#3278,#3279,#3287,#3294));
#3278 = ORIENTED_EDGE('',*,*,#3182,.T.);
#3279 = ORIENTED_EDGE('',*,*,#3280,.T.);
#3280 = EDGE_CURVE('',#3183,#3281,#3283,.T.);
#3281 = VERTEX_POINT('',#3282);
#3282 = CARTESIAN_POINT('',(-0.5,-0.37,0.));
#3283 = LINE('',#3284,#3285);
#3284 = CARTESIAN_POINT('',(-0.8,-0.37,0.));
#3285 = VECTOR('',#3286,1.);
#3286 = DIRECTION('',(1.,0.,0.));
#3287 = ORIENTED_EDGE('',*,*,#3288,.F.);
#3288 = EDGE_CURVE('',#3249,#3281,#3289,.T.);
#3289 = CIRCLE('',#3290,3.E-02);
#3290 = AXIS2_PLACEMENT_3D('',#3291,#3292,#3293);
#3291 = CARTESIAN_POINT('',(-0.5,-0.37,3.E-02));
#3292 = DIRECTION('',(1.,0.,-0.));
#3293 = DIRECTION('',(0.,0.,1.));
#3294 = ORIENTED_EDGE('',*,*,#3258,.F.);
#3295 = CYLINDRICAL_SURFACE('',#3296,3.E-02);
#3296 = AXIS2_PLACEMENT_3D('',#3297,#3298,#3299);
#3297 = CARTESIAN_POINT('',(-0.8,-0.37,3.E-02));
#3298 = DIRECTION('',(1.,0.,0.));
#3299 = DIRECTION('',(0.,-1.,0.));
#3300 = ADVANCED_FACE('',(#3301),#3320,.T.);
#3301 = FACE_BOUND('',#3302,.T.);
#3302 = EDGE_LOOP('',(#3303,#3304,#3313,#3319));
#3303 = ORIENTED_EDGE('',*,*,#3265,.T.);
#3304 = ORIENTED_EDGE('',*,*,#3305,.T.);
#3305 = EDGE_CURVE('',#3251,#3306,#3308,.T.);
#3306 = VERTEX_POINT('',#3307);
#3307 = CARTESIAN_POINT('',(-0.5,-0.37,0.8));
#3308 = CIRCLE('',#3309,3.E-02);
#3309 = AXIS2_PLACEMENT_3D('',#3310,#3311,#3312);
#3310 = CARTESIAN_POINT('',(-0.5,-0.37,0.77));
#3311 = DIRECTION('',(-1.,0.,0.));
#3312 = DIRECTION('',(0.,0.,1.));
#3313 = ORIENTED_EDGE('',*,*,#3314,.F.);
#3314 = EDGE_CURVE('',#3226,#3306,#3315,.T.);
#3315 = LINE('',#3316,#3317);
#3316 = CARTESIAN_POINT('',(-0.8,-0.37,0.8));
#3317 = VECTOR('',#3318,1.);
#3318 = DIRECTION('',(1.,0.,0.));
#3319 = ORIENTED_EDGE('',*,*,#3233,.F.);
#3320 = CYLINDRICAL_SURFACE('',#3321,3.E-02);
#3321 = AXIS2_PLACEMENT_3D('',#3322,#3323,#3324);
#3322 = CARTESIAN_POINT('',(-0.8,-0.37,0.77));
#3323 = DIRECTION('',(1.,0.,0.));
#3324 = DIRECTION('',(0.,-1.,0.));
#3325 = ADVANCED_FACE('',(#3326),#3344,.F.);
#3326 = FACE_BOUND('',#3327,.F.);
#3327 = EDGE_LOOP('',(#3328,#3329,#3330,#3338));
#3328 = ORIENTED_EDGE('',*,*,#3191,.F.);
#3329 = ORIENTED_EDGE('',*,*,#3280,.T.);
#3330 = ORIENTED_EDGE('',*,*,#3331,.T.);
#3331 = EDGE_CURVE('',#3281,#3332,#3334,.T.);
#3332 = VERTEX_POINT('',#3333);
#3333 = CARTESIAN_POINT('',(-0.5,0.37,0.));
#3334 = LINE('',#3335,#3336);
#3335 = CARTESIAN_POINT('',(-0.5,-0.4,0.));
#3336 = VECTOR('',#3337,1.);
#3337 = DIRECTION('',(0.,1.,0.));
#3338 = ORIENTED_EDGE('',*,*,#3339,.F.);
#3339 = EDGE_CURVE('',#3192,#3332,#3340,.T.);
#3340 = LINE('',#3341,#3342);
#3341 = CARTESIAN_POINT('',(-0.8,0.37,0.));
#3342 = VECTOR('',#3343,1.);
#3343 = DIRECTION('',(1.,0.,0.));
#3344 = PLANE('',#3345);
#3345 = AXIS2_PLACEMENT_3D('',#3346,#3347,#3348);
#3346 = CARTESIAN_POINT('',(-0.8,-0.4,0.));
#3347 = DIRECTION('',(0.,0.,1.));
#3348 = DIRECTION('',(1.,0.,-0.));
#3349 = ADVANCED_FACE('',(#3350),#3368,.T.);
#3350 = FACE_BOUND('',#3351,.T.);
#3351 = EDGE_LOOP('',(#3352,#3353,#3354,#3362));
#3352 = ORIENTED_EDGE('',*,*,#3225,.F.);
#3353 = ORIENTED_EDGE('',*,*,#3314,.T.);
#3354 = ORIENTED_EDGE('',*,*,#3355,.T.);
#3355 = EDGE_CURVE('',#3306,#3356,#3358,.T.);
#3356 = VERTEX_POINT('',#3357);
#3357 = CARTESIAN_POINT('',(-0.5,0.37,0.8));
#3358 = LINE('',#3359,#3360);
#3359 = CARTESIAN_POINT('',(-0.5,-0.4,0.8));
#3360 = VECTOR('',#3361,1.);
#3361 = DIRECTION('',(0.,1.,0.));
#3362 = ORIENTED_EDGE('',*,*,#3363,.F.);
#3363 = EDGE_CURVE('',#3217,#3356,#3364,.T.);
#3364 = LINE('',#3365,#3366);
#3365 = CARTESIAN_POINT('',(-0.8,0.37,0.8));
#3366 = VECTOR('',#3367,1.);
#3367 = DIRECTION('',(1.,0.,0.));
#3368 = PLANE('',#3369);
#3369 = AXIS2_PLACEMENT_3D('',#3370,#3371,#3372);
#3370 = CARTESIAN_POINT('',(-0.8,-0.4,0.8));
#3371 = DIRECTION('',(0.,0.,1.));
#3372 = DIRECTION('',(1.,0.,-0.));
#3373 = ADVANCED_FACE('',(#3374),#3393,.T.);
#3374 = FACE_BOUND('',#3375,.T.);
#3375 = EDGE_LOOP('',(#3376,#3384,#3391,#3392));
#3376 = ORIENTED_EDGE('',*,*,#3377,.T.);
#3377 = EDGE_CURVE('',#3200,#3378,#3380,.T.);
#3378 = VERTEX_POINT('',#3379);
#3379 = CARTESIAN_POINT('',(-0.5,0.4,3.E-02));
#3380 = LINE('',#3381,#3382);
#3381 = CARTESIAN_POINT('',(-0.8,0.4,3.E-02));
#3382 = VECTOR('',#3383,1.);
#3383 = DIRECTION('',(1.,0.,0.));
#3384 = ORIENTED_EDGE('',*,*,#3385,.T.);
#3385 = EDGE_CURVE('',#3378,#3332,#3386,.T.);
#3386 = CIRCLE('',#3387,3.E-02);
#3387 = AXIS2_PLACEMENT_3D('',#3388,#3389,#3390);
#3388 = CARTESIAN_POINT('',(-0.5,0.37,3.E-02));
#3389 = DIRECTION('',(-1.,0.,0.));
#3390 = DIRECTION('',(0.,0.,1.));
#3391 = ORIENTED_EDGE('',*,*,#3339,.F.);
#3392 = ORIENTED_EDGE('',*,*,#3199,.F.);
#3393 = CYLINDRICAL_SURFACE('',#3394,3.E-02);
#3394 = AXIS2_PLACEMENT_3D('',#3395,#3396,#3397);
#3395 = CARTESIAN_POINT('',(-0.8,0.37,3.E-02));
#3396 = DIRECTION('',(1.,0.,0.));
#3397 = DIRECTION('',(-0.,1.,0.));
#3398 = ADVANCED_FACE('',(#3399),#3418,.T.);
#3399 = FACE_BOUND('',#3400,.T.);
#3400 = EDGE_LOOP('',(#3401,#3402,#3403,#3412));
#3401 = ORIENTED_EDGE('',*,*,#3216,.T.);
#3402 = ORIENTED_EDGE('',*,*,#3363,.T.);
#3403 = ORIENTED_EDGE('',*,*,#3404,.F.);
#3404 = EDGE_CURVE('',#3405,#3356,#3407,.T.);
#3405 = VERTEX_POINT('',#3406);
#3406 = CARTESIAN_POINT('',(-0.5,0.4,0.77));
#3407 = CIRCLE('',#3408,3.E-02);
#3408 = AXIS2_PLACEMENT_3D('',#3409,#3410,#3411);
#3409 = CARTESIAN_POINT('',(-0.5,0.37,0.77));
#3410 = DIRECTION('',(1.,0.,-0.));
#3411 = DIRECTION('',(0.,0.,1.));
#3412 = ORIENTED_EDGE('',*,*,#3413,.F.);
#3413 = EDGE_CURVE('',#3209,#3405,#3414,.T.);
#3414 = LINE('',#3415,#3416);
#3415 = CARTESIAN_POINT('',(-0.8,0.4,0.77));
#3416 = VECTOR('',#3417,1.);
#3417 = DIRECTION('',(1.,0.,0.));
#3418 = CYLINDRICAL_SURFACE('',#3419,3.E-02);
#3419 = AXIS2_PLACEMENT_3D('',#3420,#3421,#3422);
#3420 = CARTESIAN_POINT('',(-0.8,0.37,0.77));
#3421 = DIRECTION('',(1.,0.,0.));
#3422 = DIRECTION('',(-0.,1.,0.));
#3423 = ADVANCED_FACE('',(#3424),#3435,.T.);
#3424 = FACE_BOUND('',#3425,.T.);
#3425 = EDGE_LOOP('',(#3426,#3432,#3433,#3434));
#3426 = ORIENTED_EDGE('',*,*,#3427,.F.);
#3427 = EDGE_CURVE('',#3378,#3405,#3428,.T.);
#3428 = LINE('',#3429,#3430);
#3429 = CARTESIAN_POINT('',(-0.5,0.4,0.));
#3430 = VECTOR('',#3431,1.);
#3431 = DIRECTION('',(0.,0.,1.));
#3432 = ORIENTED_EDGE('',*,*,#3377,.F.);
#3433 = ORIENTED_EDGE('',*,*,#3208,.T.);
#3434 = ORIENTED_EDGE('',*,*,#3413,.T.);
#3435 = PLANE('',#3436);
#3436 = AXIS2_PLACEMENT_3D('',#3437,#3438,#3439);
#3437 = CARTESIAN_POINT('',(-0.8,0.4,0.));
#3438 = DIRECTION('',(0.,1.,0.));
#3439 = DIRECTION('',(0.,-0.,1.));
#3440 = ADVANCED_FACE('',(#3441,#3451),#3521,.T.);
#3441 = FACE_BOUND('',#3442,.T.);
#3442 = EDGE_LOOP('',(#3443,#3444,#3445,#3446,#3447,#3448,#3449,#3450));
#3443 = ORIENTED_EDGE('',*,*,#3248,.F.);
#3444 = ORIENTED_EDGE('',*,*,#3288,.T.);
#3445 = ORIENTED_EDGE('',*,*,#3331,.T.);
#3446 = ORIENTED_EDGE('',*,*,#3385,.F.);
#3447 = ORIENTED_EDGE('',*,*,#3427,.T.);
#3448 = ORIENTED_EDGE('',*,*,#3404,.T.);
#3449 = ORIENTED_EDGE('',*,*,#3355,.F.);
#3450 = ORIENTED_EDGE('',*,*,#3305,.F.);
#3451 = FACE_BOUND('',#3452,.T.);
#3452 = EDGE_LOOP('',(#3453,#3464,#3472,#3481,#3489,#3498,#3506,#3515));
#3453 = ORIENTED_EDGE('',*,*,#3454,.F.);
#3454 = EDGE_CURVE('',#3455,#3457,#3459,.T.);
#3455 = VERTEX_POINT('',#3456);
#3456 = CARTESIAN_POINT('',(-0.5,-0.37,6.E-02));
#3457 = VERTEX_POINT('',#3458);
#3458 = CARTESIAN_POINT('',(-0.5,-0.34,3.E-02));
#3459 = CIRCLE('',#3460,3.E-02);
#3460 = AXIS2_PLACEMENT_3D('',#3461,#3462,#3463);
#3461 = CARTESIAN_POINT('',(-0.5,-0.34,6.E-02));
#3462 = DIRECTION('',(1.,0.,-0.));
#3463 = DIRECTION('',(0.,0.,1.));
#3464 = ORIENTED_EDGE('',*,*,#3465,.T.);
#3465 = EDGE_CURVE('',#3455,#3466,#3468,.T.);
#3466 = VERTEX_POINT('',#3467);
#3467 = CARTESIAN_POINT('',(-0.5,-0.37,0.74));
#3468 = LINE('',#3469,#3470);
#3469 = CARTESIAN_POINT('',(-0.5,-0.37,3.E-02));
#3470 = VECTOR('',#3471,1.);
#3471 = DIRECTION('',(0.,0.,1.));
#3472 = ORIENTED_EDGE('',*,*,#3473,.T.);
#3473 = EDGE_CURVE('',#3466,#3474,#3476,.T.);
#3474 = VERTEX_POINT('',#3475);
#3475 = CARTESIAN_POINT('',(-0.5,-0.34,0.77));
#3476 = CIRCLE('',#3477,3.E-02);
#3477 = AXIS2_PLACEMENT_3D('',#3478,#3479,#3480);
#3478 = CARTESIAN_POINT('',(-0.5,-0.34,0.74));
#3479 = DIRECTION('',(-1.,0.,0.));
#3480 = DIRECTION('',(0.,0.,1.));
#3481 = ORIENTED_EDGE('',*,*,#3482,.T.);
#3482 = EDGE_CURVE('',#3474,#3483,#3485,.T.);
#3483 = VERTEX_POINT('',#3484);
#3484 = CARTESIAN_POINT('',(-0.5,0.34,0.77));
#3485 = LINE('',#3486,#3487);
#3486 = CARTESIAN_POINT('',(-0.5,-0.37,0.77));
#3487 = VECTOR('',#3488,1.);
#3488 = DIRECTION('',(0.,1.,0.));
#3489 = ORIENTED_EDGE('',*,*,#3490,.F.);
#3490 = EDGE_CURVE('',#3491,#3483,#3493,.T.);
#3491 = VERTEX_POINT('',#3492);
#3492 = CARTESIAN_POINT('',(-0.5,0.37,0.74));
#3493 = CIRCLE('',#3494,3.E-02);
#3494 = AXIS2_PLACEMENT_3D('',#3495,#3496,#3497);
#3495 = CARTESIAN_POINT('',(-0.5,0.34,0.74));
#3496 = DIRECTION('',(1.,0.,-0.));
#3497 = DIRECTION('',(0.,0.,1.));
#3498 = ORIENTED_EDGE('',*,*,#3499,.F.);
#3499 = EDGE_CURVE('',#3500,#3491,#3502,.T.);
#3500 = VERTEX_POINT('',#3501);
#3501 = CARTESIAN_POINT('',(-0.5,0.37,6.E-02));
#3502 = LINE('',#3503,#3504);
#3503 = CARTESIAN_POINT('',(-0.5,0.37,3.E-02));
#3504 = VECTOR('',#3505,1.);
#3505 = DIRECTION('',(0.,0.,1.));
#3506 = ORIENTED_EDGE('',*,*,#3507,.T.);
#3507 = EDGE_CURVE('',#3500,#3508,#3510,.T.);
#3508 = VERTEX_POINT('',#3509);
#3509 = CARTESIAN_POINT('',(-0.5,0.34,3.E-02));
#3510 = CIRCLE('',#3511,3.E-02);
#3511 = AXIS2_PLACEMENT_3D('',#3512,#3513,#3514);
#3512 = CARTESIAN_POINT('',(-0.5,0.34,6.E-02));
#3513 = DIRECTION('',(-1.,0.,0.));
#3514 = DIRECTION('',(0.,0.,1.));
#3515 = ORIENTED_EDGE('',*,*,#3516,.F.);
#3516 = EDGE_CURVE('',#3457,#3508,#3517,.T.);
#3517 = LINE('',#3518,#3519);
#3518 = CARTESIAN_POINT('',(-0.5,-0.37,3.E-02));
#3519 = VECTOR('',#3520,1.);
#3520 = DIRECTION('',(0.,1.,0.));
#3521 = PLANE('',#3522);
#3522 = AXIS2_PLACEMENT_3D('',#3523,#3524,#3525);
#3523 = CARTESIAN_POINT('',(-0.5,-0.4,0.));
#3524 = DIRECTION('',(1.,0.,0.));
#3525 = DIRECTION('',(0.,0.,1.));
#3526 = ADVANCED_FACE('',(#3527),#3553,.T.);
#3527 = FACE_BOUND('',#3528,.T.);
#3528 = EDGE_LOOP('',(#3529,#3530,#3538,#3547));
#3529 = ORIENTED_EDGE('',*,*,#3454,.T.);
#3530 = ORIENTED_EDGE('',*,*,#3531,.T.);
#3531 = EDGE_CURVE('',#3457,#3532,#3534,.T.);
#3532 = VERTEX_POINT('',#3533);
#3533 = CARTESIAN_POINT('',(0.5,-0.34,3.E-02));
#3534 = LINE('',#3535,#3536);
#3535 = CARTESIAN_POINT('',(-0.5,-0.34,3.E-02));
#3536 = VECTOR('',#3537,1.);
#3537 = DIRECTION('',(1.,0.,0.));
#3538 = ORIENTED_EDGE('',*,*,#3539,.F.);
#3539 = EDGE_CURVE('',#3540,#3532,#3542,.T.);
#3540 = VERTEX_POINT('',#3541);
#3541 = CARTESIAN_POINT('',(0.5,-0.37,6.E-02));
#3542 = CIRCLE('',#3543,3.E-02);
#3543 = AXIS2_PLACEMENT_3D('',#3544,#3545,#3546);
#3544 = CARTESIAN_POINT('',(0.5,-0.34,6.E-02));
#3545 = DIRECTION('',(1.,0.,-0.));
#3546 = DIRECTION('',(0.,0.,1.));
#3547 = ORIENTED_EDGE('',*,*,#3548,.F.);
#3548 = EDGE_CURVE('',#3455,#3540,#3549,.T.);
#3549 = LINE('',#3550,#3551);
#3550 = CARTESIAN_POINT('',(-0.5,-0.37,6.E-02));
#3551 = VECTOR('',#3552,1.);
#3552 = DIRECTION('',(1.,0.,0.));
#3553 = CYLINDRICAL_SURFACE('',#3554,3.E-02);
#3554 = AXIS2_PLACEMENT_3D('',#3555,#3556,#3557);
#3555 = CARTESIAN_POINT('',(-0.5,-0.34,6.E-02));
#3556 = DIRECTION('',(1.,0.,0.));
#3557 = DIRECTION('',(0.,-1.,0.));
#3558 = ADVANCED_FACE('',(#3559),#3577,.F.);
#3559 = FACE_BOUND('',#3560,.F.);
#3560 = EDGE_LOOP('',(#3561,#3562,#3563,#3571));
#3561 = ORIENTED_EDGE('',*,*,#3516,.F.);
#3562 = ORIENTED_EDGE('',*,*,#3531,.T.);
#3563 = ORIENTED_EDGE('',*,*,#3564,.T.);
#3564 = EDGE_CURVE('',#3532,#3565,#3567,.T.);
#3565 = VERTEX_POINT('',#3566);
#3566 = CARTESIAN_POINT('',(0.5,0.34,3.E-02));
#3567 = LINE('',#3568,#3569);
#3568 = CARTESIAN_POINT('',(0.5,-0.37,3.E-02));
#3569 = VECTOR('',#3570,1.);
#3570 = DIRECTION('',(0.,1.,0.));
#3571 = ORIENTED_EDGE('',*,*,#3572,.F.);
#3572 = EDGE_CURVE('',#3508,#3565,#3573,.T.);
#3573 = LINE('',#3574,#3575);
#3574 = CARTESIAN_POINT('',(-0.5,0.34,3.E-02));
#3575 = VECTOR('',#3576,1.);
#3576 = DIRECTION('',(1.,0.,0.));
#3577 = PLANE('',#3578);
#3578 = AXIS2_PLACEMENT_3D('',#3579,#3580,#3581);
#3579 = CARTESIAN_POINT('',(-0.5,-0.37,3.E-02));
#3580 = DIRECTION('',(0.,0.,1.));
#3581 = DIRECTION('',(1.,0.,-0.));
#3582 = ADVANCED_FACE('',(#3583),#3602,.T.);
#3583 = FACE_BOUND('',#3584,.T.);
#3584 = EDGE_LOOP('',(#3585,#3593,#3600,#3601));
#3585 = ORIENTED_EDGE('',*,*,#3586,.T.);
#3586 = EDGE_CURVE('',#3500,#3587,#3589,.T.);
#3587 = VERTEX_POINT('',#3588);
#3588 = CARTESIAN_POINT('',(0.5,0.37,6.E-02));
#3589 = LINE('',#3590,#3591);
#3590 = CARTESIAN_POINT('',(-0.5,0.37,6.E-02));
#3591 = VECTOR('',#3592,1.);
#3592 = DIRECTION('',(1.,0.,0.));
#3593 = ORIENTED_EDGE('',*,*,#3594,.T.);
#3594 = EDGE_CURVE('',#3587,#3565,#3595,.T.);
#3595 = CIRCLE('',#3596,3.E-02);
#3596 = AXIS2_PLACEMENT_3D('',#3597,#3598,#3599);
#3597 = CARTESIAN_POINT('',(0.5,0.34,6.E-02));
#3598 = DIRECTION('',(-1.,0.,0.));
#3599 = DIRECTION('',(0.,0.,1.));
#3600 = ORIENTED_EDGE('',*,*,#3572,.F.);
#3601 = ORIENTED_EDGE('',*,*,#3507,.F.);
#3602 = CYLINDRICAL_SURFACE('',#3603,3.E-02);
#3603 = AXIS2_PLACEMENT_3D('',#3604,#3605,#3606);
#3604 = CARTESIAN_POINT('',(-0.5,0.34,6.E-02));
#3605 = DIRECTION('',(1.,0.,0.));
#3606 = DIRECTION('',(-0.,1.,0.));
#3607 = ADVANCED_FACE('',(#3608),#3626,.T.);
#3608 = FACE_BOUND('',#3609,.T.);
#3609 = EDGE_LOOP('',(#3610,#3618,#3619,#3620));
#3610 = ORIENTED_EDGE('',*,*,#3611,.F.);
#3611 = EDGE_CURVE('',#3587,#3612,#3614,.T.);
#3612 = VERTEX_POINT('',#3613);
#3613 = CARTESIAN_POINT('',(0.5,0.37,0.74));
#3614 = LINE('',#3615,#3616);
#3615 = CARTESIAN_POINT('',(0.5,0.37,3.E-02));
#3616 = VECTOR('',#3617,1.);
#3617 = DIRECTION('',(0.,0.,1.));
#3618 = ORIENTED_EDGE('',*,*,#3586,.F.);
#3619 = ORIENTED_EDGE('',*,*,#3499,.T.);
#3620 = ORIENTED_EDGE('',*,*,#3621,.T.);
#3621 = EDGE_CURVE('',#3491,#3612,#3622,.T.);
#3622 = LINE('',#3623,#3624);
#3623 = CARTESIAN_POINT('',(-0.5,0.37,0.74));
#3624 = VECTOR('',#3625,1.);
#3625 = DIRECTION('',(1.,0.,0.));
#3626 = PLANE('',#3627);
#3627 = AXIS2_PLACEMENT_3D('',#3628,#3629,#3630);
#3628 = CARTESIAN_POINT('',(-0.5,0.37,3.E-02));
#3629 = DIRECTION('',(0.,1.,0.));
#3630 = DIRECTION('',(0.,-0.,1.));
#3631 = ADVANCED_FACE('',(#3632),#3651,.T.);
#3632 = FACE_BOUND('',#3633,.T.);
#3633 = EDGE_LOOP('',(#3634,#3635,#3643,#3650));
#3634 = ORIENTED_EDGE('',*,*,#3490,.T.);
#3635 = ORIENTED_EDGE('',*,*,#3636,.T.);
#3636 = EDGE_CURVE('',#3483,#3637,#3639,.T.);
#3637 = VERTEX_POINT('',#3638);
#3638 = CARTESIAN_POINT('',(0.5,0.34,0.77));
#3639 = LINE('',#3640,#3641);
#3640 = CARTESIAN_POINT('',(-0.5,0.34,0.77));
#3641 = VECTOR('',#3642,1.);
#3642 = DIRECTION('',(1.,0.,0.));
#3643 = ORIENTED_EDGE('',*,*,#3644,.F.);
#3644 = EDGE_CURVE('',#3612,#3637,#3645,.T.);
#3645 = CIRCLE('',#3646,3.E-02);
#3646 = AXIS2_PLACEMENT_3D('',#3647,#3648,#3649);
#3647 = CARTESIAN_POINT('',(0.5,0.34,0.74));
#3648 = DIRECTION('',(1.,0.,-0.));
#3649 = DIRECTION('',(0.,0.,1.));
#3650 = ORIENTED_EDGE('',*,*,#3621,.F.);
#3651 = CYLINDRICAL_SURFACE('',#3652,3.E-02);
#3652 = AXIS2_PLACEMENT_3D('',#3653,#3654,#3655);
#3653 = CARTESIAN_POINT('',(-0.5,0.34,0.74));
#3654 = DIRECTION('',(1.,0.,0.));
#3655 = DIRECTION('',(-0.,1.,0.));
#3656 = ADVANCED_FACE('',(#3657),#3675,.T.);
#3657 = FACE_BOUND('',#3658,.T.);
#3658 = EDGE_LOOP('',(#3659,#3660,#3668,#3674));
#3659 = ORIENTED_EDGE('',*,*,#3482,.F.);
#3660 = ORIENTED_EDGE('',*,*,#3661,.T.);
#3661 = EDGE_CURVE('',#3474,#3662,#3664,.T.);
#3662 = VERTEX_POINT('',#3663);
#3663 = CARTESIAN_POINT('',(0.5,-0.34,0.77));
#3664 = LINE('',#3665,#3666);
#3665 = CARTESIAN_POINT('',(-0.5,-0.34,0.77));
#3666 = VECTOR('',#3667,1.);
#3667 = DIRECTION('',(1.,0.,0.));
#3668 = ORIENTED_EDGE('',*,*,#3669,.T.);
#3669 = EDGE_CURVE('',#3662,#3637,#3670,.T.);
#3670 = LINE('',#3671,#3672);
#3671 = CARTESIAN_POINT('',(0.5,-0.37,0.77));
#3672 = VECTOR('',#3673,1.);
#3673 = DIRECTION('',(0.,1.,0.));
#3674 = ORIENTED_EDGE('',*,*,#3636,.F.);
#3675 = PLANE('',#3676);
#3676 = AXIS2_PLACEMENT_3D('',#3677,#3678,#3679);
#3677 = CARTESIAN_POINT('',(-0.5,-0.37,0.77));
#3678 = DIRECTION('',(0.,0.,1.));
#3679 = DIRECTION('',(1.,0.,-0.));
#3680 = ADVANCED_FACE('',(#3681),#3700,.T.);
#3681 = FACE_BOUND('',#3682,.T.);
#3682 = EDGE_LOOP('',(#3683,#3691,#3698,#3699));
#3683 = ORIENTED_EDGE('',*,*,#3684,.T.);
#3684 = EDGE_CURVE('',#3466,#3685,#3687,.T.);
#3685 = VERTEX_POINT('',#3686);
#3686 = CARTESIAN_POINT('',(0.5,-0.37,0.74));
#3687 = LINE('',#3688,#3689);
#3688 = CARTESIAN_POINT('',(-0.5,-0.37,0.74));
#3689 = VECTOR('',#3690,1.);
#3690 = DIRECTION('',(1.,0.,0.));
#3691 = ORIENTED_EDGE('',*,*,#3692,.T.);
#3692 = EDGE_CURVE('',#3685,#3662,#3693,.T.);
#3693 = CIRCLE('',#3694,3.E-02);
#3694 = AXIS2_PLACEMENT_3D('',#3695,#3696,#3697);
#3695 = CARTESIAN_POINT('',(0.5,-0.34,0.74));
#3696 = DIRECTION('',(-1.,0.,0.));
#3697 = DIRECTION('',(0.,0.,1.));
#3698 = ORIENTED_EDGE('',*,*,#3661,.F.);
#3699 = ORIENTED_EDGE('',*,*,#3473,.F.);
#3700 = CYLINDRICAL_SURFACE('',#3701,3.E-02);
#3701 = AXIS2_PLACEMENT_3D('',#3702,#3703,#3704);
#3702 = CARTESIAN_POINT('',(-0.5,-0.34,0.74));
#3703 = DIRECTION('',(1.,0.,0.));
#3704 = DIRECTION('',(0.,-1.,0.));
#3705 = ADVANCED_FACE('',(#3706),#3717,.F.);
#3706 = FACE_BOUND('',#3707,.F.);
#3707 = EDGE_LOOP('',(#3708,#3714,#3715,#3716));
#3708 = ORIENTED_EDGE('',*,*,#3709,.F.);
#3709 = EDGE_CURVE('',#3540,#3685,#3710,.T.);
#3710 = LINE('',#3711,#3712);
#3711 = CARTESIAN_POINT('',(0.5,-0.37,3.E-02));
#3712 = VECTOR('',#3713,1.);
#3713 = DIRECTION('',(0.,0.,1.));
#3714 = ORIENTED_EDGE('',*,*,#3548,.F.);
#3715 = ORIENTED_EDGE('',*,*,#3465,.T.);
#3716 = ORIENTED_EDGE('',*,*,#3684,.T.);
#3717 = PLANE('',#3718);
#3718 = AXIS2_PLACEMENT_3D('',#3719,#3720,#3721);
#3719 = CARTESIAN_POINT('',(-0.5,-0.37,3.E-02));
#3720 = DIRECTION('',(0.,1.,0.));
#3721 = DIRECTION('',(0.,-0.,1.));
#3722 = ADVANCED_FACE('',(#3723,#3793),#3803,.F.);
#3723 = FACE_BOUND('',#3724,.F.);
#3724 = EDGE_LOOP('',(#3725,#3735,#3744,#3752,#3761,#3769,#3778,#3786));
#3725 = ORIENTED_EDGE('',*,*,#3726,.F.);
#3726 = EDGE_CURVE('',#3727,#3729,#3731,.T.);
#3727 = VERTEX_POINT('',#3728);
#3728 = CARTESIAN_POINT('',(0.5,-0.4,3.E-02));
#3729 = VERTEX_POINT('',#3730);
#3730 = CARTESIAN_POINT('',(0.5,-0.4,0.77));
#3731 = LINE('',#3732,#3733);
#3732 = CARTESIAN_POINT('',(0.5,-0.4,0.));
#3733 = VECTOR('',#3734,1.);
#3734 = DIRECTION('',(0.,0.,1.));
#3735 = ORIENTED_EDGE('',*,*,#3736,.T.);
#3736 = EDGE_CURVE('',#3727,#3737,#3739,.T.);
#3737 = VERTEX_POINT('',#3738);
#3738 = CARTESIAN_POINT('',(0.5,-0.37,0.));
#3739 = CIRCLE('',#3740,3.E-02);
#3740 = AXIS2_PLACEMENT_3D('',#3741,#3742,#3743);
#3741 = CARTESIAN_POINT('',(0.5,-0.37,3.E-02));
#3742 = DIRECTION('',(1.,0.,-0.));
#3743 = DIRECTION('',(0.,0.,1.));
#3744 = ORIENTED_EDGE('',*,*,#3745,.T.);
#3745 = EDGE_CURVE('',#3737,#3746,#3748,.T.);
#3746 = VERTEX_POINT('',#3747);
#3747 = CARTESIAN_POINT('',(0.5,0.37,0.));
#3748 = LINE('',#3749,#3750);
#3749 = CARTESIAN_POINT('',(0.5,-0.4,0.));
#3750 = VECTOR('',#3751,1.);
#3751 = DIRECTION('',(0.,1.,0.));
#3752 = ORIENTED_EDGE('',*,*,#3753,.F.);
#3753 = EDGE_CURVE('',#3754,#3746,#3756,.T.);
#3754 = VERTEX_POINT('',#3755);
#3755 = CARTESIAN_POINT('',(0.5,0.4,3.E-02));
#3756 = CIRCLE('',#3757,3.E-02);
#3757 = AXIS2_PLACEMENT_3D('',#3758,#3759,#3760);
#3758 = CARTESIAN_POINT('',(0.5,0.37,3.E-02));
#3759 = DIRECTION('',(-1.,0.,0.));
#3760 = DIRECTION('',(0.,0.,1.));
#3761 = ORIENTED_EDGE('',*,*,#3762,.T.);
#3762 = EDGE_CURVE('',#3754,#3763,#3765,.T.);
#3763 = VERTEX_POINT('',#3764);
#3764 = CARTESIAN_POINT('',(0.5,0.4,0.77));
#3765 = LINE('',#3766,#3767);
#3766 = CARTESIAN_POINT('',(0.5,0.4,0.));
#3767 = VECTOR('',#3768,1.);
#3768 = DIRECTION('',(0.,0.,1.));
#3769 = ORIENTED_EDGE('',*,*,#3770,.T.);
#3770 = EDGE_CURVE('',#3763,#3771,#3773,.T.);
#3771 = VERTEX_POINT('',#3772);
#3772 = CARTESIAN_POINT('',(0.5,0.37,0.8));
#3773 = CIRCLE('',#3774,3.E-02);
#3774 = AXIS2_PLACEMENT_3D('',#3775,#3776,#3777);
#3775 = CARTESIAN_POINT('',(0.5,0.37,0.77));
#3776 = DIRECTION('',(1.,0.,-0.));
#3777 = DIRECTION('',(0.,0.,1.));
#3778 = ORIENTED_EDGE('',*,*,#3779,.F.);
#3779 = EDGE_CURVE('',#3780,#3771,#3782,.T.);
#3780 = VERTEX_POINT('',#3781);
#3781 = CARTESIAN_POINT('',(0.5,-0.37,0.8));
#3782 = LINE('',#3783,#3784);
#3783 = CARTESIAN_POINT('',(0.5,-0.4,0.8));
#3784 = VECTOR('',#3785,1.);
#3785 = DIRECTION('',(0.,1.,0.));
#3786 = ORIENTED_EDGE('',*,*,#3787,.F.);
#3787 = EDGE_CURVE('',#3729,#3780,#3788,.T.);
#3788 = CIRCLE('',#3789,3.E-02);
#3789 = AXIS2_PLACEMENT_3D('',#3790,#3791,#3792);
#3790 = CARTESIAN_POINT('',(0.5,-0.37,0.77));
#3791 = DIRECTION('',(-1.,0.,0.));
#3792 = DIRECTION('',(0.,0.,1.));
#3793 = FACE_BOUND('',#3794,.F.);
#3794 = EDGE_LOOP('',(#3795,#3796,#3797,#3798,#3799,#3800,#3801,#3802));
#3795 = ORIENTED_EDGE('',*,*,#3539,.F.);
#3796 = ORIENTED_EDGE('',*,*,#3709,.T.);
#3797 = ORIENTED_EDGE('',*,*,#3692,.T.);
#3798 = ORIENTED_EDGE('',*,*,#3669,.T.);
#3799 = ORIENTED_EDGE('',*,*,#3644,.F.);
#3800 = ORIENTED_EDGE('',*,*,#3611,.F.);
#3801 = ORIENTED_EDGE('',*,*,#3594,.T.);
#3802 = ORIENTED_EDGE('',*,*,#3564,.F.);
#3803 = PLANE('',#3804);
#3804 = AXIS2_PLACEMENT_3D('',#3805,#3806,#3807);
#3805 = CARTESIAN_POINT('',(0.5,-0.4,0.));
#3806 = DIRECTION('',(1.,0.,0.));
#3807 = DIRECTION('',(0.,0.,1.));
#3808 = ADVANCED_FACE('',(#3809),#3834,.F.);
#3809 = FACE_BOUND('',#3810,.F.);
#3810 = EDGE_LOOP('',(#3811,#3821,#3827,#3828));
#3811 = ORIENTED_EDGE('',*,*,#3812,.F.);
#3812 = EDGE_CURVE('',#3813,#3815,#3817,.T.);
#3813 = VERTEX_POINT('',#3814);
#3814 = CARTESIAN_POINT('',(0.8,-0.4,3.E-02));
#3815 = VERTEX_POINT('',#3816);
#3816 = CARTESIAN_POINT('',(0.8,-0.4,0.77));
#3817 = LINE('',#3818,#3819);
#3818 = CARTESIAN_POINT('',(0.8,-0.4,0.));
#3819 = VECTOR('',#3820,1.);
#3820 = DIRECTION('',(0.,0.,1.));
#3821 = ORIENTED_EDGE('',*,*,#3822,.F.);
#3822 = EDGE_CURVE('',#3727,#3813,#3823,.T.);
#3823 = LINE('',#3824,#3825);
#3824 = CARTESIAN_POINT('',(0.5,-0.4,3.E-02));
#3825 = VECTOR('',#3826,1.);
#3826 = DIRECTION('',(1.,0.,0.));
#3827 = ORIENTED_EDGE('',*,*,#3726,.T.);
#3828 = ORIENTED_EDGE('',*,*,#3829,.T.);
#3829 = EDGE_CURVE('',#3729,#3815,#3830,.T.);
#3830 = LINE('',#3831,#3832);
#3831 = CARTESIAN_POINT('',(0.5,-0.4,0.77));
#3832 = VECTOR('',#3833,1.);
#3833 = DIRECTION('',(1.,0.,0.));
#3834 = PLANE('',#3835);
#3835 = AXIS2_PLACEMENT_3D('',#3836,#3837,#3838);
#3836 = CARTESIAN_POINT('',(0.5,-0.4,0.));
#3837 = DIRECTION('',(0.,1.,0.));
#3838 = DIRECTION('',(0.,-0.,1.));
#3839 = ADVANCED_FACE('',(#3840),#3859,.T.);
#3840 = FACE_BOUND('',#3841,.T.);
#3841 = EDGE_LOOP('',(#3842,#3843,#3851,#3858));
#3842 = ORIENTED_EDGE('',*,*,#3736,.T.);
#3843 = ORIENTED_EDGE('',*,*,#3844,.T.);
#3844 = EDGE_CURVE('',#3737,#3845,#3847,.T.);
#3845 = VERTEX_POINT('',#3846);
#3846 = CARTESIAN_POINT('',(0.8,-0.37,0.));
#3847 = LINE('',#3848,#3849);
#3848 = CARTESIAN_POINT('',(0.5,-0.37,0.));
#3849 = VECTOR('',#3850,1.);
#3850 = DIRECTION('',(1.,0.,0.));
#3851 = ORIENTED_EDGE('',*,*,#3852,.F.);
#3852 = EDGE_CURVE('',#3813,#3845,#3853,.T.);
#3853 = CIRCLE('',#3854,3.E-02);
#3854 = AXIS2_PLACEMENT_3D('',#3855,#3856,#3857);
#3855 = CARTESIAN_POINT('',(0.8,-0.37,3.E-02));
#3856 = DIRECTION('',(1.,0.,-0.));
#3857 = DIRECTION('',(0.,0.,1.));
#3858 = ORIENTED_EDGE('',*,*,#3822,.F.);
#3859 = CYLINDRICAL_SURFACE('',#3860,3.E-02);
#3860 = AXIS2_PLACEMENT_3D('',#3861,#3862,#3863);
#3861 = CARTESIAN_POINT('',(0.5,-0.37,3.E-02));
#3862 = DIRECTION('',(1.,0.,0.));
#3863 = DIRECTION('',(0.,-1.,0.));
#3864 = ADVANCED_FACE('',(#3865),#3884,.T.);
#3865 = FACE_BOUND('',#3866,.T.);
#3866 = EDGE_LOOP('',(#3867,#3868,#3877,#3883));
#3867 = ORIENTED_EDGE('',*,*,#3829,.T.);
#3868 = ORIENTED_EDGE('',*,*,#3869,.T.);
#3869 = EDGE_CURVE('',#3815,#3870,#3872,.T.);
#3870 = VERTEX_POINT('',#3871);
#3871 = CARTESIAN_POINT('',(0.8,-0.37,0.8));
#3872 = CIRCLE('',#3873,3.E-02);
#3873 = AXIS2_PLACEMENT_3D('',#3874,#3875,#3876);
#3874 = CARTESIAN_POINT('',(0.8,-0.37,0.77));
#3875 = DIRECTION('',(-1.,0.,0.));
#3876 = DIRECTION('',(0.,0.,1.));
#3877 = ORIENTED_EDGE('',*,*,#3878,.F.);
#3878 = EDGE_CURVE('',#3780,#3870,#3879,.T.);
#3879 = LINE('',#3880,#3881);
#3880 = CARTESIAN_POINT('',(0.5,-0.37,0.8));
#3881 = VECTOR('',#3882,1.);
#3882 = DIRECTION('',(1.,0.,0.));
#3883 = ORIENTED_EDGE('',*,*,#3787,.F.);
#3884 = CYLINDRICAL_SURFACE('',#3885,3.E-02);
#3885 = AXIS2_PLACEMENT_3D('',#3886,#3887,#3888);
#3886 = CARTESIAN_POINT('',(0.5,-0.37,0.77));
#3887 = DIRECTION('',(1.,0.,0.));
#3888 = DIRECTION('',(0.,-1.,0.));
#3889 = ADVANCED_FACE('',(#3890),#3908,.F.);
#3890 = FACE_BOUND('',#3891,.F.);
#3891 = EDGE_LOOP('',(#3892,#3893,#3894,#3902));
#3892 = ORIENTED_EDGE('',*,*,#3745,.F.);
#3893 = ORIENTED_EDGE('',*,*,#3844,.T.);
#3894 = ORIENTED_EDGE('',*,*,#3895,.T.);
#3895 = EDGE_CURVE('',#3845,#3896,#3898,.T.);
#3896 = VERTEX_POINT('',#3897);
#3897 = CARTESIAN_POINT('',(0.8,0.37,0.));
#3898 = LINE('',#3899,#3900);
#3899 = CARTESIAN_POINT('',(0.8,-0.4,0.));
#3900 = VECTOR('',#3901,1.);
#3901 = DIRECTION('',(0.,1.,0.));
#3902 = ORIENTED_EDGE('',*,*,#3903,.F.);
#3903 = EDGE_CURVE('',#3746,#3896,#3904,.T.);
#3904 = LINE('',#3905,#3906);
#3905 = CARTESIAN_POINT('',(0.5,0.37,0.));
#3906 = VECTOR('',#3907,1.);
#3907 = DIRECTION('',(1.,0.,0.));
#3908 = PLANE('',#3909);
#3909 = AXIS2_PLACEMENT_3D('',#3910,#3911,#3912);
#3910 = CARTESIAN_POINT('',(0.5,-0.4,0.));
#3911 = DIRECTION('',(0.,0.,1.));
#3912 = DIRECTION('',(1.,0.,-0.));
#3913 = ADVANCED_FACE('',(#3914),#3932,.T.);
#3914 = FACE_BOUND('',#3915,.T.);
#3915 = EDGE_LOOP('',(#3916,#3917,#3918,#3926));
#3916 = ORIENTED_EDGE('',*,*,#3779,.F.);
#3917 = ORIENTED_EDGE('',*,*,#3878,.T.);
#3918 = ORIENTED_EDGE('',*,*,#3919,.T.);
#3919 = EDGE_CURVE('',#3870,#3920,#3922,.T.);
#3920 = VERTEX_POINT('',#3921);
#3921 = CARTESIAN_POINT('',(0.8,0.37,0.8));
#3922 = LINE('',#3923,#3924);
#3923 = CARTESIAN_POINT('',(0.8,-0.4,0.8));
#3924 = VECTOR('',#3925,1.);
#3925 = DIRECTION('',(0.,1.,0.));
#3926 = ORIENTED_EDGE('',*,*,#3927,.F.);
#3927 = EDGE_CURVE('',#3771,#3920,#3928,.T.);
#3928 = LINE('',#3929,#3930);
#3929 = CARTESIAN_POINT('',(0.5,0.37,0.8));
#3930 = VECTOR('',#3931,1.);
#3931 = DIRECTION('',(1.,0.,0.));
#3932 = PLANE('',#3933);
#3933 = AXIS2_PLACEMENT_3D('',#3934,#3935,#3936);
#3934 = CARTESIAN_POINT('',(0.5,-0.4,0.8));
#3935 = DIRECTION('',(0.,0.,1.));
#3936 = DIRECTION('',(1.,0.,-0.));
#3937 = ADVANCED_FACE('',(#3938),#3957,.T.);
#3938 = FACE_BOUND('',#3939,.T.);
#3939 = EDGE_LOOP('',(#3940,#3948,#3955,#3956));
#3940 = ORIENTED_EDGE('',*,*,#3941,.T.);
#3941 = EDGE_CURVE('',#3754,#3942,#3944,.T.);
#3942 = VERTEX_POINT('',#3943);
#3943 = CARTESIAN_POINT('',(0.8,0.4,3.E-02));
#3944 = LINE('',#3945,#3946);
#3945 = CARTESIAN_POINT('',(0.5,0.4,3.E-02));
#3946 = VECTOR('',#3947,1.);
#3947 = DIRECTION('',(1.,0.,0.));
#3948 = ORIENTED_EDGE('',*,*,#3949,.T.);
#3949 = EDGE_CURVE('',#3942,#3896,#3950,.T.);
#3950 = CIRCLE('',#3951,3.E-02);
#3951 = AXIS2_PLACEMENT_3D('',#3952,#3953,#3954);
#3952 = CARTESIAN_POINT('',(0.8,0.37,3.E-02));
#3953 = DIRECTION('',(-1.,0.,0.));
#3954 = DIRECTION('',(0.,0.,1.));
#3955 = ORIENTED_EDGE('',*,*,#3903,.F.);
#3956 = ORIENTED_EDGE('',*,*,#3753,.F.);
#3957 = CYLINDRICAL_SURFACE('',#3958,3.E-02);
#3958 = AXIS2_PLACEMENT_3D('',#3959,#3960,#3961);
#3959 = CARTESIAN_POINT('',(0.5,0.37,3.E-02));
#3960 = DIRECTION('',(1.,0.,0.));
#3961 = DIRECTION('',(-0.,1.,0.));
#3962 = ADVANCED_FACE('',(#3963),#3982,.T.);
#3963 = FACE_BOUND('',#3964,.T.);
#3964 = EDGE_LOOP('',(#3965,#3966,#3967,#3976));
#3965 = ORIENTED_EDGE('',*,*,#3770,.T.);
#3966 = ORIENTED_EDGE('',*,*,#3927,.T.);
#3967 = ORIENTED_EDGE('',*,*,#3968,.F.);
#3968 = EDGE_CURVE('',#3969,#3920,#3971,.T.);
#3969 = VERTEX_POINT('',#3970);
#3970 = CARTESIAN_POINT('',(0.8,0.4,0.77));
#3971 = CIRCLE('',#3972,3.E-02);
#3972 = AXIS2_PLACEMENT_3D('',#3973,#3974,#3975);
#3973 = CARTESIAN_POINT('',(0.8,0.37,0.77));
#3974 = DIRECTION('',(1.,0.,-0.));
#3975 = DIRECTION('',(0.,0.,1.));
#3976 = ORIENTED_EDGE('',*,*,#3977,.F.);
#3977 = EDGE_CURVE('',#3763,#3969,#3978,.T.);
#3978 = LINE('',#3979,#3980);
#3979 = CARTESIAN_POINT('',(0.5,0.4,0.77));
#3980 = VECTOR('',#3981,1.);
#3981 = DIRECTION('',(1.,0.,0.));
#3982 = CYLINDRICAL_SURFACE('',#3983,3.E-02);
#3983 = AXIS2_PLACEMENT_3D('',#3984,#3985,#3986);
#3984 = CARTESIAN_POINT('',(0.5,0.37,0.77));
#3985 = DIRECTION('',(1.,0.,0.));
#3986 = DIRECTION('',(-0.,1.,0.));
#3987 = ADVANCED_FACE('',(#3988),#3999,.T.);
#3988 = FACE_BOUND('',#3989,.T.);
#3989 = EDGE_LOOP('',(#3990,#3996,#3997,#3998));
#3990 = ORIENTED_EDGE('',*,*,#3991,.F.);
#3991 = EDGE_CURVE('',#3942,#3969,#3992,.T.);
#3992 = LINE('',#3993,#3994);
#3993 = CARTESIAN_POINT('',(0.8,0.4,0.));
#3994 = VECTOR('',#3995,1.);
#3995 = DIRECTION('',(0.,0.,1.));
#3996 = ORIENTED_EDGE('',*,*,#3941,.F.);
#3997 = ORIENTED_EDGE('',*,*,#3762,.T.);
#3998 = ORIENTED_EDGE('',*,*,#3977,.T.);
#3999 = PLANE('',#4000);
#4000 = AXIS2_PLACEMENT_3D('',#4001,#4002,#4003);
#4001 = CARTESIAN_POINT('',(0.5,0.4,0.));
#4002 = DIRECTION('',(0.,1.,0.));
#4003 = DIRECTION('',(0.,-0.,1.));
#4004 = ADVANCED_FACE('',(#4005),#4015,.T.);
#4005 = FACE_BOUND('',#4006,.T.);
#4006 = EDGE_LOOP('',(#4007,#4008,#4009,#4010,#4011,#4012,#4013,#4014));
#4007 = ORIENTED_EDGE('',*,*,#3812,.F.);
#4008 = ORIENTED_EDGE('',*,*,#3852,.T.);
#4009 = ORIENTED_EDGE('',*,*,#3895,.T.);
#4010 = ORIENTED_EDGE('',*,*,#3949,.F.);
#4011 = ORIENTED_EDGE('',*,*,#3991,.T.);
#4012 = ORIENTED_EDGE('',*,*,#3968,.T.);
#4013 = ORIENTED_EDGE('',*,*,#3919,.F.);
#4014 = ORIENTED_EDGE('',*,*,#3869,.F.);
#4015 = PLANE('',#4016);
#4016 = AXIS2_PLACEMENT_3D('',#4017,#4018,#4019);
#4017 = CARTESIAN_POINT('',(0.8,-0.4,0.));
#4018 = DIRECTION('',(1.,0.,0.));
#4019 = DIRECTION('',(0.,0.,1.));
#4020 = ( GEOMETRIC_REPRESENTATION_CONTEXT(3) 
GLOBAL_UNCERTAINTY_ASSIGNED_CONTEXT((#4024)) 
GLOBAL_UNIT_ASSIGNED_CONTEXT((#4021,#4022,#4023)) REPRESENTATION_CONTEXT
('Context #1','3D Context with UNIT and UNCERTAINTY') );
#4021 = ( LENGTH_UNIT() NAMED_UNIT(*) SI_UNIT(.MILLI.,.METRE.) );
#4022 = ( NAMED_UNIT(*) PLANE_ANGLE_UNIT() SI_UNIT($,.RADIAN.) );
#4023 = ( NAMED_UNIT(*) SI_UNIT($,.STERADIAN.) SOLID_ANGLE_UNIT() );
#4024 = UNCERTAINTY_MEASURE_WITH_UNIT(LENGTH_MEASURE(1.E-07),#4021,
  'distance_accuracy_value','confusion accuracy');
#4025 = CONTEXT_DEPENDENT_SHAPE_REPRESENTATION(#4026,#4028);
#4026 = ( REPRESENTATION_RELATIONSHIP('','',#3165,#3142) 
REPRESENTATION_RELATIONSHIP_WITH_TRANSFORMATION(#4027) 
SHAPE_REPRESENTATION_RELATIONSHIP() );
#4027 = ITEM_DEFINED_TRANSFORMATION('','',#11,#3143);
#4028 = PRODUCT_DEFINITION_SHAPE('Placement','Placement of an item',
  #4029);
#4029 = NEXT_ASSEMBLY_USAGE_OCCURRENCE('7','=>[0:1:1:7]','',#3137,#3160,
  $);
#4030 = PRODUCT_RELATED_PRODUCT_CATEGORY('part',$,(#3162));
#4031 = CONTEXT_DEPENDENT_SHAPE_REPRESENTATION(#4032,#4034);
#4032 = ( REPRESENTATION_RELATIONSHIP('','',#3142,#10) 
REPRESENTATION_RELATIONSHIP_WITH_TRANSFORMATION(#4033) 
SHAPE_REPRESENTATION_RELATIONSHIP() );
#4033 = ITEM_DEFINED_TRANSFORMATION('','',#11,#35);
#4034 = PRODUCT_DEFINITION_SHAPE('Placement','Placement of an item',
  #4035);
#4035 = NEXT_ASSEMBLY_USAGE_OCCURRENCE('9','C12','',#5,#3137,$);
#4036 = SHAPE_DEFINITION_REPRESENTATION(#4037,#4043);
#4037 = PRODUCT_DEFINITION_SHAPE('','',#4038);
#4038 = PRODUCT_DEFINITION('design','',#4039,#4042);
#4039 = PRODUCT_DEFINITION_FORMATION('','',#4040);
#4040 = PRODUCT('WQFN-16-1EP_3x3mm_P0.5mm_EP1.6x1.6mm',
  'WQFN-16-1EP_3x3mm_P0.5mm_EP1.6x1.6mm','',(#4041));
#4041 = PRODUCT_CONTEXT('',#2,'mechanical');
#4042 = PRODUCT_DEFINITION_CONTEXT('part definition',#2,'design');
#4043 = SHAPE_REPRESENTATION('',(#11,#4044),#4048);
#4044 = AXIS2_PLACEMENT_3D('',#4045,#4046,#4047);
#4045 = CARTESIAN_POINT('',(0.,0.,0.));
#4046 = DIRECTION('',(0.,0.,1.));
#4047 = DIRECTION('',(1.,0.,-0.));
#4048 = ( GEOMETRIC_REPRESENTATION_CONTEXT(3) 
GLOBAL_UNCERTAINTY_ASSIGNED_CONTEXT((#4052)) 
GLOBAL_UNIT_ASSIGNED_CONTEXT((#4049,#4050,#4051)) REPRESENTATION_CONTEXT
('Context #1','3D Context with UNIT and UNCERTAINTY') );
#4049 = ( LENGTH_UNIT() NAMED_UNIT(*) SI_UNIT(.MILLI.,.METRE.) );
#4050 = ( NAMED_UNIT(*) PLANE_ANGLE_UNIT() SI_UNIT($,.RADIAN.) );
#4051 = ( NAMED_UNIT(*) SI_UNIT($,.STERADIAN.) SOLID_ANGLE_UNIT() );
#4052 = UNCERTAINTY_MEASURE_WITH_UNIT(LENGTH_MEASURE(1.E-07),#4049,
  'distance_accuracy_value','confusion accuracy');
#4053 = CONTEXT_DEPENDENT_SHAPE_REPRESENTATION(#4054,#4056);
#4054 = ( REPRESENTATION_RELATIONSHIP('','',#4043,#10) 
REPRESENTATION_RELATIONSHIP_WITH_TRANSFORMATION(#4055) 
SHAPE_REPRESENTATION_RELATIONSHIP() );
#4055 = ITEM_DEFINED_TRANSFORMATION('','',#11,#39);
#4056 = PRODUCT_DEFINITION_SHAPE('Placement','Placement of an item',
  #4057);
#4057 = NEXT_ASSEMBLY_USAGE_OCCURRENCE('11','U2','',#5,#4038,$);
#4058 = PRODUCT_RELATED_PRODUCT_CATEGORY('part',$,(#4040));
#4059 = SHAPE_DEFINITION_REPRESENTATION(#4060,#4066);
#4060 = PRODUCT_DEFINITION_SHAPE('','',#4061);
#4061 = PRODUCT_DEFINITION('design','',#4062,#4065);
#4062 = PRODUCT_DEFINITION_FORMATION('','',#4063);
#4063 = PRODUCT('WQFN_16_1EP_3x3mm_P05mm_EP16x16mm',
  'WQFN_16_1EP_3x3mm_P05mm_EP16x16mm','',(#4064));
#4064 = PRODUCT_CONTEXT('',#2,'mechanical');
#4065 = PRODUCT_DEFINITION_CONTEXT('part definition',#2,'design');
#4066 = ADVANCED_BREP_SHAPE_REPRESENTATION('',(#11,#4067),#7605);
#4067 = MANIFOLD_SOLID_BREP('',#4068);
#4068 = CLOSED_SHELL('',(#4069,#4109,#4148,#4172,#4750,#4767,#4784,#4796
    ,#4919,#4959,#4983,#5016,#5056,#5080,#5113,#5153,#5177,#5210,#5250,
    #5274,#5307,#5423,#5463,#5487,#5520,#5560,#5584,#5617,#5657,#5681,
    #5714,#5754,#5778,#5811,#5927,#5967,#5991,#6024,#6064,#6088,#6121,
    #6161,#6185,#6218,#6258,#6282,#6315,#6424,#6464,#6488,#6521,#6561,
    #6585,#6618,#6658,#6682,#6715,#6755,#6779,#6812,#6835,#6852,#6869,
    #6886,#6903,#6920,#6932,#6949,#6961,#6978,#6990,#7007,#7019,#7036,
    #7053,#7070,#7087,#7104,#7116,#7133,#7145,#7162,#7174,#7191,#7203,
    #7220,#7237,#7254,#7271,#7288,#7300,#7317,#7329,#7346,#7358,#7375,
    #7387,#7404,#7421,#7438,#7455,#7472,#7484,#7501,#7513,#7530,#7542,
    #7559,#7571,#7596));
#4069 = ADVANCED_FACE('',(#4070),#4104,.F.);
#4070 = FACE_BOUND('',#4071,.F.);
#4071 = EDGE_LOOP('',(#4072,#4082,#4090,#4098));
#4072 = ORIENTED_EDGE('',*,*,#4073,.F.);
#4073 = EDGE_CURVE('',#4074,#4076,#4078,.T.);
#4074 = VERTEX_POINT('',#4075);
#4075 = CARTESIAN_POINT('',(-0.8,0.6,0.));
#4076 = VERTEX_POINT('',#4077);
#4077 = CARTESIAN_POINT('',(-0.8,-0.8,0.));
#4078 = LINE('',#4079,#4080);
#4079 = CARTESIAN_POINT('',(-0.8,0.6,0.));
#4080 = VECTOR('',#4081,1.);
#4081 = DIRECTION('',(-2.22044604925E-16,-1.,0.));
#4082 = ORIENTED_EDGE('',*,*,#4083,.T.);
#4083 = EDGE_CURVE('',#4074,#4084,#4086,.T.);
#4084 = VERTEX_POINT('',#4085);
#4085 = CARTESIAN_POINT('',(-0.8,0.6,5.E-02));
#4086 = LINE('',#4087,#4088);
#4087 = CARTESIAN_POINT('',(-0.8,0.6,0.));
#4088 = VECTOR('',#4089,1.);
#4089 = DIRECTION('',(0.,0.,1.));
#4090 = ORIENTED_EDGE('',*,*,#4091,.F.);
#4091 = EDGE_CURVE('',#4092,#4084,#4094,.T.);
#4092 = VERTEX_POINT('',#4093);
#4093 = CARTESIAN_POINT('',(-0.8,-0.8,5.E-02));
#4094 = LINE('',#4095,#4096);
#4095 = CARTESIAN_POINT('',(-0.8,1.0375,5.E-02));
#4096 = VECTOR('',#4097,1.);
#4097 = DIRECTION('',(2.22044604925E-16,1.,0.));
#4098 = ORIENTED_EDGE('',*,*,#4099,.F.);
#4099 = EDGE_CURVE('',#4076,#4092,#4100,.T.);
#4100 = LINE('',#4101,#4102);
#4101 = CARTESIAN_POINT('',(-0.8,-0.8,0.));
#4102 = VECTOR('',#4103,1.);
#4103 = DIRECTION('',(0.,0.,1.));
#4104 = PLANE('',#4105);
#4105 = AXIS2_PLACEMENT_3D('',#4106,#4107,#4108);
#4106 = CARTESIAN_POINT('',(-0.8,0.6,0.));
#4107 = DIRECTION('',(1.,-2.22044604925E-16,0.));
#4108 = DIRECTION('',(-2.22044604925E-16,-1.,0.));
#4109 = ADVANCED_FACE('',(#4110),#4143,.F.);
#4110 = FACE_BOUND('',#4111,.F.);
#4111 = EDGE_LOOP('',(#4112,#4113,#4121,#4129,#4137));
#4112 = ORIENTED_EDGE('',*,*,#4073,.T.);
#4113 = ORIENTED_EDGE('',*,*,#4114,.T.);
#4114 = EDGE_CURVE('',#4076,#4115,#4117,.T.);
#4115 = VERTEX_POINT('',#4116);
#4116 = CARTESIAN_POINT('',(0.8,-0.8,0.));
#4117 = LINE('',#4118,#4119);
#4118 = CARTESIAN_POINT('',(-0.8,-0.8,0.));
#4119 = VECTOR('',#4120,1.);
#4120 = DIRECTION('',(1.,-2.22044604925E-16,0.));
#4121 = ORIENTED_EDGE('',*,*,#4122,.T.);
#4122 = EDGE_CURVE('',#4115,#4123,#4125,.T.);
#4123 = VERTEX_POINT('',#4124);
#4124 = CARTESIAN_POINT('',(0.8,0.8,0.));
#4125 = LINE('',#4126,#4127);
#4126 = CARTESIAN_POINT('',(0.8,-0.8,0.));
#4127 = VECTOR('',#4128,1.);
#4128 = DIRECTION('',(2.22044604925E-16,1.,0.));
#4129 = ORIENTED_EDGE('',*,*,#4130,.T.);
#4130 = EDGE_CURVE('',#4123,#4131,#4133,.T.);
#4131 = VERTEX_POINT('',#4132);
#4132 = CARTESIAN_POINT('',(-0.6,0.8,0.));
#4133 = LINE('',#4134,#4135);
#4134 = CARTESIAN_POINT('',(0.8,0.8,0.));
#4135 = VECTOR('',#4136,1.);
#4136 = DIRECTION('',(-1.,2.22044604925E-16,0.));
#4137 = ORIENTED_EDGE('',*,*,#4138,.T.);
#4138 = EDGE_CURVE('',#4131,#4074,#4139,.T.);
#4139 = LINE('',#4140,#4141);
#4140 = CARTESIAN_POINT('',(-0.6,0.8,0.));
#4141 = VECTOR('',#4142,1.);
#4142 = DIRECTION('',(-0.707106781187,-0.707106781187,0.));
#4143 = PLANE('',#4144);
#4144 = AXIS2_PLACEMENT_3D('',#4145,#4146,#4147);
#4145 = CARTESIAN_POINT('',(1.623629715658E-02,-1.623629715658E-02,0.));
#4146 = DIRECTION('',(0.,0.,1.));
#4147 = DIRECTION('',(-2.22044604925E-16,-1.,0.));
#4148 = ADVANCED_FACE('',(#4149),#4167,.F.);
#4149 = FACE_BOUND('',#4150,.F.);
#4150 = EDGE_LOOP('',(#4151,#4152,#4153,#4161));
#4151 = ORIENTED_EDGE('',*,*,#4114,.F.);
#4152 = ORIENTED_EDGE('',*,*,#4099,.T.);
#4153 = ORIENTED_EDGE('',*,*,#4154,.F.);
#4154 = EDGE_CURVE('',#4155,#4092,#4157,.T.);
#4155 = VERTEX_POINT('',#4156);
#4156 = CARTESIAN_POINT('',(0.8,-0.8,5.E-02));
#4157 = LINE('',#4158,#4159);
#4158 = CARTESIAN_POINT('',(-1.1375,-0.8,5.E-02));
#4159 = VECTOR('',#4160,1.);
#4160 = DIRECTION('',(-1.,2.22044604925E-16,0.));
#4161 = ORIENTED_EDGE('',*,*,#4162,.F.);
#4162 = EDGE_CURVE('',#4115,#4155,#4163,.T.);
#4163 = LINE('',#4164,#4165);
#4164 = CARTESIAN_POINT('',(0.8,-0.8,0.));
#4165 = VECTOR('',#4166,1.);
#4166 = DIRECTION('',(0.,0.,1.));
#4167 = PLANE('',#4168);
#4168 = AXIS2_PLACEMENT_3D('',#4169,#4170,#4171);
#4169 = CARTESIAN_POINT('',(-0.8,-0.8,0.));
#4170 = DIRECTION('',(2.22044604925E-16,1.,0.));
#4171 = DIRECTION('',(1.,-2.22044604925E-16,0.));
#4172 = ADVANCED_FACE('',(#4173,#4719),#4745,.F.);
#4173 = FACE_BOUND('',#4174,.F.);
#4174 = EDGE_LOOP('',(#4175,#4185,#4193,#4201,#4209,#4217,#4225,#4233,
    #4241,#4249,#4257,#4265,#4273,#4281,#4289,#4297,#4305,#4313,#4321,
    #4329,#4337,#4345,#4353,#4361,#4369,#4377,#4385,#4393,#4401,#4409,
    #4417,#4425,#4433,#4441,#4449,#4457,#4465,#4473,#4481,#4489,#4497,
    #4505,#4513,#4521,#4529,#4537,#4545,#4553,#4561,#4569,#4577,#4585,
    #4593,#4601,#4609,#4617,#4625,#4633,#4641,#4649,#4657,#4665,#4673,
    #4681,#4689,#4697,#4705,#4713));
#4175 = ORIENTED_EDGE('',*,*,#4176,.F.);
#4176 = EDGE_CURVE('',#4177,#4179,#4181,.T.);
#4177 = VERTEX_POINT('',#4178);
#4178 = CARTESIAN_POINT('',(-1.475,1.475,5.E-02));
#4179 = VERTEX_POINT('',#4180);
#4180 = CARTESIAN_POINT('',(-0.87,1.475,5.E-02));
#4181 = LINE('',#4182,#4183);
#4182 = CARTESIAN_POINT('',(-1.475,1.475,5.E-02));
#4183 = VECTOR('',#4184,1.);
#4184 = DIRECTION('',(1.,-2.22044604925E-16,0.));
#4185 = ORIENTED_EDGE('',*,*,#4186,.T.);
#4186 = EDGE_CURVE('',#4177,#4187,#4189,.T.);
#4187 = VERTEX_POINT('',#4188);
#4188 = CARTESIAN_POINT('',(-1.475,0.87,5.E-02));
#4189 = LINE('',#4190,#4191);
#4190 = CARTESIAN_POINT('',(-1.475,1.475,5.E-02));
#4191 = VECTOR('',#4192,1.);
#4192 = DIRECTION('',(-2.22044604925E-16,-1.,0.));
#4193 = ORIENTED_EDGE('',*,*,#4194,.T.);
#4194 = EDGE_CURVE('',#4187,#4195,#4197,.T.);
#4195 = VERTEX_POINT('',#4196);
#4196 = CARTESIAN_POINT('',(-1.1,0.87,5.E-02));
#4197 = LINE('',#4198,#4199);
#4198 = CARTESIAN_POINT('',(-1.2875,0.87,5.E-02));
#4199 = VECTOR('',#4200,1.);
#4200 = DIRECTION('',(1.,-4.669739647545E-16,0.));
#4201 = ORIENTED_EDGE('',*,*,#4202,.T.);
#4202 = EDGE_CURVE('',#4195,#4203,#4205,.T.);
#4203 = VERTEX_POINT('',#4204);
#4204 = CARTESIAN_POINT('',(-1.1,0.63,5.E-02));
#4205 = LINE('',#4206,#4207);
#4206 = CARTESIAN_POINT('',(-1.1,1.0525,5.E-02));
#4207 = VECTOR('',#4208,1.);
#4208 = DIRECTION('',(-4.669739647545E-16,-1.,0.));
#4209 = ORIENTED_EDGE('',*,*,#4210,.T.);
#4210 = EDGE_CURVE('',#4203,#4211,#4213,.T.);
#4211 = VERTEX_POINT('',#4212);
#4212 = CARTESIAN_POINT('',(-1.475,0.63,5.E-02));
#4213 = LINE('',#4214,#4215);
#4214 = CARTESIAN_POINT('',(-1.4875,0.63,5.E-02));
#4215 = VECTOR('',#4216,1.);
#4216 = DIRECTION('',(-1.,4.669739647545E-16,0.));
#4217 = ORIENTED_EDGE('',*,*,#4218,.T.);
#4218 = EDGE_CURVE('',#4211,#4219,#4221,.T.);
#4219 = VERTEX_POINT('',#4220);
#4220 = CARTESIAN_POINT('',(-1.475,0.37,5.E-02));
#4221 = LINE('',#4222,#4223);
#4222 = CARTESIAN_POINT('',(-1.475,1.475,5.E-02));
#4223 = VECTOR('',#4224,1.);
#4224 = DIRECTION('',(-2.22044604925E-16,-1.,0.));
#4225 = ORIENTED_EDGE('',*,*,#4226,.T.);
#4226 = EDGE_CURVE('',#4219,#4227,#4229,.T.);
#4227 = VERTEX_POINT('',#4228);
#4228 = CARTESIAN_POINT('',(-1.1,0.37,5.E-02));
#4229 = LINE('',#4230,#4231);
#4230 = CARTESIAN_POINT('',(-1.2875,0.37,5.E-02));
#4231 = VECTOR('',#4232,1.);
#4232 = DIRECTION('',(1.,-4.669739647545E-16,0.));
#4233 = ORIENTED_EDGE('',*,*,#4234,.T.);
#4234 = EDGE_CURVE('',#4227,#4235,#4237,.T.);
#4235 = VERTEX_POINT('',#4236);
#4236 = CARTESIAN_POINT('',(-1.1,0.13,5.E-02));
#4237 = LINE('',#4238,#4239);
#4238 = CARTESIAN_POINT('',(-1.1,0.8025,5.E-02));
#4239 = VECTOR('',#4240,1.);
#4240 = DIRECTION('',(-4.669739647545E-16,-1.,0.));
#4241 = ORIENTED_EDGE('',*,*,#4242,.T.);
#4242 = EDGE_CURVE('',#4235,#4243,#4245,.T.);
#4243 = VERTEX_POINT('',#4244);
#4244 = CARTESIAN_POINT('',(-1.475,0.13,5.E-02));
#4245 = LINE('',#4246,#4247);
#4246 = CARTESIAN_POINT('',(-1.4875,0.13,5.E-02));
#4247 = VECTOR('',#4248,1.);
#4248 = DIRECTION('',(-1.,4.669739647545E-16,0.));
#4249 = ORIENTED_EDGE('',*,*,#4250,.T.);
#4250 = EDGE_CURVE('',#4243,#4251,#4253,.T.);
#4251 = VERTEX_POINT('',#4252);
#4252 = CARTESIAN_POINT('',(-1.475,-0.13,5.E-02));
#4253 = LINE('',#4254,#4255);
#4254 = CARTESIAN_POINT('',(-1.475,1.475,5.E-02));
#4255 = VECTOR('',#4256,1.);
#4256 = DIRECTION('',(-2.22044604925E-16,-1.,0.));
#4257 = ORIENTED_EDGE('',*,*,#4258,.T.);
#4258 = EDGE_CURVE('',#4251,#4259,#4261,.T.);
#4259 = VERTEX_POINT('',#4260);
#4260 = CARTESIAN_POINT('',(-1.1,-0.13,5.E-02));
#4261 = LINE('',#4262,#4263);
#4262 = CARTESIAN_POINT('',(-1.2875,-0.13,5.E-02));
#4263 = VECTOR('',#4264,1.);
#4264 = DIRECTION('',(1.,-4.669739647545E-16,0.));
#4265 = ORIENTED_EDGE('',*,*,#4266,.T.);
#4266 = EDGE_CURVE('',#4259,#4267,#4269,.T.);
#4267 = VERTEX_POINT('',#4268);
#4268 = CARTESIAN_POINT('',(-1.1,-0.37,5.E-02));
#4269 = LINE('',#4270,#4271);
#4270 = CARTESIAN_POINT('',(-1.1,0.5525,5.E-02));
#4271 = VECTOR('',#4272,1.);
#4272 = DIRECTION('',(-4.669739647545E-16,-1.,0.));
#4273 = ORIENTED_EDGE('',*,*,#4274,.T.);
#4274 = EDGE_CURVE('',#4267,#4275,#4277,.T.);
#4275 = VERTEX_POINT('',#4276);
#4276 = CARTESIAN_POINT('',(-1.475,-0.37,5.E-02));
#4277 = LINE('',#4278,#4279);
#4278 = CARTESIAN_POINT('',(-1.4875,-0.37,5.E-02));
#4279 = VECTOR('',#4280,1.);
#4280 = DIRECTION('',(-1.,4.669739647545E-16,0.));
#4281 = ORIENTED_EDGE('',*,*,#4282,.T.);
#4282 = EDGE_CURVE('',#4275,#4283,#4285,.T.);
#4283 = VERTEX_POINT('',#4284);
#4284 = CARTESIAN_POINT('',(-1.475,-0.63,5.E-02));
#4285 = LINE('',#4286,#4287);
#4286 = CARTESIAN_POINT('',(-1.475,1.475,5.E-02));
#4287 = VECTOR('',#4288,1.);
#4288 = DIRECTION('',(-2.22044604925E-16,-1.,0.));
#4289 = ORIENTED_EDGE('',*,*,#4290,.T.);
#4290 = EDGE_CURVE('',#4283,#4291,#4293,.T.);
#4291 = VERTEX_POINT('',#4292);
#4292 = CARTESIAN_POINT('',(-1.1,-0.63,5.E-02));
#4293 = LINE('',#4294,#4295);
#4294 = CARTESIAN_POINT('',(-1.2875,-0.63,5.E-02));
#4295 = VECTOR('',#4296,1.);
#4296 = DIRECTION('',(1.,-4.669739647545E-16,0.));
#4297 = ORIENTED_EDGE('',*,*,#4298,.T.);
#4298 = EDGE_CURVE('',#4291,#4299,#4301,.T.);
#4299 = VERTEX_POINT('',#4300);
#4300 = CARTESIAN_POINT('',(-1.1,-0.87,5.E-02));
#4301 = LINE('',#4302,#4303);
#4302 = CARTESIAN_POINT('',(-1.1,0.3025,5.E-02));
#4303 = VECTOR('',#4304,1.);
#4304 = DIRECTION('',(-4.669739647545E-16,-1.,0.));
#4305 = ORIENTED_EDGE('',*,*,#4306,.T.);
#4306 = EDGE_CURVE('',#4299,#4307,#4309,.T.);
#4307 = VERTEX_POINT('',#4308);
#4308 = CARTESIAN_POINT('',(-1.475,-0.87,5.E-02));
#4309 = LINE('',#4310,#4311);
#4310 = CARTESIAN_POINT('',(-1.4875,-0.87,5.E-02));
#4311 = VECTOR('',#4312,1.);
#4312 = DIRECTION('',(-1.,4.669739647545E-16,0.));
#4313 = ORIENTED_EDGE('',*,*,#4314,.T.);
#4314 = EDGE_CURVE('',#4307,#4315,#4317,.T.);
#4315 = VERTEX_POINT('',#4316);
#4316 = CARTESIAN_POINT('',(-1.475,-1.475,5.E-02));
#4317 = LINE('',#4318,#4319);
#4318 = CARTESIAN_POINT('',(-1.475,1.475,5.E-02));
#4319 = VECTOR('',#4320,1.);
#4320 = DIRECTION('',(-2.22044604925E-16,-1.,0.));
#4321 = ORIENTED_EDGE('',*,*,#4322,.T.);
#4322 = EDGE_CURVE('',#4315,#4323,#4325,.T.);
#4323 = VERTEX_POINT('',#4324);
#4324 = CARTESIAN_POINT('',(-0.87,-1.475,5.E-02));
#4325 = LINE('',#4326,#4327);
#4326 = CARTESIAN_POINT('',(-1.475,-1.475,5.E-02));
#4327 = VECTOR('',#4328,1.);
#4328 = DIRECTION('',(1.,-2.22044604925E-16,0.));
#4329 = ORIENTED_EDGE('',*,*,#4330,.T.);
#4330 = EDGE_CURVE('',#4323,#4331,#4333,.T.);
#4331 = VERTEX_POINT('',#4332);
#4332 = CARTESIAN_POINT('',(-0.87,-1.1,5.E-02));
#4333 = LINE('',#4334,#4335);
#4334 = CARTESIAN_POINT('',(-0.87,0.1875,5.E-02));
#4335 = VECTOR('',#4336,1.);
#4336 = DIRECTION('',(5.665538897648E-16,1.,0.));
#4337 = ORIENTED_EDGE('',*,*,#4338,.T.);
#4338 = EDGE_CURVE('',#4331,#4339,#4341,.T.);
#4339 = VERTEX_POINT('',#4340);
#4340 = CARTESIAN_POINT('',(-0.63,-1.1,5.E-02));
#4341 = LINE('',#4342,#4343);
#4342 = CARTESIAN_POINT('',(-1.0525,-1.1,5.E-02));
#4343 = VECTOR('',#4344,1.);
#4344 = DIRECTION('',(1.,-5.665538897648E-16,0.));
#4345 = ORIENTED_EDGE('',*,*,#4346,.T.);
#4346 = EDGE_CURVE('',#4339,#4347,#4349,.T.);
#4347 = VERTEX_POINT('',#4348);
#4348 = CARTESIAN_POINT('',(-0.63,-1.475,5.E-02));
#4349 = LINE('',#4350,#4351);
#4350 = CARTESIAN_POINT('',(-0.63,-1.25E-02,5.E-02));
#4351 = VECTOR('',#4352,1.);
#4352 = DIRECTION('',(-5.665538897648E-16,-1.,0.));
#4353 = ORIENTED_EDGE('',*,*,#4354,.T.);
#4354 = EDGE_CURVE('',#4347,#4355,#4357,.T.);
#4355 = VERTEX_POINT('',#4356);
#4356 = CARTESIAN_POINT('',(-0.37,-1.475,5.E-02));
#4357 = LINE('',#4358,#4359);
#4358 = CARTESIAN_POINT('',(-1.475,-1.475,5.E-02));
#4359 = VECTOR('',#4360,1.);
#4360 = DIRECTION('',(1.,-2.22044604925E-16,0.));
#4361 = ORIENTED_EDGE('',*,*,#4362,.T.);
#4362 = EDGE_CURVE('',#4355,#4363,#4365,.T.);
#4363 = VERTEX_POINT('',#4364);
#4364 = CARTESIAN_POINT('',(-0.37,-1.1,5.E-02));
#4365 = LINE('',#4366,#4367);
#4366 = CARTESIAN_POINT('',(-0.37,0.1875,5.E-02));
#4367 = VECTOR('',#4368,1.);
#4368 = DIRECTION('',(5.665538897648E-16,1.,0.));
#4369 = ORIENTED_EDGE('',*,*,#4370,.T.);
#4370 = EDGE_CURVE('',#4363,#4371,#4373,.T.);
#4371 = VERTEX_POINT('',#4372);
#4372 = CARTESIAN_POINT('',(-0.13,-1.1,5.E-02));
#4373 = LINE('',#4374,#4375);
#4374 = CARTESIAN_POINT('',(-0.8025,-1.1,5.E-02));
#4375 = VECTOR('',#4376,1.);
#4376 = DIRECTION('',(1.,-5.665538897648E-16,0.));
#4377 = ORIENTED_EDGE('',*,*,#4378,.T.);
#4378 = EDGE_CURVE('',#4371,#4379,#4381,.T.);
#4379 = VERTEX_POINT('',#4380);
#4380 = CARTESIAN_POINT('',(-0.13,-1.475,5.E-02));
#4381 = LINE('',#4382,#4383);
#4382 = CARTESIAN_POINT('',(-0.13,-1.25E-02,5.E-02));
#4383 = VECTOR('',#4384,1.);
#4384 = DIRECTION('',(-5.665538897648E-16,-1.,0.));
#4385 = ORIENTED_EDGE('',*,*,#4386,.T.);
#4386 = EDGE_CURVE('',#4379,#4387,#4389,.T.);
#4387 = VERTEX_POINT('',#4388);
#4388 = CARTESIAN_POINT('',(0.13,-1.475,5.E-02));
#4389 = LINE('',#4390,#4391);
#4390 = CARTESIAN_POINT('',(-1.475,-1.475,5.E-02));
#4391 = VECTOR('',#4392,1.);
#4392 = DIRECTION('',(1.,-2.22044604925E-16,0.));
#4393 = ORIENTED_EDGE('',*,*,#4394,.T.);
#4394 = EDGE_CURVE('',#4387,#4395,#4397,.T.);
#4395 = VERTEX_POINT('',#4396);
#4396 = CARTESIAN_POINT('',(0.13,-1.1,5.E-02));
#4397 = LINE('',#4398,#4399);
#4398 = CARTESIAN_POINT('',(0.13,0.1875,5.E-02));
#4399 = VECTOR('',#4400,1.);
#4400 = DIRECTION('',(5.665538897648E-16,1.,0.));
#4401 = ORIENTED_EDGE('',*,*,#4402,.T.);
#4402 = EDGE_CURVE('',#4395,#4403,#4405,.T.);
#4403 = VERTEX_POINT('',#4404);
#4404 = CARTESIAN_POINT('',(0.37,-1.1,5.E-02));
#4405 = LINE('',#4406,#4407);
#4406 = CARTESIAN_POINT('',(-0.5525,-1.1,5.E-02));
#4407 = VECTOR('',#4408,1.);
#4408 = DIRECTION('',(1.,-5.665538897648E-16,0.));
#4409 = ORIENTED_EDGE('',*,*,#4410,.T.);
#4410 = EDGE_CURVE('',#4403,#4411,#4413,.T.);
#4411 = VERTEX_POINT('',#4412);
#4412 = CARTESIAN_POINT('',(0.37,-1.475,5.E-02));
#4413 = LINE('',#4414,#4415);
#4414 = CARTESIAN_POINT('',(0.37,-1.25E-02,5.E-02));
#4415 = VECTOR('',#4416,1.);
#4416 = DIRECTION('',(-5.665538897648E-16,-1.,0.));
#4417 = ORIENTED_EDGE('',*,*,#4418,.T.);
#4418 = EDGE_CURVE('',#4411,#4419,#4421,.T.);
#4419 = VERTEX_POINT('',#4420);
#4420 = CARTESIAN_POINT('',(0.63,-1.475,5.E-02));
#4421 = LINE('',#4422,#4423);
#4422 = CARTESIAN_POINT('',(-1.475,-1.475,5.E-02));
#4423 = VECTOR('',#4424,1.);
#4424 = DIRECTION('',(1.,-2.22044604925E-16,0.));
#4425 = ORIENTED_EDGE('',*,*,#4426,.T.);
#4426 = EDGE_CURVE('',#4419,#4427,#4429,.T.);
#4427 = VERTEX_POINT('',#4428);
#4428 = CARTESIAN_POINT('',(0.63,-1.1,5.E-02));
#4429 = LINE('',#4430,#4431);
#4430 = CARTESIAN_POINT('',(0.63,0.1875,5.E-02));
#4431 = VECTOR('',#4432,1.);
#4432 = DIRECTION('',(5.665538897648E-16,1.,0.));
#4433 = ORIENTED_EDGE('',*,*,#4434,.T.);
#4434 = EDGE_CURVE('',#4427,#4435,#4437,.T.);
#4435 = VERTEX_POINT('',#4436);
#4436 = CARTESIAN_POINT('',(0.87,-1.1,5.E-02));
#4437 = LINE('',#4438,#4439);
#4438 = CARTESIAN_POINT('',(-0.3025,-1.1,5.E-02));
#4439 = VECTOR('',#4440,1.);
#4440 = DIRECTION('',(1.,-5.665538897648E-16,0.));
#4441 = ORIENTED_EDGE('',*,*,#4442,.T.);
#4442 = EDGE_CURVE('',#4435,#4443,#4445,.T.);
#4443 = VERTEX_POINT('',#4444);
#4444 = CARTESIAN_POINT('',(0.87,-1.475,5.E-02));
#4445 = LINE('',#4446,#4447);
#4446 = CARTESIAN_POINT('',(0.87,-1.25E-02,5.E-02));
#4447 = VECTOR('',#4448,1.);
#4448 = DIRECTION('',(-5.665538897648E-16,-1.,0.));
#4449 = ORIENTED_EDGE('',*,*,#4450,.T.);
#4450 = EDGE_CURVE('',#4443,#4451,#4453,.T.);
#4451 = VERTEX_POINT('',#4452);
#4452 = CARTESIAN_POINT('',(1.475,-1.475,5.E-02));
#4453 = LINE('',#4454,#4455);
#4454 = CARTESIAN_POINT('',(-1.475,-1.475,5.E-02));
#4455 = VECTOR('',#4456,1.);
#4456 = DIRECTION('',(1.,-2.22044604925E-16,0.));
#4457 = ORIENTED_EDGE('',*,*,#4458,.F.);
#4458 = EDGE_CURVE('',#4459,#4451,#4461,.T.);
#4459 = VERTEX_POINT('',#4460);
#4460 = CARTESIAN_POINT('',(1.475,-0.87,5.E-02));
#4461 = LINE('',#4462,#4463);
#4462 = CARTESIAN_POINT('',(1.475,1.475,5.E-02));
#4463 = VECTOR('',#4464,1.);
#4464 = DIRECTION('',(-2.22044604925E-16,-1.,0.));
#4465 = ORIENTED_EDGE('',*,*,#4466,.T.);
#4466 = EDGE_CURVE('',#4459,#4467,#4469,.T.);
#4467 = VERTEX_POINT('',#4468);
#4468 = CARTESIAN_POINT('',(1.1,-0.87,5.E-02));
#4469 = LINE('',#4470,#4471);
#4470 = CARTESIAN_POINT('',(-0.1875,-0.87,5.E-02));
#4471 = VECTOR('',#4472,1.);
#4472 = DIRECTION('',(-1.,3.445092848398E-16,0.));
#4473 = ORIENTED_EDGE('',*,*,#4474,.T.);
#4474 = EDGE_CURVE('',#4467,#4475,#4477,.T.);
#4475 = VERTEX_POINT('',#4476);
#4476 = CARTESIAN_POINT('',(1.1,-0.63,5.E-02));
#4477 = LINE('',#4478,#4479);
#4478 = CARTESIAN_POINT('',(1.1,0.4225,5.E-02));
#4479 = VECTOR('',#4480,1.);
#4480 = DIRECTION('',(3.445092848398E-16,1.,0.));
#4481 = ORIENTED_EDGE('',*,*,#4482,.T.);
#4482 = EDGE_CURVE('',#4475,#4483,#4485,.T.);
#4483 = VERTEX_POINT('',#4484);
#4484 = CARTESIAN_POINT('',(1.475,-0.63,5.E-02));
#4485 = LINE('',#4486,#4487);
#4486 = CARTESIAN_POINT('',(1.25E-02,-0.63,5.E-02));
#4487 = VECTOR('',#4488,1.);
#4488 = DIRECTION('',(1.,-3.445092848398E-16,0.));
#4489 = ORIENTED_EDGE('',*,*,#4490,.F.);
#4490 = EDGE_CURVE('',#4491,#4483,#4493,.T.);
#4491 = VERTEX_POINT('',#4492);
#4492 = CARTESIAN_POINT('',(1.475,-0.37,5.E-02));
#4493 = LINE('',#4494,#4495);
#4494 = CARTESIAN_POINT('',(1.475,1.475,5.E-02));
#4495 = VECTOR('',#4496,1.);
#4496 = DIRECTION('',(-2.22044604925E-16,-1.,0.));
#4497 = ORIENTED_EDGE('',*,*,#4498,.T.);
#4498 = EDGE_CURVE('',#4491,#4499,#4501,.T.);
#4499 = VERTEX_POINT('',#4500);
#4500 = CARTESIAN_POINT('',(1.1,-0.37,5.E-02));
#4501 = LINE('',#4502,#4503);
#4502 = CARTESIAN_POINT('',(-0.1875,-0.37,5.E-02));
#4503 = VECTOR('',#4504,1.);
#4504 = DIRECTION('',(-1.,3.445092848398E-16,0.));
#4505 = ORIENTED_EDGE('',*,*,#4506,.T.);
#4506 = EDGE_CURVE('',#4499,#4507,#4509,.T.);
#4507 = VERTEX_POINT('',#4508);
#4508 = CARTESIAN_POINT('',(1.1,-0.13,5.E-02));
#4509 = LINE('',#4510,#4511);
#4510 = CARTESIAN_POINT('',(1.1,0.6725,5.E-02));
#4511 = VECTOR('',#4512,1.);
#4512 = DIRECTION('',(3.445092848398E-16,1.,0.));
#4513 = ORIENTED_EDGE('',*,*,#4514,.T.);
#4514 = EDGE_CURVE('',#4507,#4515,#4517,.T.);
#4515 = VERTEX_POINT('',#4516);
#4516 = CARTESIAN_POINT('',(1.475,-0.13,5.E-02));
#4517 = LINE('',#4518,#4519);
#4518 = CARTESIAN_POINT('',(1.25E-02,-0.13,5.E-02));
#4519 = VECTOR('',#4520,1.);
#4520 = DIRECTION('',(1.,-3.445092848398E-16,0.));
#4521 = ORIENTED_EDGE('',*,*,#4522,.F.);
#4522 = EDGE_CURVE('',#4523,#4515,#4525,.T.);
#4523 = VERTEX_POINT('',#4524);
#4524 = CARTESIAN_POINT('',(1.475,0.13,5.E-02));
#4525 = LINE('',#4526,#4527);
#4526 = CARTESIAN_POINT('',(1.475,1.475,5.E-02));
#4527 = VECTOR('',#4528,1.);
#4528 = DIRECTION('',(-2.22044604925E-16,-1.,0.));
#4529 = ORIENTED_EDGE('',*,*,#4530,.T.);
#4530 = EDGE_CURVE('',#4523,#4531,#4533,.T.);
#4531 = VERTEX_POINT('',#4532);
#4532 = CARTESIAN_POINT('',(1.1,0.13,5.E-02));
#4533 = LINE('',#4534,#4535);
#4534 = CARTESIAN_POINT('',(-0.1875,0.13,5.E-02));
#4535 = VECTOR('',#4536,1.);
#4536 = DIRECTION('',(-1.,3.445092848398E-16,0.));
#4537 = ORIENTED_EDGE('',*,*,#4538,.T.);
#4538 = EDGE_CURVE('',#4531,#4539,#4541,.T.);
#4539 = VERTEX_POINT('',#4540);
#4540 = CARTESIAN_POINT('',(1.1,0.37,5.E-02));
#4541 = LINE('',#4542,#4543);
#4542 = CARTESIAN_POINT('',(1.1,0.9225,5.E-02));
#4543 = VECTOR('',#4544,1.);
#4544 = DIRECTION('',(3.445092848398E-16,1.,0.));
#4545 = ORIENTED_EDGE('',*,*,#4546,.T.);
#4546 = EDGE_CURVE('',#4539,#4547,#4549,.T.);
#4547 = VERTEX_POINT('',#4548);
#4548 = CARTESIAN_POINT('',(1.475,0.37,5.E-02));
#4549 = LINE('',#4550,#4551);
#4550 = CARTESIAN_POINT('',(1.25E-02,0.37,5.E-02));
#4551 = VECTOR('',#4552,1.);
#4552 = DIRECTION('',(1.,-3.445092848398E-16,0.));
#4553 = ORIENTED_EDGE('',*,*,#4554,.F.);
#4554 = EDGE_CURVE('',#4555,#4547,#4557,.T.);
#4555 = VERTEX_POINT('',#4556);
#4556 = CARTESIAN_POINT('',(1.475,0.63,5.E-02));
#4557 = LINE('',#4558,#4559);
#4558 = CARTESIAN_POINT('',(1.475,1.475,5.E-02));
#4559 = VECTOR('',#4560,1.);
#4560 = DIRECTION('',(-2.22044604925E-16,-1.,0.));
#4561 = ORIENTED_EDGE('',*,*,#4562,.T.);
#4562 = EDGE_CURVE('',#4555,#4563,#4565,.T.);
#4563 = VERTEX_POINT('',#4564);
#4564 = CARTESIAN_POINT('',(1.1,0.63,5.E-02));
#4565 = LINE('',#4566,#4567);
#4566 = CARTESIAN_POINT('',(-0.1875,0.63,5.E-02));
#4567 = VECTOR('',#4568,1.);
#4568 = DIRECTION('',(-1.,3.445092848398E-16,0.));
#4569 = ORIENTED_EDGE('',*,*,#4570,.T.);
#4570 = EDGE_CURVE('',#4563,#4571,#4573,.T.);
#4571 = VERTEX_POINT('',#4572);
#4572 = CARTESIAN_POINT('',(1.1,0.87,5.E-02));
#4573 = LINE('',#4574,#4575);
#4574 = CARTESIAN_POINT('',(1.1,1.1725,5.E-02));
#4575 = VECTOR('',#4576,1.);
#4576 = DIRECTION('',(3.445092848398E-16,1.,0.));
#4577 = ORIENTED_EDGE('',*,*,#4578,.T.);
#4578 = EDGE_CURVE('',#4571,#4579,#4581,.T.);
#4579 = VERTEX_POINT('',#4580);
#4580 = CARTESIAN_POINT('',(1.475,0.87,5.E-02));
#4581 = LINE('',#4582,#4583);
#4582 = CARTESIAN_POINT('',(1.25E-02,0.87,5.E-02));
#4583 = VECTOR('',#4584,1.);
#4584 = DIRECTION('',(1.,-3.445092848398E-16,0.));
#4585 = ORIENTED_EDGE('',*,*,#4586,.F.);
#4586 = EDGE_CURVE('',#4587,#4579,#4589,.T.);
#4587 = VERTEX_POINT('',#4588);
#4588 = CARTESIAN_POINT('',(1.475,1.475,5.E-02));
#4589 = LINE('',#4590,#4591);
#4590 = CARTESIAN_POINT('',(1.475,1.475,5.E-02));
#4591 = VECTOR('',#4592,1.);
#4592 = DIRECTION('',(-2.22044604925E-16,-1.,0.));
#4593 = ORIENTED_EDGE('',*,*,#4594,.F.);
#4594 = EDGE_CURVE('',#4595,#4587,#4597,.T.);
#4595 = VERTEX_POINT('',#4596);
#4596 = CARTESIAN_POINT('',(0.87,1.475,5.E-02));
#4597 = LINE('',#4598,#4599);
#4598 = CARTESIAN_POINT('',(-1.475,1.475,5.E-02));
#4599 = VECTOR('',#4600,1.);
#4600 = DIRECTION('',(1.,-2.22044604925E-16,0.));
#4601 = ORIENTED_EDGE('',*,*,#4602,.T.);
#4602 = EDGE_CURVE('',#4595,#4603,#4605,.T.);
#4603 = VERTEX_POINT('',#4604);
#4604 = CARTESIAN_POINT('',(0.87,1.1,5.E-02));
#4605 = LINE('',#4606,#4607);
#4606 = CARTESIAN_POINT('',(0.87,1.2875,5.E-02));
#4607 = VECTOR('',#4608,1.);
#4608 = DIRECTION('',(-4.555315873023E-16,-1.,0.));
#4609 = ORIENTED_EDGE('',*,*,#4610,.T.);
#4610 = EDGE_CURVE('',#4603,#4611,#4613,.T.);
#4611 = VERTEX_POINT('',#4612);
#4612 = CARTESIAN_POINT('',(0.63,1.1,5.E-02));
#4613 = LINE('',#4614,#4615);
#4614 = CARTESIAN_POINT('',(-0.4225,1.1,5.E-02));
#4615 = VECTOR('',#4616,1.);
#4616 = DIRECTION('',(-1.,4.555315873023E-16,0.));
#4617 = ORIENTED_EDGE('',*,*,#4618,.T.);
#4618 = EDGE_CURVE('',#4611,#4619,#4621,.T.);
#4619 = VERTEX_POINT('',#4620);
#4620 = CARTESIAN_POINT('',(0.63,1.475,5.E-02));
#4621 = LINE('',#4622,#4623);
#4622 = CARTESIAN_POINT('',(0.63,1.4875,5.E-02));
#4623 = VECTOR('',#4624,1.);
#4624 = DIRECTION('',(4.555315873023E-16,1.,0.));
#4625 = ORIENTED_EDGE('',*,*,#4626,.F.);
#4626 = EDGE_CURVE('',#4627,#4619,#4629,.T.);
#4627 = VERTEX_POINT('',#4628);
#4628 = CARTESIAN_POINT('',(0.37,1.475,5.E-02));
#4629 = LINE('',#4630,#4631);
#4630 = CARTESIAN_POINT('',(-1.475,1.475,5.E-02));
#4631 = VECTOR('',#4632,1.);
#4632 = DIRECTION('',(1.,-2.22044604925E-16,0.));
#4633 = ORIENTED_EDGE('',*,*,#4634,.T.);
#4634 = EDGE_CURVE('',#4627,#4635,#4637,.T.);
#4635 = VERTEX_POINT('',#4636);
#4636 = CARTESIAN_POINT('',(0.37,1.1,5.E-02));
#4637 = LINE('',#4638,#4639);
#4638 = CARTESIAN_POINT('',(0.37,1.2875,5.E-02));
#4639 = VECTOR('',#4640,1.);
#4640 = DIRECTION('',(-4.555315873023E-16,-1.,0.));
#4641 = ORIENTED_EDGE('',*,*,#4642,.T.);
#4642 = EDGE_CURVE('',#4635,#4643,#4645,.T.);
#4643 = VERTEX_POINT('',#4644);
#4644 = CARTESIAN_POINT('',(0.13,1.1,5.E-02));
#4645 = LINE('',#4646,#4647);
#4646 = CARTESIAN_POINT('',(-0.6725,1.1,5.E-02));
#4647 = VECTOR('',#4648,1.);
#4648 = DIRECTION('',(-1.,4.555315873023E-16,0.));
#4649 = ORIENTED_EDGE('',*,*,#4650,.T.);
#4650 = EDGE_CURVE('',#4643,#4651,#4653,.T.);
#4651 = VERTEX_POINT('',#4652);
#4652 = CARTESIAN_POINT('',(0.13,1.475,5.E-02));
#4653 = LINE('',#4654,#4655);
#4654 = CARTESIAN_POINT('',(0.13,1.4875,5.E-02));
#4655 = VECTOR('',#4656,1.);
#4656 = DIRECTION('',(4.555315873023E-16,1.,0.));
#4657 = ORIENTED_EDGE('',*,*,#4658,.F.);
#4658 = EDGE_CURVE('',#4659,#4651,#4661,.T.);
#4659 = VERTEX_POINT('',#4660);
#4660 = CARTESIAN_POINT('',(-0.13,1.475,5.E-02));
#4661 = LINE('',#4662,#4663);
#4662 = CARTESIAN_POINT('',(-1.475,1.475,5.E-02));
#4663 = VECTOR('',#4664,1.);
#4664 = DIRECTION('',(1.,-2.22044604925E-16,0.));
#4665 = ORIENTED_EDGE('',*,*,#4666,.T.);
#4666 = EDGE_CURVE('',#4659,#4667,#4669,.T.);
#4667 = VERTEX_POINT('',#4668);
#4668 = CARTESIAN_POINT('',(-0.13,1.1,5.E-02));
#4669 = LINE('',#4670,#4671);
#4670 = CARTESIAN_POINT('',(-0.13,1.2875,5.E-02));
#4671 = VECTOR('',#4672,1.);
#4672 = DIRECTION('',(-4.555315873023E-16,-1.,0.));
#4673 = ORIENTED_EDGE('',*,*,#4674,.T.);
#4674 = EDGE_CURVE('',#4667,#4675,#4677,.T.);
#4675 = VERTEX_POINT('',#4676);
#4676 = CARTESIAN_POINT('',(-0.37,1.1,5.E-02));
#4677 = LINE('',#4678,#4679);
#4678 = CARTESIAN_POINT('',(-0.9225,1.1,5.E-02));
#4679 = VECTOR('',#4680,1.);
#4680 = DIRECTION('',(-1.,4.555315873023E-16,0.));
#4681 = ORIENTED_EDGE('',*,*,#4682,.T.);
#4682 = EDGE_CURVE('',#4675,#4683,#4685,.T.);
#4683 = VERTEX_POINT('',#4684);
#4684 = CARTESIAN_POINT('',(-0.37,1.475,5.E-02));
#4685 = LINE('',#4686,#4687);
#4686 = CARTESIAN_POINT('',(-0.37,1.4875,5.E-02));
#4687 = VECTOR('',#4688,1.);
#4688 = DIRECTION('',(4.555315873023E-16,1.,0.));
#4689 = ORIENTED_EDGE('',*,*,#4690,.F.);
#4690 = EDGE_CURVE('',#4691,#4683,#4693,.T.);
#4691 = VERTEX_POINT('',#4692);
#4692 = CARTESIAN_POINT('',(-0.63,1.475,5.E-02));
#4693 = LINE('',#4694,#4695);
#4694 = CARTESIAN_POINT('',(-1.475,1.475,5.E-02));
#4695 = VECTOR('',#4696,1.);
#4696 = DIRECTION('',(1.,-2.22044604925E-16,0.));
#4697 = ORIENTED_EDGE('',*,*,#4698,.T.);
#4698 = EDGE_CURVE('',#4691,#4699,#4701,.T.);
#4699 = VERTEX_POINT('',#4700);
#4700 = CARTESIAN_POINT('',(-0.63,1.1,5.E-02));
#4701 = LINE('',#4702,#4703);
#4702 = CARTESIAN_POINT('',(-0.63,1.2875,5.E-02));
#4703 = VECTOR('',#4704,1.);
#4704 = DIRECTION('',(-4.555315873023E-16,-1.,0.));
#4705 = ORIENTED_EDGE('',*,*,#4706,.T.);
#4706 = EDGE_CURVE('',#4699,#4707,#4709,.T.);
#4707 = VERTEX_POINT('',#4708);
#4708 = CARTESIAN_POINT('',(-0.87,1.1,5.E-02));
#4709 = LINE('',#4710,#4711);
#4710 = CARTESIAN_POINT('',(-1.1725,1.1,5.E-02));
#4711 = VECTOR('',#4712,1.);
#4712 = DIRECTION('',(-1.,4.555315873023E-16,0.));
#4713 = ORIENTED_EDGE('',*,*,#4714,.T.);
#4714 = EDGE_CURVE('',#4707,#4179,#4715,.T.);
#4715 = LINE('',#4716,#4717);
#4716 = CARTESIAN_POINT('',(-0.87,1.4875,5.E-02));
#4717 = VECTOR('',#4718,1.);
#4718 = DIRECTION('',(4.555315873023E-16,1.,0.));
#4719 = FACE_BOUND('',#4720,.F.);
#4720 = EDGE_LOOP('',(#4721,#4722,#4723,#4731,#4739));
#4721 = ORIENTED_EDGE('',*,*,#4154,.T.);
#4722 = ORIENTED_EDGE('',*,*,#4091,.T.);
#4723 = ORIENTED_EDGE('',*,*,#4724,.T.);
#4724 = EDGE_CURVE('',#4084,#4725,#4727,.T.);
#4725 = VERTEX_POINT('',#4726);
#4726 = CARTESIAN_POINT('',(-0.6,0.8,5.E-02));
#4727 = LINE('',#4728,#4729);
#4728 = CARTESIAN_POINT('',(-0.65,0.75,5.E-02));
#4729 = VECTOR('',#4730,1.);
#4730 = DIRECTION('',(0.707106781187,0.707106781187,0.));
#4731 = ORIENTED_EDGE('',*,*,#4732,.T.);
#4732 = EDGE_CURVE('',#4725,#4733,#4735,.T.);
#4733 = VERTEX_POINT('',#4734);
#4734 = CARTESIAN_POINT('',(0.8,0.8,5.E-02));
#4735 = LINE('',#4736,#4737);
#4736 = CARTESIAN_POINT('',(-0.3375,0.8,5.E-02));
#4737 = VECTOR('',#4738,1.);
#4738 = DIRECTION('',(1.,-2.22044604925E-16,0.));
#4739 = ORIENTED_EDGE('',*,*,#4740,.T.);
#4740 = EDGE_CURVE('',#4733,#4155,#4741,.T.);
#4741 = LINE('',#4742,#4743);
#4742 = CARTESIAN_POINT('',(0.8,0.3375,5.E-02));
#4743 = VECTOR('',#4744,1.);
#4744 = DIRECTION('',(-2.22044604925E-16,-1.,0.));
#4745 = PLANE('',#4746);
#4746 = AXIS2_PLACEMENT_3D('',#4747,#4748,#4749);
#4747 = CARTESIAN_POINT('',(-1.475,1.475,5.E-02));
#4748 = DIRECTION('',(0.,0.,1.));
#4749 = DIRECTION('',(-2.22044604925E-16,-1.,0.));
#4750 = ADVANCED_FACE('',(#4751),#4762,.F.);
#4751 = FACE_BOUND('',#4752,.F.);
#4752 = EDGE_LOOP('',(#4753,#4754,#4760,#4761));
#4753 = ORIENTED_EDGE('',*,*,#4138,.F.);
#4754 = ORIENTED_EDGE('',*,*,#4755,.T.);
#4755 = EDGE_CURVE('',#4131,#4725,#4756,.T.);
#4756 = LINE('',#4757,#4758);
#4757 = CARTESIAN_POINT('',(-0.6,0.8,0.));
#4758 = VECTOR('',#4759,1.);
#4759 = DIRECTION('',(0.,0.,1.));
#4760 = ORIENTED_EDGE('',*,*,#4724,.F.);
#4761 = ORIENTED_EDGE('',*,*,#4083,.F.);
#4762 = PLANE('',#4763);
#4763 = AXIS2_PLACEMENT_3D('',#4764,#4765,#4766);
#4764 = CARTESIAN_POINT('',(-0.6,0.8,0.));
#4765 = DIRECTION('',(0.707106781187,-0.707106781187,0.));
#4766 = DIRECTION('',(-0.707106781187,-0.707106781187,0.));
#4767 = ADVANCED_FACE('',(#4768),#4779,.F.);
#4768 = FACE_BOUND('',#4769,.F.);
#4769 = EDGE_LOOP('',(#4770,#4771,#4772,#4773));
#4770 = ORIENTED_EDGE('',*,*,#4122,.F.);
#4771 = ORIENTED_EDGE('',*,*,#4162,.T.);
#4772 = ORIENTED_EDGE('',*,*,#4740,.F.);
#4773 = ORIENTED_EDGE('',*,*,#4774,.F.);
#4774 = EDGE_CURVE('',#4123,#4733,#4775,.T.);
#4775 = LINE('',#4776,#4777);
#4776 = CARTESIAN_POINT('',(0.8,0.8,0.));
#4777 = VECTOR('',#4778,1.);
#4778 = DIRECTION('',(0.,0.,1.));
#4779 = PLANE('',#4780);
#4780 = AXIS2_PLACEMENT_3D('',#4781,#4782,#4783);
#4781 = CARTESIAN_POINT('',(0.8,-0.8,0.));
#4782 = DIRECTION('',(-1.,2.22044604925E-16,0.));
#4783 = DIRECTION('',(2.22044604925E-16,1.,0.));
#4784 = ADVANCED_FACE('',(#4785),#4791,.F.);
#4785 = FACE_BOUND('',#4786,.F.);
#4786 = EDGE_LOOP('',(#4787,#4788,#4789,#4790));
#4787 = ORIENTED_EDGE('',*,*,#4130,.F.);
#4788 = ORIENTED_EDGE('',*,*,#4774,.T.);
#4789 = ORIENTED_EDGE('',*,*,#4732,.F.);
#4790 = ORIENTED_EDGE('',*,*,#4755,.F.);
#4791 = PLANE('',#4792);
#4792 = AXIS2_PLACEMENT_3D('',#4793,#4794,#4795);
#4793 = CARTESIAN_POINT('',(0.8,0.8,0.));
#4794 = DIRECTION('',(-2.22044604925E-16,-1.,0.));
#4795 = DIRECTION('',(-1.,2.22044604925E-16,0.));
#4796 = ADVANCED_FACE('',(#4797),#4914,.F.);
#4797 = FACE_BOUND('',#4798,.F.);
#4798 = EDGE_LOOP('',(#4799,#4809,#4815,#4816,#4824,#4832,#4838,#4839,
    #4847,#4855,#4861,#4862,#4870,#4878,#4884,#4885,#4893,#4901,#4907,
    #4908));
#4799 = ORIENTED_EDGE('',*,*,#4800,.F.);
#4800 = EDGE_CURVE('',#4801,#4803,#4805,.T.);
#4801 = VERTEX_POINT('',#4802);
#4802 = CARTESIAN_POINT('',(-1.475,1.475,0.8));
#4803 = VERTEX_POINT('',#4804);
#4804 = CARTESIAN_POINT('',(1.475,1.475,0.8));
#4805 = LINE('',#4806,#4807);
#4806 = CARTESIAN_POINT('',(-1.475,1.475,0.8));
#4807 = VECTOR('',#4808,1.);
#4808 = DIRECTION('',(1.,-2.22044604925E-16,0.));
#4809 = ORIENTED_EDGE('',*,*,#4810,.F.);
#4810 = EDGE_CURVE('',#4177,#4801,#4811,.T.);
#4811 = LINE('',#4812,#4813);
#4812 = CARTESIAN_POINT('',(-1.475,1.475,5.E-02));
#4813 = VECTOR('',#4814,1.);
#4814 = DIRECTION('',(0.,0.,1.));
#4815 = ORIENTED_EDGE('',*,*,#4176,.T.);
#4816 = ORIENTED_EDGE('',*,*,#4817,.T.);
#4817 = EDGE_CURVE('',#4179,#4818,#4820,.T.);
#4818 = VERTEX_POINT('',#4819);
#4819 = CARTESIAN_POINT('',(-0.87,1.475,0.2));
#4820 = LINE('',#4821,#4822);
#4821 = CARTESIAN_POINT('',(-0.87,1.475,2.5E-02));
#4822 = VECTOR('',#4823,1.);
#4823 = DIRECTION('',(0.,0.,1.));
#4824 = ORIENTED_EDGE('',*,*,#4825,.F.);
#4825 = EDGE_CURVE('',#4826,#4818,#4828,.T.);
#4826 = VERTEX_POINT('',#4827);
#4827 = CARTESIAN_POINT('',(-0.63,1.475,0.2));
#4828 = LINE('',#4829,#4830);
#4829 = CARTESIAN_POINT('',(-1.1125,1.475,0.2));
#4830 = VECTOR('',#4831,1.);
#4831 = DIRECTION('',(-1.,2.22044604925E-16,0.));
#4832 = ORIENTED_EDGE('',*,*,#4833,.T.);
#4833 = EDGE_CURVE('',#4826,#4691,#4834,.T.);
#4834 = LINE('',#4835,#4836);
#4835 = CARTESIAN_POINT('',(-0.63,1.475,2.5E-02));
#4836 = VECTOR('',#4837,1.);
#4837 = DIRECTION('',(-0.,0.,-1.));
#4838 = ORIENTED_EDGE('',*,*,#4690,.T.);
#4839 = ORIENTED_EDGE('',*,*,#4840,.T.);
#4840 = EDGE_CURVE('',#4683,#4841,#4843,.T.);
#4841 = VERTEX_POINT('',#4842);
#4842 = CARTESIAN_POINT('',(-0.37,1.475,0.2));
#4843 = LINE('',#4844,#4845);
#4844 = CARTESIAN_POINT('',(-0.37,1.475,2.5E-02));
#4845 = VECTOR('',#4846,1.);
#4846 = DIRECTION('',(0.,0.,1.));
#4847 = ORIENTED_EDGE('',*,*,#4848,.F.);
#4848 = EDGE_CURVE('',#4849,#4841,#4851,.T.);
#4849 = VERTEX_POINT('',#4850);
#4850 = CARTESIAN_POINT('',(-0.13,1.475,0.2));
#4851 = LINE('',#4852,#4853);
#4852 = CARTESIAN_POINT('',(-0.8625,1.475,0.2));
#4853 = VECTOR('',#4854,1.);
#4854 = DIRECTION('',(-1.,2.22044604925E-16,0.));
#4855 = ORIENTED_EDGE('',*,*,#4856,.T.);
#4856 = EDGE_CURVE('',#4849,#4659,#4857,.T.);
#4857 = LINE('',#4858,#4859);
#4858 = CARTESIAN_POINT('',(-0.13,1.475,2.5E-02));
#4859 = VECTOR('',#4860,1.);
#4860 = DIRECTION('',(-0.,0.,-1.));
#4861 = ORIENTED_EDGE('',*,*,#4658,.T.);
#4862 = ORIENTED_EDGE('',*,*,#4863,.T.);
#4863 = EDGE_CURVE('',#4651,#4864,#4866,.T.);
#4864 = VERTEX_POINT('',#4865);
#4865 = CARTESIAN_POINT('',(0.13,1.475,0.2));
#4866 = LINE('',#4867,#4868);
#4867 = CARTESIAN_POINT('',(0.13,1.475,2.5E-02));
#4868 = VECTOR('',#4869,1.);
#4869 = DIRECTION('',(0.,0.,1.));
#4870 = ORIENTED_EDGE('',*,*,#4871,.F.);
#4871 = EDGE_CURVE('',#4872,#4864,#4874,.T.);
#4872 = VERTEX_POINT('',#4873);
#4873 = CARTESIAN_POINT('',(0.37,1.475,0.2));
#4874 = LINE('',#4875,#4876);
#4875 = CARTESIAN_POINT('',(-0.6125,1.475,0.2));
#4876 = VECTOR('',#4877,1.);
#4877 = DIRECTION('',(-1.,2.22044604925E-16,0.));
#4878 = ORIENTED_EDGE('',*,*,#4879,.T.);
#4879 = EDGE_CURVE('',#4872,#4627,#4880,.T.);
#4880 = LINE('',#4881,#4882);
#4881 = CARTESIAN_POINT('',(0.37,1.475,2.5E-02));
#4882 = VECTOR('',#4883,1.);
#4883 = DIRECTION('',(-0.,0.,-1.));
#4884 = ORIENTED_EDGE('',*,*,#4626,.T.);
#4885 = ORIENTED_EDGE('',*,*,#4886,.T.);
#4886 = EDGE_CURVE('',#4619,#4887,#4889,.T.);
#4887 = VERTEX_POINT('',#4888);
#4888 = CARTESIAN_POINT('',(0.63,1.475,0.2));
#4889 = LINE('',#4890,#4891);
#4890 = CARTESIAN_POINT('',(0.63,1.475,2.5E-02));
#4891 = VECTOR('',#4892,1.);
#4892 = DIRECTION('',(0.,0.,1.));
#4893 = ORIENTED_EDGE('',*,*,#4894,.F.);
#4894 = EDGE_CURVE('',#4895,#4887,#4897,.T.);
#4895 = VERTEX_POINT('',#4896);
#4896 = CARTESIAN_POINT('',(0.87,1.475,0.2));
#4897 = LINE('',#4898,#4899);
#4898 = CARTESIAN_POINT('',(-0.3625,1.475,0.2));
#4899 = VECTOR('',#4900,1.);
#4900 = DIRECTION('',(-1.,2.22044604925E-16,0.));
#4901 = ORIENTED_EDGE('',*,*,#4902,.T.);
#4902 = EDGE_CURVE('',#4895,#4595,#4903,.T.);
#4903 = LINE('',#4904,#4905);
#4904 = CARTESIAN_POINT('',(0.87,1.475,2.5E-02));
#4905 = VECTOR('',#4906,1.);
#4906 = DIRECTION('',(-0.,0.,-1.));
#4907 = ORIENTED_EDGE('',*,*,#4594,.T.);
#4908 = ORIENTED_EDGE('',*,*,#4909,.T.);
#4909 = EDGE_CURVE('',#4587,#4803,#4910,.T.);
#4910 = LINE('',#4911,#4912);
#4911 = CARTESIAN_POINT('',(1.475,1.475,5.E-02));
#4912 = VECTOR('',#4913,1.);
#4913 = DIRECTION('',(0.,0.,1.));
#4914 = PLANE('',#4915);
#4915 = AXIS2_PLACEMENT_3D('',#4916,#4917,#4918);
#4916 = CARTESIAN_POINT('',(-1.475,1.475,5.E-02));
#4917 = DIRECTION('',(-2.22044604925E-16,-1.,0.));
#4918 = DIRECTION('',(0.,0.,1.));
#4919 = ADVANCED_FACE('',(#4920),#4954,.F.);
#4920 = FACE_BOUND('',#4921,.F.);
#4921 = EDGE_LOOP('',(#4922,#4932,#4940,#4946,#4947,#4948));
#4922 = ORIENTED_EDGE('',*,*,#4923,.F.);
#4923 = EDGE_CURVE('',#4924,#4926,#4928,.T.);
#4924 = VERTEX_POINT('',#4925);
#4925 = CARTESIAN_POINT('',(-0.87,1.5,0.));
#4926 = VERTEX_POINT('',#4927);
#4927 = CARTESIAN_POINT('',(-0.87,1.1,0.));
#4928 = LINE('',#4929,#4930);
#4929 = CARTESIAN_POINT('',(-0.87,1.5,0.));
#4930 = VECTOR('',#4931,1.);
#4931 = DIRECTION('',(-4.555315873023E-16,-1.,0.));
#4932 = ORIENTED_EDGE('',*,*,#4933,.T.);
#4933 = EDGE_CURVE('',#4924,#4934,#4936,.T.);
#4934 = VERTEX_POINT('',#4935);
#4935 = CARTESIAN_POINT('',(-0.87,1.5,0.2));
#4936 = LINE('',#4937,#4938);
#4937 = CARTESIAN_POINT('',(-0.87,1.5,0.));
#4938 = VECTOR('',#4939,1.);
#4939 = DIRECTION('',(0.,0.,1.));
#4940 = ORIENTED_EDGE('',*,*,#4941,.T.);
#4941 = EDGE_CURVE('',#4934,#4818,#4942,.T.);
#4942 = LINE('',#4943,#4944);
#4943 = CARTESIAN_POINT('',(-0.87,1.5,0.2));
#4944 = VECTOR('',#4945,1.);
#4945 = DIRECTION('',(-4.555315873023E-16,-1.,0.));
#4946 = ORIENTED_EDGE('',*,*,#4817,.F.);
#4947 = ORIENTED_EDGE('',*,*,#4714,.F.);
#4948 = ORIENTED_EDGE('',*,*,#4949,.F.);
#4949 = EDGE_CURVE('',#4926,#4707,#4950,.T.);
#4950 = LINE('',#4951,#4952);
#4951 = CARTESIAN_POINT('',(-0.87,1.1,0.));
#4952 = VECTOR('',#4953,1.);
#4953 = DIRECTION('',(0.,0.,1.));
#4954 = PLANE('',#4955);
#4955 = AXIS2_PLACEMENT_3D('',#4956,#4957,#4958);
#4956 = CARTESIAN_POINT('',(-0.87,1.5,0.));
#4957 = DIRECTION('',(1.,-4.555315873023E-16,0.));
#4958 = DIRECTION('',(-4.555315873023E-16,-1.,0.));
#4959 = ADVANCED_FACE('',(#4960),#4978,.F.);
#4960 = FACE_BOUND('',#4961,.F.);
#4961 = EDGE_LOOP('',(#4962,#4970,#4971,#4972));
#4962 = ORIENTED_EDGE('',*,*,#4963,.F.);
#4963 = EDGE_CURVE('',#4926,#4964,#4966,.T.);
#4964 = VERTEX_POINT('',#4965);
#4965 = CARTESIAN_POINT('',(-0.63,1.1,0.));
#4966 = LINE('',#4967,#4968);
#4967 = CARTESIAN_POINT('',(-0.87,1.1,0.));
#4968 = VECTOR('',#4969,1.);
#4969 = DIRECTION('',(1.,-4.555315873023E-16,0.));
#4970 = ORIENTED_EDGE('',*,*,#4949,.T.);
#4971 = ORIENTED_EDGE('',*,*,#4706,.F.);
#4972 = ORIENTED_EDGE('',*,*,#4973,.F.);
#4973 = EDGE_CURVE('',#4964,#4699,#4974,.T.);
#4974 = LINE('',#4975,#4976);
#4975 = CARTESIAN_POINT('',(-0.63,1.1,0.));
#4976 = VECTOR('',#4977,1.);
#4977 = DIRECTION('',(0.,0.,1.));
#4978 = PLANE('',#4979);
#4979 = AXIS2_PLACEMENT_3D('',#4980,#4981,#4982);
#4980 = CARTESIAN_POINT('',(-0.87,1.1,0.));
#4981 = DIRECTION('',(4.555315873023E-16,1.,0.));
#4982 = DIRECTION('',(1.,-4.555315873023E-16,0.));
#4983 = ADVANCED_FACE('',(#4984),#5011,.F.);
#4984 = FACE_BOUND('',#4985,.F.);
#4985 = EDGE_LOOP('',(#4986,#4994,#4995,#4996,#4997,#5005));
#4986 = ORIENTED_EDGE('',*,*,#4987,.F.);
#4987 = EDGE_CURVE('',#4964,#4988,#4990,.T.);
#4988 = VERTEX_POINT('',#4989);
#4989 = CARTESIAN_POINT('',(-0.63,1.5,0.));
#4990 = LINE('',#4991,#4992);
#4991 = CARTESIAN_POINT('',(-0.63,1.1,0.));
#4992 = VECTOR('',#4993,1.);
#4993 = DIRECTION('',(4.555315873023E-16,1.,0.));
#4994 = ORIENTED_EDGE('',*,*,#4973,.T.);
#4995 = ORIENTED_EDGE('',*,*,#4698,.F.);
#4996 = ORIENTED_EDGE('',*,*,#4833,.F.);
#4997 = ORIENTED_EDGE('',*,*,#4998,.T.);
#4998 = EDGE_CURVE('',#4826,#4999,#5001,.T.);
#4999 = VERTEX_POINT('',#5000);
#5000 = CARTESIAN_POINT('',(-0.63,1.5,0.2));
#5001 = LINE('',#5002,#5003);
#5002 = CARTESIAN_POINT('',(-0.63,1.1,0.2));
#5003 = VECTOR('',#5004,1.);
#5004 = DIRECTION('',(4.555315873023E-16,1.,0.));
#5005 = ORIENTED_EDGE('',*,*,#5006,.F.);
#5006 = EDGE_CURVE('',#4988,#4999,#5007,.T.);
#5007 = LINE('',#5008,#5009);
#5008 = CARTESIAN_POINT('',(-0.63,1.5,0.));
#5009 = VECTOR('',#5010,1.);
#5010 = DIRECTION('',(0.,0.,1.));
#5011 = PLANE('',#5012);
#5012 = AXIS2_PLACEMENT_3D('',#5013,#5014,#5015);
#5013 = CARTESIAN_POINT('',(-0.63,1.1,0.));
#5014 = DIRECTION('',(-1.,4.555315873023E-16,0.));
#5015 = DIRECTION('',(4.555315873023E-16,1.,0.));
#5016 = ADVANCED_FACE('',(#5017),#5051,.F.);
#5017 = FACE_BOUND('',#5018,.F.);
#5018 = EDGE_LOOP('',(#5019,#5029,#5037,#5043,#5044,#5045));
#5019 = ORIENTED_EDGE('',*,*,#5020,.F.);
#5020 = EDGE_CURVE('',#5021,#5023,#5025,.T.);
#5021 = VERTEX_POINT('',#5022);
#5022 = CARTESIAN_POINT('',(-0.37,1.5,0.));
#5023 = VERTEX_POINT('',#5024);
#5024 = CARTESIAN_POINT('',(-0.37,1.1,0.));
#5025 = LINE('',#5026,#5027);
#5026 = CARTESIAN_POINT('',(-0.37,1.5,0.));
#5027 = VECTOR('',#5028,1.);
#5028 = DIRECTION('',(-4.555315873023E-16,-1.,0.));
#5029 = ORIENTED_EDGE('',*,*,#5030,.T.);
#5030 = EDGE_CURVE('',#5021,#5031,#5033,.T.);
#5031 = VERTEX_POINT('',#5032);
#5032 = CARTESIAN_POINT('',(-0.37,1.5,0.2));
#5033 = LINE('',#5034,#5035);
#5034 = CARTESIAN_POINT('',(-0.37,1.5,0.));
#5035 = VECTOR('',#5036,1.);
#5036 = DIRECTION('',(0.,0.,1.));
#5037 = ORIENTED_EDGE('',*,*,#5038,.T.);
#5038 = EDGE_CURVE('',#5031,#4841,#5039,.T.);
#5039 = LINE('',#5040,#5041);
#5040 = CARTESIAN_POINT('',(-0.37,1.5,0.2));
#5041 = VECTOR('',#5042,1.);
#5042 = DIRECTION('',(-4.555315873023E-16,-1.,0.));
#5043 = ORIENTED_EDGE('',*,*,#4840,.F.);
#5044 = ORIENTED_EDGE('',*,*,#4682,.F.);
#5045 = ORIENTED_EDGE('',*,*,#5046,.F.);
#5046 = EDGE_CURVE('',#5023,#4675,#5047,.T.);
#5047 = LINE('',#5048,#5049);
#5048 = CARTESIAN_POINT('',(-0.37,1.1,0.));
#5049 = VECTOR('',#5050,1.);
#5050 = DIRECTION('',(0.,0.,1.));
#5051 = PLANE('',#5052);
#5052 = AXIS2_PLACEMENT_3D('',#5053,#5054,#5055);
#5053 = CARTESIAN_POINT('',(-0.37,1.5,0.));
#5054 = DIRECTION('',(1.,-4.555315873023E-16,0.));
#5055 = DIRECTION('',(-4.555315873023E-16,-1.,0.));
#5056 = ADVANCED_FACE('',(#5057),#5075,.F.);
#5057 = FACE_BOUND('',#5058,.F.);
#5058 = EDGE_LOOP('',(#5059,#5067,#5068,#5069));
#5059 = ORIENTED_EDGE('',*,*,#5060,.F.);
#5060 = EDGE_CURVE('',#5023,#5061,#5063,.T.);
#5061 = VERTEX_POINT('',#5062);
#5062 = CARTESIAN_POINT('',(-0.13,1.1,0.));
#5063 = LINE('',#5064,#5065);
#5064 = CARTESIAN_POINT('',(-0.37,1.1,0.));
#5065 = VECTOR('',#5066,1.);
#5066 = DIRECTION('',(1.,-4.555315873023E-16,0.));
#5067 = ORIENTED_EDGE('',*,*,#5046,.T.);
#5068 = ORIENTED_EDGE('',*,*,#4674,.F.);
#5069 = ORIENTED_EDGE('',*,*,#5070,.F.);
#5070 = EDGE_CURVE('',#5061,#4667,#5071,.T.);
#5071 = LINE('',#5072,#5073);
#5072 = CARTESIAN_POINT('',(-0.13,1.1,0.));
#5073 = VECTOR('',#5074,1.);
#5074 = DIRECTION('',(0.,0.,1.));
#5075 = PLANE('',#5076);
#5076 = AXIS2_PLACEMENT_3D('',#5077,#5078,#5079);
#5077 = CARTESIAN_POINT('',(-0.37,1.1,0.));
#5078 = DIRECTION('',(4.555315873023E-16,1.,0.));
#5079 = DIRECTION('',(1.,-4.555315873023E-16,0.));
#5080 = ADVANCED_FACE('',(#5081),#5108,.F.);
#5081 = FACE_BOUND('',#5082,.F.);
#5082 = EDGE_LOOP('',(#5083,#5091,#5092,#5093,#5094,#5102));
#5083 = ORIENTED_EDGE('',*,*,#5084,.F.);
#5084 = EDGE_CURVE('',#5061,#5085,#5087,.T.);
#5085 = VERTEX_POINT('',#5086);
#5086 = CARTESIAN_POINT('',(-0.13,1.5,0.));
#5087 = LINE('',#5088,#5089);
#5088 = CARTESIAN_POINT('',(-0.13,1.1,0.));
#5089 = VECTOR('',#5090,1.);
#5090 = DIRECTION('',(4.555315873023E-16,1.,0.));
#5091 = ORIENTED_EDGE('',*,*,#5070,.T.);
#5092 = ORIENTED_EDGE('',*,*,#4666,.F.);
#5093 = ORIENTED_EDGE('',*,*,#4856,.F.);
#5094 = ORIENTED_EDGE('',*,*,#5095,.T.);
#5095 = EDGE_CURVE('',#4849,#5096,#5098,.T.);
#5096 = VERTEX_POINT('',#5097);
#5097 = CARTESIAN_POINT('',(-0.13,1.5,0.2));
#5098 = LINE('',#5099,#5100);
#5099 = CARTESIAN_POINT('',(-0.13,1.1,0.2));
#5100 = VECTOR('',#5101,1.);
#5101 = DIRECTION('',(4.555315873023E-16,1.,0.));
#5102 = ORIENTED_EDGE('',*,*,#5103,.F.);
#5103 = EDGE_CURVE('',#5085,#5096,#5104,.T.);
#5104 = LINE('',#5105,#5106);
#5105 = CARTESIAN_POINT('',(-0.13,1.5,0.));
#5106 = VECTOR('',#5107,1.);
#5107 = DIRECTION('',(0.,0.,1.));
#5108 = PLANE('',#5109);
#5109 = AXIS2_PLACEMENT_3D('',#5110,#5111,#5112);
#5110 = CARTESIAN_POINT('',(-0.13,1.1,0.));
#5111 = DIRECTION('',(-1.,4.555315873023E-16,0.));
#5112 = DIRECTION('',(4.555315873023E-16,1.,0.));
#5113 = ADVANCED_FACE('',(#5114),#5148,.F.);
#5114 = FACE_BOUND('',#5115,.F.);
#5115 = EDGE_LOOP('',(#5116,#5126,#5134,#5140,#5141,#5142));
#5116 = ORIENTED_EDGE('',*,*,#5117,.F.);
#5117 = EDGE_CURVE('',#5118,#5120,#5122,.T.);
#5118 = VERTEX_POINT('',#5119);
#5119 = CARTESIAN_POINT('',(0.13,1.5,0.));
#5120 = VERTEX_POINT('',#5121);
#5121 = CARTESIAN_POINT('',(0.13,1.1,0.));
#5122 = LINE('',#5123,#5124);
#5123 = CARTESIAN_POINT('',(0.13,1.5,0.));
#5124 = VECTOR('',#5125,1.);
#5125 = DIRECTION('',(-4.555315873023E-16,-1.,0.));
#5126 = ORIENTED_EDGE('',*,*,#5127,.T.);
#5127 = EDGE_CURVE('',#5118,#5128,#5130,.T.);
#5128 = VERTEX_POINT('',#5129);
#5129 = CARTESIAN_POINT('',(0.13,1.5,0.2));
#5130 = LINE('',#5131,#5132);
#5131 = CARTESIAN_POINT('',(0.13,1.5,0.));
#5132 = VECTOR('',#5133,1.);
#5133 = DIRECTION('',(0.,0.,1.));
#5134 = ORIENTED_EDGE('',*,*,#5135,.T.);
#5135 = EDGE_CURVE('',#5128,#4864,#5136,.T.);
#5136 = LINE('',#5137,#5138);
#5137 = CARTESIAN_POINT('',(0.13,1.5,0.2));
#5138 = VECTOR('',#5139,1.);
#5139 = DIRECTION('',(-4.555315873023E-16,-1.,0.));
#5140 = ORIENTED_EDGE('',*,*,#4863,.F.);
#5141 = ORIENTED_EDGE('',*,*,#4650,.F.);
#5142 = ORIENTED_EDGE('',*,*,#5143,.F.);
#5143 = EDGE_CURVE('',#5120,#4643,#5144,.T.);
#5144 = LINE('',#5145,#5146);
#5145 = CARTESIAN_POINT('',(0.13,1.1,0.));
#5146 = VECTOR('',#5147,1.);
#5147 = DIRECTION('',(0.,0.,1.));
#5148 = PLANE('',#5149);
#5149 = AXIS2_PLACEMENT_3D('',#5150,#5151,#5152);
#5150 = CARTESIAN_POINT('',(0.13,1.5,0.));
#5151 = DIRECTION('',(1.,-4.555315873023E-16,0.));
#5152 = DIRECTION('',(-4.555315873023E-16,-1.,0.));
#5153 = ADVANCED_FACE('',(#5154),#5172,.F.);
#5154 = FACE_BOUND('',#5155,.F.);
#5155 = EDGE_LOOP('',(#5156,#5164,#5165,#5166));
#5156 = ORIENTED_EDGE('',*,*,#5157,.F.);
#5157 = EDGE_CURVE('',#5120,#5158,#5160,.T.);
#5158 = VERTEX_POINT('',#5159);
#5159 = CARTESIAN_POINT('',(0.37,1.1,0.));
#5160 = LINE('',#5161,#5162);
#5161 = CARTESIAN_POINT('',(0.13,1.1,0.));
#5162 = VECTOR('',#5163,1.);
#5163 = DIRECTION('',(1.,-4.555315873023E-16,0.));
#5164 = ORIENTED_EDGE('',*,*,#5143,.T.);
#5165 = ORIENTED_EDGE('',*,*,#4642,.F.);
#5166 = ORIENTED_EDGE('',*,*,#5167,.F.);
#5167 = EDGE_CURVE('',#5158,#4635,#5168,.T.);
#5168 = LINE('',#5169,#5170);
#5169 = CARTESIAN_POINT('',(0.37,1.1,0.));
#5170 = VECTOR('',#5171,1.);
#5171 = DIRECTION('',(0.,0.,1.));
#5172 = PLANE('',#5173);
#5173 = AXIS2_PLACEMENT_3D('',#5174,#5175,#5176);
#5174 = CARTESIAN_POINT('',(0.13,1.1,0.));
#5175 = DIRECTION('',(4.555315873023E-16,1.,0.));
#5176 = DIRECTION('',(1.,-4.555315873023E-16,0.));
#5177 = ADVANCED_FACE('',(#5178),#5205,.F.);
#5178 = FACE_BOUND('',#5179,.F.);
#5179 = EDGE_LOOP('',(#5180,#5188,#5189,#5190,#5191,#5199));
#5180 = ORIENTED_EDGE('',*,*,#5181,.F.);
#5181 = EDGE_CURVE('',#5158,#5182,#5184,.T.);
#5182 = VERTEX_POINT('',#5183);
#5183 = CARTESIAN_POINT('',(0.37,1.5,0.));
#5184 = LINE('',#5185,#5186);
#5185 = CARTESIAN_POINT('',(0.37,1.1,0.));
#5186 = VECTOR('',#5187,1.);
#5187 = DIRECTION('',(4.555315873023E-16,1.,0.));
#5188 = ORIENTED_EDGE('',*,*,#5167,.T.);
#5189 = ORIENTED_EDGE('',*,*,#4634,.F.);
#5190 = ORIENTED_EDGE('',*,*,#4879,.F.);
#5191 = ORIENTED_EDGE('',*,*,#5192,.T.);
#5192 = EDGE_CURVE('',#4872,#5193,#5195,.T.);
#5193 = VERTEX_POINT('',#5194);
#5194 = CARTESIAN_POINT('',(0.37,1.5,0.2));
#5195 = LINE('',#5196,#5197);
#5196 = CARTESIAN_POINT('',(0.37,1.1,0.2));
#5197 = VECTOR('',#5198,1.);
#5198 = DIRECTION('',(4.555315873023E-16,1.,0.));
#5199 = ORIENTED_EDGE('',*,*,#5200,.F.);
#5200 = EDGE_CURVE('',#5182,#5193,#5201,.T.);
#5201 = LINE('',#5202,#5203);
#5202 = CARTESIAN_POINT('',(0.37,1.5,0.));
#5203 = VECTOR('',#5204,1.);
#5204 = DIRECTION('',(0.,0.,1.));
#5205 = PLANE('',#5206);
#5206 = AXIS2_PLACEMENT_3D('',#5207,#5208,#5209);
#5207 = CARTESIAN_POINT('',(0.37,1.1,0.));
#5208 = DIRECTION('',(-1.,4.555315873023E-16,0.));
#5209 = DIRECTION('',(4.555315873023E-16,1.,0.));
#5210 = ADVANCED_FACE('',(#5211),#5245,.F.);
#5211 = FACE_BOUND('',#5212,.F.);
#5212 = EDGE_LOOP('',(#5213,#5223,#5231,#5237,#5238,#5239));
#5213 = ORIENTED_EDGE('',*,*,#5214,.F.);
#5214 = EDGE_CURVE('',#5215,#5217,#5219,.T.);
#5215 = VERTEX_POINT('',#5216);
#5216 = CARTESIAN_POINT('',(0.63,1.5,0.));
#5217 = VERTEX_POINT('',#5218);
#5218 = CARTESIAN_POINT('',(0.63,1.1,0.));
#5219 = LINE('',#5220,#5221);
#5220 = CARTESIAN_POINT('',(0.63,1.5,0.));
#5221 = VECTOR('',#5222,1.);
#5222 = DIRECTION('',(-4.555315873023E-16,-1.,0.));
#5223 = ORIENTED_EDGE('',*,*,#5224,.T.);
#5224 = EDGE_CURVE('',#5215,#5225,#5227,.T.);
#5225 = VERTEX_POINT('',#5226);
#5226 = CARTESIAN_POINT('',(0.63,1.5,0.2));
#5227 = LINE('',#5228,#5229);
#5228 = CARTESIAN_POINT('',(0.63,1.5,0.));
#5229 = VECTOR('',#5230,1.);
#5230 = DIRECTION('',(0.,0.,1.));
#5231 = ORIENTED_EDGE('',*,*,#5232,.T.);
#5232 = EDGE_CURVE('',#5225,#4887,#5233,.T.);
#5233 = LINE('',#5234,#5235);
#5234 = CARTESIAN_POINT('',(0.63,1.5,0.2));
#5235 = VECTOR('',#5236,1.);
#5236 = DIRECTION('',(-4.555315873023E-16,-1.,0.));
#5237 = ORIENTED_EDGE('',*,*,#4886,.F.);
#5238 = ORIENTED_EDGE('',*,*,#4618,.F.);
#5239 = ORIENTED_EDGE('',*,*,#5240,.F.);
#5240 = EDGE_CURVE('',#5217,#4611,#5241,.T.);
#5241 = LINE('',#5242,#5243);
#5242 = CARTESIAN_POINT('',(0.63,1.1,0.));
#5243 = VECTOR('',#5244,1.);
#5244 = DIRECTION('',(0.,0.,1.));
#5245 = PLANE('',#5246);
#5246 = AXIS2_PLACEMENT_3D('',#5247,#5248,#5249);
#5247 = CARTESIAN_POINT('',(0.63,1.5,0.));
#5248 = DIRECTION('',(1.,-4.555315873023E-16,0.));
#5249 = DIRECTION('',(-4.555315873023E-16,-1.,0.));
#5250 = ADVANCED_FACE('',(#5251),#5269,.F.);
#5251 = FACE_BOUND('',#5252,.F.);
#5252 = EDGE_LOOP('',(#5253,#5261,#5262,#5263));
#5253 = ORIENTED_EDGE('',*,*,#5254,.F.);
#5254 = EDGE_CURVE('',#5217,#5255,#5257,.T.);
#5255 = VERTEX_POINT('',#5256);
#5256 = CARTESIAN_POINT('',(0.87,1.1,0.));
#5257 = LINE('',#5258,#5259);
#5258 = CARTESIAN_POINT('',(0.63,1.1,0.));
#5259 = VECTOR('',#5260,1.);
#5260 = DIRECTION('',(1.,-4.555315873023E-16,0.));
#5261 = ORIENTED_EDGE('',*,*,#5240,.T.);
#5262 = ORIENTED_EDGE('',*,*,#4610,.F.);
#5263 = ORIENTED_EDGE('',*,*,#5264,.F.);
#5264 = EDGE_CURVE('',#5255,#4603,#5265,.T.);
#5265 = LINE('',#5266,#5267);
#5266 = CARTESIAN_POINT('',(0.87,1.1,0.));
#5267 = VECTOR('',#5268,1.);
#5268 = DIRECTION('',(0.,0.,1.));
#5269 = PLANE('',#5270);
#5270 = AXIS2_PLACEMENT_3D('',#5271,#5272,#5273);
#5271 = CARTESIAN_POINT('',(0.63,1.1,0.));
#5272 = DIRECTION('',(4.555315873023E-16,1.,0.));
#5273 = DIRECTION('',(1.,-4.555315873023E-16,0.));
#5274 = ADVANCED_FACE('',(#5275),#5302,.F.);
#5275 = FACE_BOUND('',#5276,.F.);
#5276 = EDGE_LOOP('',(#5277,#5285,#5286,#5287,#5288,#5296));
#5277 = ORIENTED_EDGE('',*,*,#5278,.F.);
#5278 = EDGE_CURVE('',#5255,#5279,#5281,.T.);
#5279 = VERTEX_POINT('',#5280);
#5280 = CARTESIAN_POINT('',(0.87,1.5,0.));
#5281 = LINE('',#5282,#5283);
#5282 = CARTESIAN_POINT('',(0.87,1.1,0.));
#5283 = VECTOR('',#5284,1.);
#5284 = DIRECTION('',(4.555315873023E-16,1.,0.));
#5285 = ORIENTED_EDGE('',*,*,#5264,.T.);
#5286 = ORIENTED_EDGE('',*,*,#4602,.F.);
#5287 = ORIENTED_EDGE('',*,*,#4902,.F.);
#5288 = ORIENTED_EDGE('',*,*,#5289,.T.);
#5289 = EDGE_CURVE('',#4895,#5290,#5292,.T.);
#5290 = VERTEX_POINT('',#5291);
#5291 = CARTESIAN_POINT('',(0.87,1.5,0.2));
#5292 = LINE('',#5293,#5294);
#5293 = CARTESIAN_POINT('',(0.87,1.1,0.2));
#5294 = VECTOR('',#5295,1.);
#5295 = DIRECTION('',(4.555315873023E-16,1.,0.));
#5296 = ORIENTED_EDGE('',*,*,#5297,.F.);
#5297 = EDGE_CURVE('',#5279,#5290,#5298,.T.);
#5298 = LINE('',#5299,#5300);
#5299 = CARTESIAN_POINT('',(0.87,1.5,0.));
#5300 = VECTOR('',#5301,1.);
#5301 = DIRECTION('',(0.,0.,1.));
#5302 = PLANE('',#5303);
#5303 = AXIS2_PLACEMENT_3D('',#5304,#5305,#5306);
#5304 = CARTESIAN_POINT('',(0.87,1.1,0.));
#5305 = DIRECTION('',(-1.,4.555315873023E-16,0.));
#5306 = DIRECTION('',(4.555315873023E-16,1.,0.));
#5307 = ADVANCED_FACE('',(#5308),#5418,.T.);
#5308 = FACE_BOUND('',#5309,.T.);
#5309 = EDGE_LOOP('',(#5310,#5311,#5312,#5320,#5326,#5327,#5335,#5343,
    #5349,#5350,#5358,#5366,#5372,#5373,#5381,#5389,#5395,#5396,#5404,
    #5412));
#5310 = ORIENTED_EDGE('',*,*,#4586,.F.);
#5311 = ORIENTED_EDGE('',*,*,#4909,.T.);
#5312 = ORIENTED_EDGE('',*,*,#5313,.T.);
#5313 = EDGE_CURVE('',#4803,#5314,#5316,.T.);
#5314 = VERTEX_POINT('',#5315);
#5315 = CARTESIAN_POINT('',(1.475,-1.475,0.8));
#5316 = LINE('',#5317,#5318);
#5317 = CARTESIAN_POINT('',(1.475,1.475,0.8));
#5318 = VECTOR('',#5319,1.);
#5319 = DIRECTION('',(-2.22044604925E-16,-1.,0.));
#5320 = ORIENTED_EDGE('',*,*,#5321,.F.);
#5321 = EDGE_CURVE('',#4451,#5314,#5322,.T.);
#5322 = LINE('',#5323,#5324);
#5323 = CARTESIAN_POINT('',(1.475,-1.475,5.E-02));
#5324 = VECTOR('',#5325,1.);
#5325 = DIRECTION('',(0.,0.,1.));
#5326 = ORIENTED_EDGE('',*,*,#4458,.F.);
#5327 = ORIENTED_EDGE('',*,*,#5328,.T.);
#5328 = EDGE_CURVE('',#4459,#5329,#5331,.T.);
#5329 = VERTEX_POINT('',#5330);
#5330 = CARTESIAN_POINT('',(1.475,-0.87,0.2));
#5331 = LINE('',#5332,#5333);
#5332 = CARTESIAN_POINT('',(1.475,-0.87,2.5E-02));
#5333 = VECTOR('',#5334,1.);
#5334 = DIRECTION('',(0.,0.,1.));
#5335 = ORIENTED_EDGE('',*,*,#5336,.F.);
#5336 = EDGE_CURVE('',#5337,#5329,#5339,.T.);
#5337 = VERTEX_POINT('',#5338);
#5338 = CARTESIAN_POINT('',(1.475,-0.63,0.2));
#5339 = LINE('',#5340,#5341);
#5340 = CARTESIAN_POINT('',(1.475,0.3625,0.2));
#5341 = VECTOR('',#5342,1.);
#5342 = DIRECTION('',(-2.22044604925E-16,-1.,0.));
#5343 = ORIENTED_EDGE('',*,*,#5344,.T.);
#5344 = EDGE_CURVE('',#5337,#4483,#5345,.T.);
#5345 = LINE('',#5346,#5347);
#5346 = CARTESIAN_POINT('',(1.475,-0.63,2.5E-02));
#5347 = VECTOR('',#5348,1.);
#5348 = DIRECTION('',(0.,-0.,-1.));
#5349 = ORIENTED_EDGE('',*,*,#4490,.F.);
#5350 = ORIENTED_EDGE('',*,*,#5351,.T.);
#5351 = EDGE_CURVE('',#4491,#5352,#5354,.T.);
#5352 = VERTEX_POINT('',#5353);
#5353 = CARTESIAN_POINT('',(1.475,-0.37,0.2));
#5354 = LINE('',#5355,#5356);
#5355 = CARTESIAN_POINT('',(1.475,-0.37,2.5E-02));
#5356 = VECTOR('',#5357,1.);
#5357 = DIRECTION('',(0.,0.,1.));
#5358 = ORIENTED_EDGE('',*,*,#5359,.F.);
#5359 = EDGE_CURVE('',#5360,#5352,#5362,.T.);
#5360 = VERTEX_POINT('',#5361);
#5361 = CARTESIAN_POINT('',(1.475,-0.13,0.2));
#5362 = LINE('',#5363,#5364);
#5363 = CARTESIAN_POINT('',(1.475,0.6125,0.2));
#5364 = VECTOR('',#5365,1.);
#5365 = DIRECTION('',(-2.22044604925E-16,-1.,0.));
#5366 = ORIENTED_EDGE('',*,*,#5367,.T.);
#5367 = EDGE_CURVE('',#5360,#4515,#5368,.T.);
#5368 = LINE('',#5369,#5370);
#5369 = CARTESIAN_POINT('',(1.475,-0.13,2.5E-02));
#5370 = VECTOR('',#5371,1.);
#5371 = DIRECTION('',(0.,-0.,-1.));
#5372 = ORIENTED_EDGE('',*,*,#4522,.F.);
#5373 = ORIENTED_EDGE('',*,*,#5374,.T.);
#5374 = EDGE_CURVE('',#4523,#5375,#5377,.T.);
#5375 = VERTEX_POINT('',#5376);
#5376 = CARTESIAN_POINT('',(1.475,0.13,0.2));
#5377 = LINE('',#5378,#5379);
#5378 = CARTESIAN_POINT('',(1.475,0.13,2.5E-02));
#5379 = VECTOR('',#5380,1.);
#5380 = DIRECTION('',(0.,0.,1.));
#5381 = ORIENTED_EDGE('',*,*,#5382,.F.);
#5382 = EDGE_CURVE('',#5383,#5375,#5385,.T.);
#5383 = VERTEX_POINT('',#5384);
#5384 = CARTESIAN_POINT('',(1.475,0.37,0.2));
#5385 = LINE('',#5386,#5387);
#5386 = CARTESIAN_POINT('',(1.475,0.8625,0.2));
#5387 = VECTOR('',#5388,1.);
#5388 = DIRECTION('',(-2.22044604925E-16,-1.,0.));
#5389 = ORIENTED_EDGE('',*,*,#5390,.T.);
#5390 = EDGE_CURVE('',#5383,#4547,#5391,.T.);
#5391 = LINE('',#5392,#5393);
#5392 = CARTESIAN_POINT('',(1.475,0.37,2.5E-02));
#5393 = VECTOR('',#5394,1.);
#5394 = DIRECTION('',(0.,-0.,-1.));
#5395 = ORIENTED_EDGE('',*,*,#4554,.F.);
#5396 = ORIENTED_EDGE('',*,*,#5397,.T.);
#5397 = EDGE_CURVE('',#4555,#5398,#5400,.T.);
#5398 = VERTEX_POINT('',#5399);
#5399 = CARTESIAN_POINT('',(1.475,0.63,0.2));
#5400 = LINE('',#5401,#5402);
#5401 = CARTESIAN_POINT('',(1.475,0.63,2.5E-02));
#5402 = VECTOR('',#5403,1.);
#5403 = DIRECTION('',(0.,0.,1.));
#5404 = ORIENTED_EDGE('',*,*,#5405,.F.);
#5405 = EDGE_CURVE('',#5406,#5398,#5408,.T.);
#5406 = VERTEX_POINT('',#5407);
#5407 = CARTESIAN_POINT('',(1.475,0.87,0.2));
#5408 = LINE('',#5409,#5410);
#5409 = CARTESIAN_POINT('',(1.475,1.1125,0.2));
#5410 = VECTOR('',#5411,1.);
#5411 = DIRECTION('',(-2.22044604925E-16,-1.,0.));
#5412 = ORIENTED_EDGE('',*,*,#5413,.T.);
#5413 = EDGE_CURVE('',#5406,#4579,#5414,.T.);
#5414 = LINE('',#5415,#5416);
#5415 = CARTESIAN_POINT('',(1.475,0.87,2.5E-02));
#5416 = VECTOR('',#5417,1.);
#5417 = DIRECTION('',(0.,-0.,-1.));
#5418 = PLANE('',#5419);
#5419 = AXIS2_PLACEMENT_3D('',#5420,#5421,#5422);
#5420 = CARTESIAN_POINT('',(1.475,1.475,5.E-02));
#5421 = DIRECTION('',(1.,-2.22044604925E-16,0.));
#5422 = DIRECTION('',(0.,0.,1.));
#5423 = ADVANCED_FACE('',(#5424),#5458,.F.);
#5424 = FACE_BOUND('',#5425,.F.);
#5425 = EDGE_LOOP('',(#5426,#5436,#5444,#5450,#5451,#5452));
#5426 = ORIENTED_EDGE('',*,*,#5427,.F.);
#5427 = EDGE_CURVE('',#5428,#5430,#5432,.T.);
#5428 = VERTEX_POINT('',#5429);
#5429 = CARTESIAN_POINT('',(1.5,0.87,0.));
#5430 = VERTEX_POINT('',#5431);
#5431 = CARTESIAN_POINT('',(1.1,0.87,0.));
#5432 = LINE('',#5433,#5434);
#5433 = CARTESIAN_POINT('',(1.5,0.87,0.));
#5434 = VECTOR('',#5435,1.);
#5435 = DIRECTION('',(-1.,3.445092848398E-16,0.));
#5436 = ORIENTED_EDGE('',*,*,#5437,.T.);
#5437 = EDGE_CURVE('',#5428,#5438,#5440,.T.);
#5438 = VERTEX_POINT('',#5439);
#5439 = CARTESIAN_POINT('',(1.5,0.87,0.2));
#5440 = LINE('',#5441,#5442);
#5441 = CARTESIAN_POINT('',(1.5,0.87,0.));
#5442 = VECTOR('',#5443,1.);
#5443 = DIRECTION('',(0.,0.,1.));
#5444 = ORIENTED_EDGE('',*,*,#5445,.T.);
#5445 = EDGE_CURVE('',#5438,#5406,#5446,.T.);
#5446 = LINE('',#5447,#5448);
#5447 = CARTESIAN_POINT('',(1.5,0.87,0.2));
#5448 = VECTOR('',#5449,1.);
#5449 = DIRECTION('',(-1.,3.445092848398E-16,0.));
#5450 = ORIENTED_EDGE('',*,*,#5413,.T.);
#5451 = ORIENTED_EDGE('',*,*,#4578,.F.);
#5452 = ORIENTED_EDGE('',*,*,#5453,.F.);
#5453 = EDGE_CURVE('',#5430,#4571,#5454,.T.);
#5454 = LINE('',#5455,#5456);
#5455 = CARTESIAN_POINT('',(1.1,0.87,0.));
#5456 = VECTOR('',#5457,1.);
#5457 = DIRECTION('',(0.,0.,1.));
#5458 = PLANE('',#5459);
#5459 = AXIS2_PLACEMENT_3D('',#5460,#5461,#5462);
#5460 = CARTESIAN_POINT('',(1.5,0.87,0.));
#5461 = DIRECTION('',(-3.445092848398E-16,-1.,0.));
#5462 = DIRECTION('',(-1.,3.445092848398E-16,0.));
#5463 = ADVANCED_FACE('',(#5464),#5482,.F.);
#5464 = FACE_BOUND('',#5465,.F.);
#5465 = EDGE_LOOP('',(#5466,#5474,#5475,#5476));
#5466 = ORIENTED_EDGE('',*,*,#5467,.F.);
#5467 = EDGE_CURVE('',#5430,#5468,#5470,.T.);
#5468 = VERTEX_POINT('',#5469);
#5469 = CARTESIAN_POINT('',(1.1,0.63,0.));
#5470 = LINE('',#5471,#5472);
#5471 = CARTESIAN_POINT('',(1.1,0.87,0.));
#5472 = VECTOR('',#5473,1.);
#5473 = DIRECTION('',(-3.445092848398E-16,-1.,0.));
#5474 = ORIENTED_EDGE('',*,*,#5453,.T.);
#5475 = ORIENTED_EDGE('',*,*,#4570,.F.);
#5476 = ORIENTED_EDGE('',*,*,#5477,.F.);
#5477 = EDGE_CURVE('',#5468,#4563,#5478,.T.);
#5478 = LINE('',#5479,#5480);
#5479 = CARTESIAN_POINT('',(1.1,0.63,0.));
#5480 = VECTOR('',#5481,1.);
#5481 = DIRECTION('',(0.,0.,1.));
#5482 = PLANE('',#5483);
#5483 = AXIS2_PLACEMENT_3D('',#5484,#5485,#5486);
#5484 = CARTESIAN_POINT('',(1.1,0.87,0.));
#5485 = DIRECTION('',(1.,-3.445092848398E-16,0.));
#5486 = DIRECTION('',(-3.445092848398E-16,-1.,0.));
#5487 = ADVANCED_FACE('',(#5488),#5515,.F.);
#5488 = FACE_BOUND('',#5489,.F.);
#5489 = EDGE_LOOP('',(#5490,#5498,#5499,#5500,#5501,#5509));
#5490 = ORIENTED_EDGE('',*,*,#5491,.F.);
#5491 = EDGE_CURVE('',#5468,#5492,#5494,.T.);
#5492 = VERTEX_POINT('',#5493);
#5493 = CARTESIAN_POINT('',(1.5,0.63,0.));
#5494 = LINE('',#5495,#5496);
#5495 = CARTESIAN_POINT('',(1.1,0.63,0.));
#5496 = VECTOR('',#5497,1.);
#5497 = DIRECTION('',(1.,-3.445092848398E-16,0.));
#5498 = ORIENTED_EDGE('',*,*,#5477,.T.);
#5499 = ORIENTED_EDGE('',*,*,#4562,.F.);
#5500 = ORIENTED_EDGE('',*,*,#5397,.T.);
#5501 = ORIENTED_EDGE('',*,*,#5502,.T.);
#5502 = EDGE_CURVE('',#5398,#5503,#5505,.T.);
#5503 = VERTEX_POINT('',#5504);
#5504 = CARTESIAN_POINT('',(1.5,0.63,0.2));
#5505 = LINE('',#5506,#5507);
#5506 = CARTESIAN_POINT('',(1.1,0.63,0.2));
#5507 = VECTOR('',#5508,1.);
#5508 = DIRECTION('',(1.,-3.445092848398E-16,0.));
#5509 = ORIENTED_EDGE('',*,*,#5510,.F.);
#5510 = EDGE_CURVE('',#5492,#5503,#5511,.T.);
#5511 = LINE('',#5512,#5513);
#5512 = CARTESIAN_POINT('',(1.5,0.63,0.));
#5513 = VECTOR('',#5514,1.);
#5514 = DIRECTION('',(0.,0.,1.));
#5515 = PLANE('',#5516);
#5516 = AXIS2_PLACEMENT_3D('',#5517,#5518,#5519);
#5517 = CARTESIAN_POINT('',(1.1,0.63,0.));
#5518 = DIRECTION('',(3.445092848398E-16,1.,0.));
#5519 = DIRECTION('',(1.,-3.445092848398E-16,0.));
#5520 = ADVANCED_FACE('',(#5521),#5555,.F.);
#5521 = FACE_BOUND('',#5522,.F.);
#5522 = EDGE_LOOP('',(#5523,#5533,#5541,#5547,#5548,#5549));
#5523 = ORIENTED_EDGE('',*,*,#5524,.F.);
#5524 = EDGE_CURVE('',#5525,#5527,#5529,.T.);
#5525 = VERTEX_POINT('',#5526);
#5526 = CARTESIAN_POINT('',(1.5,0.37,0.));
#5527 = VERTEX_POINT('',#5528);
#5528 = CARTESIAN_POINT('',(1.1,0.37,0.));
#5529 = LINE('',#5530,#5531);
#5530 = CARTESIAN_POINT('',(1.5,0.37,0.));
#5531 = VECTOR('',#5532,1.);
#5532 = DIRECTION('',(-1.,3.445092848398E-16,0.));
#5533 = ORIENTED_EDGE('',*,*,#5534,.T.);
#5534 = EDGE_CURVE('',#5525,#5535,#5537,.T.);
#5535 = VERTEX_POINT('',#5536);
#5536 = CARTESIAN_POINT('',(1.5,0.37,0.2));
#5537 = LINE('',#5538,#5539);
#5538 = CARTESIAN_POINT('',(1.5,0.37,0.));
#5539 = VECTOR('',#5540,1.);
#5540 = DIRECTION('',(0.,0.,1.));
#5541 = ORIENTED_EDGE('',*,*,#5542,.T.);
#5542 = EDGE_CURVE('',#5535,#5383,#5543,.T.);
#5543 = LINE('',#5544,#5545);
#5544 = CARTESIAN_POINT('',(1.5,0.37,0.2));
#5545 = VECTOR('',#5546,1.);
#5546 = DIRECTION('',(-1.,3.445092848398E-16,0.));
#5547 = ORIENTED_EDGE('',*,*,#5390,.T.);
#5548 = ORIENTED_EDGE('',*,*,#4546,.F.);
#5549 = ORIENTED_EDGE('',*,*,#5550,.F.);
#5550 = EDGE_CURVE('',#5527,#4539,#5551,.T.);
#5551 = LINE('',#5552,#5553);
#5552 = CARTESIAN_POINT('',(1.1,0.37,0.));
#5553 = VECTOR('',#5554,1.);
#5554 = DIRECTION('',(0.,0.,1.));
#5555 = PLANE('',#5556);
#5556 = AXIS2_PLACEMENT_3D('',#5557,#5558,#5559);
#5557 = CARTESIAN_POINT('',(1.5,0.37,0.));
#5558 = DIRECTION('',(-3.445092848398E-16,-1.,0.));
#5559 = DIRECTION('',(-1.,3.445092848398E-16,0.));
#5560 = ADVANCED_FACE('',(#5561),#5579,.F.);
#5561 = FACE_BOUND('',#5562,.F.);
#5562 = EDGE_LOOP('',(#5563,#5571,#5572,#5573));
#5563 = ORIENTED_EDGE('',*,*,#5564,.F.);
#5564 = EDGE_CURVE('',#5527,#5565,#5567,.T.);
#5565 = VERTEX_POINT('',#5566);
#5566 = CARTESIAN_POINT('',(1.1,0.13,0.));
#5567 = LINE('',#5568,#5569);
#5568 = CARTESIAN_POINT('',(1.1,0.37,0.));
#5569 = VECTOR('',#5570,1.);
#5570 = DIRECTION('',(-3.445092848398E-16,-1.,0.));
#5571 = ORIENTED_EDGE('',*,*,#5550,.T.);
#5572 = ORIENTED_EDGE('',*,*,#4538,.F.);
#5573 = ORIENTED_EDGE('',*,*,#5574,.F.);
#5574 = EDGE_CURVE('',#5565,#4531,#5575,.T.);
#5575 = LINE('',#5576,#5577);
#5576 = CARTESIAN_POINT('',(1.1,0.13,0.));
#5577 = VECTOR('',#5578,1.);
#5578 = DIRECTION('',(0.,0.,1.));
#5579 = PLANE('',#5580);
#5580 = AXIS2_PLACEMENT_3D('',#5581,#5582,#5583);
#5581 = CARTESIAN_POINT('',(1.1,0.37,0.));
#5582 = DIRECTION('',(1.,-3.445092848398E-16,0.));
#5583 = DIRECTION('',(-3.445092848398E-16,-1.,0.));
#5584 = ADVANCED_FACE('',(#5585),#5612,.F.);
#5585 = FACE_BOUND('',#5586,.F.);
#5586 = EDGE_LOOP('',(#5587,#5595,#5596,#5597,#5598,#5606));
#5587 = ORIENTED_EDGE('',*,*,#5588,.F.);
#5588 = EDGE_CURVE('',#5565,#5589,#5591,.T.);
#5589 = VERTEX_POINT('',#5590);
#5590 = CARTESIAN_POINT('',(1.5,0.13,0.));
#5591 = LINE('',#5592,#5593);
#5592 = CARTESIAN_POINT('',(1.1,0.13,0.));
#5593 = VECTOR('',#5594,1.);
#5594 = DIRECTION('',(1.,-3.445092848398E-16,0.));
#5595 = ORIENTED_EDGE('',*,*,#5574,.T.);
#5596 = ORIENTED_EDGE('',*,*,#4530,.F.);
#5597 = ORIENTED_EDGE('',*,*,#5374,.T.);
#5598 = ORIENTED_EDGE('',*,*,#5599,.T.);
#5599 = EDGE_CURVE('',#5375,#5600,#5602,.T.);
#5600 = VERTEX_POINT('',#5601);
#5601 = CARTESIAN_POINT('',(1.5,0.13,0.2));
#5602 = LINE('',#5603,#5604);
#5603 = CARTESIAN_POINT('',(1.1,0.13,0.2));
#5604 = VECTOR('',#5605,1.);
#5605 = DIRECTION('',(1.,-3.445092848398E-16,0.));
#5606 = ORIENTED_EDGE('',*,*,#5607,.F.);
#5607 = EDGE_CURVE('',#5589,#5600,#5608,.T.);
#5608 = LINE('',#5609,#5610);
#5609 = CARTESIAN_POINT('',(1.5,0.13,0.));
#5610 = VECTOR('',#5611,1.);
#5611 = DIRECTION('',(0.,0.,1.));
#5612 = PLANE('',#5613);
#5613 = AXIS2_PLACEMENT_3D('',#5614,#5615,#5616);
#5614 = CARTESIAN_POINT('',(1.1,0.13,0.));
#5615 = DIRECTION('',(3.445092848398E-16,1.,0.));
#5616 = DIRECTION('',(1.,-3.445092848398E-16,0.));
#5617 = ADVANCED_FACE('',(#5618),#5652,.F.);
#5618 = FACE_BOUND('',#5619,.F.);
#5619 = EDGE_LOOP('',(#5620,#5630,#5638,#5644,#5645,#5646));
#5620 = ORIENTED_EDGE('',*,*,#5621,.F.);
#5621 = EDGE_CURVE('',#5622,#5624,#5626,.T.);
#5622 = VERTEX_POINT('',#5623);
#5623 = CARTESIAN_POINT('',(1.5,-0.13,0.));
#5624 = VERTEX_POINT('',#5625);
#5625 = CARTESIAN_POINT('',(1.1,-0.13,0.));
#5626 = LINE('',#5627,#5628);
#5627 = CARTESIAN_POINT('',(1.5,-0.13,0.));
#5628 = VECTOR('',#5629,1.);
#5629 = DIRECTION('',(-1.,3.445092848398E-16,0.));
#5630 = ORIENTED_EDGE('',*,*,#5631,.T.);
#5631 = EDGE_CURVE('',#5622,#5632,#5634,.T.);
#5632 = VERTEX_POINT('',#5633);
#5633 = CARTESIAN_POINT('',(1.5,-0.13,0.2));
#5634 = LINE('',#5635,#5636);
#5635 = CARTESIAN_POINT('',(1.5,-0.13,0.));
#5636 = VECTOR('',#5637,1.);
#5637 = DIRECTION('',(0.,0.,1.));
#5638 = ORIENTED_EDGE('',*,*,#5639,.T.);
#5639 = EDGE_CURVE('',#5632,#5360,#5640,.T.);
#5640 = LINE('',#5641,#5642);
#5641 = CARTESIAN_POINT('',(1.5,-0.13,0.2));
#5642 = VECTOR('',#5643,1.);
#5643 = DIRECTION('',(-1.,3.445092848398E-16,0.));
#5644 = ORIENTED_EDGE('',*,*,#5367,.T.);
#5645 = ORIENTED_EDGE('',*,*,#4514,.F.);
#5646 = ORIENTED_EDGE('',*,*,#5647,.F.);
#5647 = EDGE_CURVE('',#5624,#4507,#5648,.T.);
#5648 = LINE('',#5649,#5650);
#5649 = CARTESIAN_POINT('',(1.1,-0.13,0.));
#5650 = VECTOR('',#5651,1.);
#5651 = DIRECTION('',(0.,0.,1.));
#5652 = PLANE('',#5653);
#5653 = AXIS2_PLACEMENT_3D('',#5654,#5655,#5656);
#5654 = CARTESIAN_POINT('',(1.5,-0.13,0.));
#5655 = DIRECTION('',(-3.445092848398E-16,-1.,0.));
#5656 = DIRECTION('',(-1.,3.445092848398E-16,0.));
#5657 = ADVANCED_FACE('',(#5658),#5676,.F.);
#5658 = FACE_BOUND('',#5659,.F.);
#5659 = EDGE_LOOP('',(#5660,#5668,#5669,#5670));
#5660 = ORIENTED_EDGE('',*,*,#5661,.F.);
#5661 = EDGE_CURVE('',#5624,#5662,#5664,.T.);
#5662 = VERTEX_POINT('',#5663);
#5663 = CARTESIAN_POINT('',(1.1,-0.37,0.));
#5664 = LINE('',#5665,#5666);
#5665 = CARTESIAN_POINT('',(1.1,-0.13,0.));
#5666 = VECTOR('',#5667,1.);
#5667 = DIRECTION('',(-3.445092848398E-16,-1.,0.));
#5668 = ORIENTED_EDGE('',*,*,#5647,.T.);
#5669 = ORIENTED_EDGE('',*,*,#4506,.F.);
#5670 = ORIENTED_EDGE('',*,*,#5671,.F.);
#5671 = EDGE_CURVE('',#5662,#4499,#5672,.T.);
#5672 = LINE('',#5673,#5674);
#5673 = CARTESIAN_POINT('',(1.1,-0.37,0.));
#5674 = VECTOR('',#5675,1.);
#5675 = DIRECTION('',(0.,0.,1.));
#5676 = PLANE('',#5677);
#5677 = AXIS2_PLACEMENT_3D('',#5678,#5679,#5680);
#5678 = CARTESIAN_POINT('',(1.1,-0.13,0.));
#5679 = DIRECTION('',(1.,-3.445092848398E-16,0.));
#5680 = DIRECTION('',(-3.445092848398E-16,-1.,0.));
#5681 = ADVANCED_FACE('',(#5682),#5709,.F.);
#5682 = FACE_BOUND('',#5683,.F.);
#5683 = EDGE_LOOP('',(#5684,#5692,#5693,#5694,#5695,#5703));
#5684 = ORIENTED_EDGE('',*,*,#5685,.F.);
#5685 = EDGE_CURVE('',#5662,#5686,#5688,.T.);
#5686 = VERTEX_POINT('',#5687);
#5687 = CARTESIAN_POINT('',(1.5,-0.37,0.));
#5688 = LINE('',#5689,#5690);
#5689 = CARTESIAN_POINT('',(1.1,-0.37,0.));
#5690 = VECTOR('',#5691,1.);
#5691 = DIRECTION('',(1.,-3.445092848398E-16,0.));
#5692 = ORIENTED_EDGE('',*,*,#5671,.T.);
#5693 = ORIENTED_EDGE('',*,*,#4498,.F.);
#5694 = ORIENTED_EDGE('',*,*,#5351,.T.);
#5695 = ORIENTED_EDGE('',*,*,#5696,.T.);
#5696 = EDGE_CURVE('',#5352,#5697,#5699,.T.);
#5697 = VERTEX_POINT('',#5698);
#5698 = CARTESIAN_POINT('',(1.5,-0.37,0.2));
#5699 = LINE('',#5700,#5701);
#5700 = CARTESIAN_POINT('',(1.1,-0.37,0.2));
#5701 = VECTOR('',#5702,1.);
#5702 = DIRECTION('',(1.,-3.445092848398E-16,0.));
#5703 = ORIENTED_EDGE('',*,*,#5704,.F.);
#5704 = EDGE_CURVE('',#5686,#5697,#5705,.T.);
#5705 = LINE('',#5706,#5707);
#5706 = CARTESIAN_POINT('',(1.5,-0.37,0.));
#5707 = VECTOR('',#5708,1.);
#5708 = DIRECTION('',(0.,0.,1.));
#5709 = PLANE('',#5710);
#5710 = AXIS2_PLACEMENT_3D('',#5711,#5712,#5713);
#5711 = CARTESIAN_POINT('',(1.1,-0.37,0.));
#5712 = DIRECTION('',(3.445092848398E-16,1.,0.));
#5713 = DIRECTION('',(1.,-3.445092848398E-16,0.));
#5714 = ADVANCED_FACE('',(#5715),#5749,.F.);
#5715 = FACE_BOUND('',#5716,.F.);
#5716 = EDGE_LOOP('',(#5717,#5727,#5735,#5741,#5742,#5743));
#5717 = ORIENTED_EDGE('',*,*,#5718,.F.);
#5718 = EDGE_CURVE('',#5719,#5721,#5723,.T.);
#5719 = VERTEX_POINT('',#5720);
#5720 = CARTESIAN_POINT('',(1.5,-0.63,0.));
#5721 = VERTEX_POINT('',#5722);
#5722 = CARTESIAN_POINT('',(1.1,-0.63,0.));
#5723 = LINE('',#5724,#5725);
#5724 = CARTESIAN_POINT('',(1.5,-0.63,0.));
#5725 = VECTOR('',#5726,1.);
#5726 = DIRECTION('',(-1.,3.445092848398E-16,0.));
#5727 = ORIENTED_EDGE('',*,*,#5728,.T.);
#5728 = EDGE_CURVE('',#5719,#5729,#5731,.T.);
#5729 = VERTEX_POINT('',#5730);
#5730 = CARTESIAN_POINT('',(1.5,-0.63,0.2));
#5731 = LINE('',#5732,#5733);
#5732 = CARTESIAN_POINT('',(1.5,-0.63,0.));
#5733 = VECTOR('',#5734,1.);
#5734 = DIRECTION('',(0.,0.,1.));
#5735 = ORIENTED_EDGE('',*,*,#5736,.T.);
#5736 = EDGE_CURVE('',#5729,#5337,#5737,.T.);
#5737 = LINE('',#5738,#5739);
#5738 = CARTESIAN_POINT('',(1.5,-0.63,0.2));
#5739 = VECTOR('',#5740,1.);
#5740 = DIRECTION('',(-1.,3.445092848398E-16,0.));
#5741 = ORIENTED_EDGE('',*,*,#5344,.T.);
#5742 = ORIENTED_EDGE('',*,*,#4482,.F.);
#5743 = ORIENTED_EDGE('',*,*,#5744,.F.);
#5744 = EDGE_CURVE('',#5721,#4475,#5745,.T.);
#5745 = LINE('',#5746,#5747);
#5746 = CARTESIAN_POINT('',(1.1,-0.63,0.));
#5747 = VECTOR('',#5748,1.);
#5748 = DIRECTION('',(0.,0.,1.));
#5749 = PLANE('',#5750);
#5750 = AXIS2_PLACEMENT_3D('',#5751,#5752,#5753);
#5751 = CARTESIAN_POINT('',(1.5,-0.63,0.));
#5752 = DIRECTION('',(-3.445092848398E-16,-1.,0.));
#5753 = DIRECTION('',(-1.,3.445092848398E-16,0.));
#5754 = ADVANCED_FACE('',(#5755),#5773,.F.);
#5755 = FACE_BOUND('',#5756,.F.);
#5756 = EDGE_LOOP('',(#5757,#5765,#5766,#5767));
#5757 = ORIENTED_EDGE('',*,*,#5758,.F.);
#5758 = EDGE_CURVE('',#5721,#5759,#5761,.T.);
#5759 = VERTEX_POINT('',#5760);
#5760 = CARTESIAN_POINT('',(1.1,-0.87,0.));
#5761 = LINE('',#5762,#5763);
#5762 = CARTESIAN_POINT('',(1.1,-0.63,0.));
#5763 = VECTOR('',#5764,1.);
#5764 = DIRECTION('',(-3.445092848398E-16,-1.,0.));
#5765 = ORIENTED_EDGE('',*,*,#5744,.T.);
#5766 = ORIENTED_EDGE('',*,*,#4474,.F.);
#5767 = ORIENTED_EDGE('',*,*,#5768,.F.);
#5768 = EDGE_CURVE('',#5759,#4467,#5769,.T.);
#5769 = LINE('',#5770,#5771);
#5770 = CARTESIAN_POINT('',(1.1,-0.87,0.));
#5771 = VECTOR('',#5772,1.);
#5772 = DIRECTION('',(0.,0.,1.));
#5773 = PLANE('',#5774);
#5774 = AXIS2_PLACEMENT_3D('',#5775,#5776,#5777);
#5775 = CARTESIAN_POINT('',(1.1,-0.63,0.));
#5776 = DIRECTION('',(1.,-3.445092848398E-16,0.));
#5777 = DIRECTION('',(-3.445092848398E-16,-1.,0.));
#5778 = ADVANCED_FACE('',(#5779),#5806,.F.);
#5779 = FACE_BOUND('',#5780,.F.);
#5780 = EDGE_LOOP('',(#5781,#5789,#5790,#5791,#5792,#5800));
#5781 = ORIENTED_EDGE('',*,*,#5782,.F.);
#5782 = EDGE_CURVE('',#5759,#5783,#5785,.T.);
#5783 = VERTEX_POINT('',#5784);
#5784 = CARTESIAN_POINT('',(1.5,-0.87,0.));
#5785 = LINE('',#5786,#5787);
#5786 = CARTESIAN_POINT('',(1.1,-0.87,0.));
#5787 = VECTOR('',#5788,1.);
#5788 = DIRECTION('',(1.,-3.445092848398E-16,0.));
#5789 = ORIENTED_EDGE('',*,*,#5768,.T.);
#5790 = ORIENTED_EDGE('',*,*,#4466,.F.);
#5791 = ORIENTED_EDGE('',*,*,#5328,.T.);
#5792 = ORIENTED_EDGE('',*,*,#5793,.T.);
#5793 = EDGE_CURVE('',#5329,#5794,#5796,.T.);
#5794 = VERTEX_POINT('',#5795);
#5795 = CARTESIAN_POINT('',(1.5,-0.87,0.2));
#5796 = LINE('',#5797,#5798);
#5797 = CARTESIAN_POINT('',(1.1,-0.87,0.2));
#5798 = VECTOR('',#5799,1.);
#5799 = DIRECTION('',(1.,-3.445092848398E-16,0.));
#5800 = ORIENTED_EDGE('',*,*,#5801,.F.);
#5801 = EDGE_CURVE('',#5783,#5794,#5802,.T.);
#5802 = LINE('',#5803,#5804);
#5803 = CARTESIAN_POINT('',(1.5,-0.87,0.));
#5804 = VECTOR('',#5805,1.);
#5805 = DIRECTION('',(0.,0.,1.));
#5806 = PLANE('',#5807);
#5807 = AXIS2_PLACEMENT_3D('',#5808,#5809,#5810);
#5808 = CARTESIAN_POINT('',(1.1,-0.87,0.));
#5809 = DIRECTION('',(3.445092848398E-16,1.,0.));
#5810 = DIRECTION('',(1.,-3.445092848398E-16,0.));
#5811 = ADVANCED_FACE('',(#5812),#5922,.T.);
#5812 = FACE_BOUND('',#5813,.T.);
#5813 = EDGE_LOOP('',(#5814,#5822,#5828,#5829,#5837,#5845,#5851,#5852,
    #5860,#5868,#5874,#5875,#5883,#5891,#5897,#5898,#5906,#5914,#5920,
    #5921));
#5814 = ORIENTED_EDGE('',*,*,#5815,.F.);
#5815 = EDGE_CURVE('',#5816,#5314,#5818,.T.);
#5816 = VERTEX_POINT('',#5817);
#5817 = CARTESIAN_POINT('',(-1.475,-1.475,0.8));
#5818 = LINE('',#5819,#5820);
#5819 = CARTESIAN_POINT('',(-1.475,-1.475,0.8));
#5820 = VECTOR('',#5821,1.);
#5821 = DIRECTION('',(1.,-2.22044604925E-16,0.));
#5822 = ORIENTED_EDGE('',*,*,#5823,.F.);
#5823 = EDGE_CURVE('',#4315,#5816,#5824,.T.);
#5824 = LINE('',#5825,#5826);
#5825 = CARTESIAN_POINT('',(-1.475,-1.475,5.E-02));
#5826 = VECTOR('',#5827,1.);
#5827 = DIRECTION('',(0.,0.,1.));
#5828 = ORIENTED_EDGE('',*,*,#4322,.T.);
#5829 = ORIENTED_EDGE('',*,*,#5830,.T.);
#5830 = EDGE_CURVE('',#4323,#5831,#5833,.T.);
#5831 = VERTEX_POINT('',#5832);
#5832 = CARTESIAN_POINT('',(-0.87,-1.475,0.2));
#5833 = LINE('',#5834,#5835);
#5834 = CARTESIAN_POINT('',(-0.87,-1.475,2.5E-02));
#5835 = VECTOR('',#5836,1.);
#5836 = DIRECTION('',(0.,0.,1.));
#5837 = ORIENTED_EDGE('',*,*,#5838,.F.);
#5838 = EDGE_CURVE('',#5839,#5831,#5841,.T.);
#5839 = VERTEX_POINT('',#5840);
#5840 = CARTESIAN_POINT('',(-0.63,-1.475,0.2));
#5841 = LINE('',#5842,#5843);
#5842 = CARTESIAN_POINT('',(-1.1125,-1.475,0.2));
#5843 = VECTOR('',#5844,1.);
#5844 = DIRECTION('',(-1.,2.22044604925E-16,0.));
#5845 = ORIENTED_EDGE('',*,*,#5846,.T.);
#5846 = EDGE_CURVE('',#5839,#4347,#5847,.T.);
#5847 = LINE('',#5848,#5849);
#5848 = CARTESIAN_POINT('',(-0.63,-1.475,2.5E-02));
#5849 = VECTOR('',#5850,1.);
#5850 = DIRECTION('',(-0.,0.,-1.));
#5851 = ORIENTED_EDGE('',*,*,#4354,.T.);
#5852 = ORIENTED_EDGE('',*,*,#5853,.T.);
#5853 = EDGE_CURVE('',#4355,#5854,#5856,.T.);
#5854 = VERTEX_POINT('',#5855);
#5855 = CARTESIAN_POINT('',(-0.37,-1.475,0.2));
#5856 = LINE('',#5857,#5858);
#5857 = CARTESIAN_POINT('',(-0.37,-1.475,2.5E-02));
#5858 = VECTOR('',#5859,1.);
#5859 = DIRECTION('',(0.,0.,1.));
#5860 = ORIENTED_EDGE('',*,*,#5861,.F.);
#5861 = EDGE_CURVE('',#5862,#5854,#5864,.T.);
#5862 = VERTEX_POINT('',#5863);
#5863 = CARTESIAN_POINT('',(-0.13,-1.475,0.2));
#5864 = LINE('',#5865,#5866);
#5865 = CARTESIAN_POINT('',(-0.8625,-1.475,0.2));
#5866 = VECTOR('',#5867,1.);
#5867 = DIRECTION('',(-1.,2.22044604925E-16,0.));
#5868 = ORIENTED_EDGE('',*,*,#5869,.T.);
#5869 = EDGE_CURVE('',#5862,#4379,#5870,.T.);
#5870 = LINE('',#5871,#5872);
#5871 = CARTESIAN_POINT('',(-0.13,-1.475,2.5E-02));
#5872 = VECTOR('',#5873,1.);
#5873 = DIRECTION('',(-0.,0.,-1.));
#5874 = ORIENTED_EDGE('',*,*,#4386,.T.);
#5875 = ORIENTED_EDGE('',*,*,#5876,.T.);
#5876 = EDGE_CURVE('',#4387,#5877,#5879,.T.);
#5877 = VERTEX_POINT('',#5878);
#5878 = CARTESIAN_POINT('',(0.13,-1.475,0.2));
#5879 = LINE('',#5880,#5881);
#5880 = CARTESIAN_POINT('',(0.13,-1.475,2.5E-02));
#5881 = VECTOR('',#5882,1.);
#5882 = DIRECTION('',(0.,0.,1.));
#5883 = ORIENTED_EDGE('',*,*,#5884,.F.);
#5884 = EDGE_CURVE('',#5885,#5877,#5887,.T.);
#5885 = VERTEX_POINT('',#5886);
#5886 = CARTESIAN_POINT('',(0.37,-1.475,0.2));
#5887 = LINE('',#5888,#5889);
#5888 = CARTESIAN_POINT('',(-0.6125,-1.475,0.2));
#5889 = VECTOR('',#5890,1.);
#5890 = DIRECTION('',(-1.,2.22044604925E-16,0.));
#5891 = ORIENTED_EDGE('',*,*,#5892,.T.);
#5892 = EDGE_CURVE('',#5885,#4411,#5893,.T.);
#5893 = LINE('',#5894,#5895);
#5894 = CARTESIAN_POINT('',(0.37,-1.475,2.5E-02));
#5895 = VECTOR('',#5896,1.);
#5896 = DIRECTION('',(-0.,0.,-1.));
#5897 = ORIENTED_EDGE('',*,*,#4418,.T.);
#5898 = ORIENTED_EDGE('',*,*,#5899,.T.);
#5899 = EDGE_CURVE('',#4419,#5900,#5902,.T.);
#5900 = VERTEX_POINT('',#5901);
#5901 = CARTESIAN_POINT('',(0.63,-1.475,0.2));
#5902 = LINE('',#5903,#5904);
#5903 = CARTESIAN_POINT('',(0.63,-1.475,2.5E-02));
#5904 = VECTOR('',#5905,1.);
#5905 = DIRECTION('',(0.,0.,1.));
#5906 = ORIENTED_EDGE('',*,*,#5907,.F.);
#5907 = EDGE_CURVE('',#5908,#5900,#5910,.T.);
#5908 = VERTEX_POINT('',#5909);
#5909 = CARTESIAN_POINT('',(0.87,-1.475,0.2));
#5910 = LINE('',#5911,#5912);
#5911 = CARTESIAN_POINT('',(-0.3625,-1.475,0.2));
#5912 = VECTOR('',#5913,1.);
#5913 = DIRECTION('',(-1.,2.22044604925E-16,0.));
#5914 = ORIENTED_EDGE('',*,*,#5915,.T.);
#5915 = EDGE_CURVE('',#5908,#4443,#5916,.T.);
#5916 = LINE('',#5917,#5918);
#5917 = CARTESIAN_POINT('',(0.87,-1.475,2.5E-02));
#5918 = VECTOR('',#5919,1.);
#5919 = DIRECTION('',(-0.,0.,-1.));
#5920 = ORIENTED_EDGE('',*,*,#4450,.T.);
#5921 = ORIENTED_EDGE('',*,*,#5321,.T.);
#5922 = PLANE('',#5923);
#5923 = AXIS2_PLACEMENT_3D('',#5924,#5925,#5926);
#5924 = CARTESIAN_POINT('',(-1.475,-1.475,5.E-02));
#5925 = DIRECTION('',(-2.22044604925E-16,-1.,0.));
#5926 = DIRECTION('',(0.,0.,1.));
#5927 = ADVANCED_FACE('',(#5928),#5962,.F.);
#5928 = FACE_BOUND('',#5929,.F.);
#5929 = EDGE_LOOP('',(#5930,#5940,#5948,#5954,#5955,#5956));
#5930 = ORIENTED_EDGE('',*,*,#5931,.F.);
#5931 = EDGE_CURVE('',#5932,#5934,#5936,.T.);
#5932 = VERTEX_POINT('',#5933);
#5933 = CARTESIAN_POINT('',(0.87,-1.5,0.));
#5934 = VERTEX_POINT('',#5935);
#5935 = CARTESIAN_POINT('',(0.87,-1.1,0.));
#5936 = LINE('',#5937,#5938);
#5937 = CARTESIAN_POINT('',(0.87,-1.5,0.));
#5938 = VECTOR('',#5939,1.);
#5939 = DIRECTION('',(5.665538897648E-16,1.,0.));
#5940 = ORIENTED_EDGE('',*,*,#5941,.T.);
#5941 = EDGE_CURVE('',#5932,#5942,#5944,.T.);
#5942 = VERTEX_POINT('',#5943);
#5943 = CARTESIAN_POINT('',(0.87,-1.5,0.2));
#5944 = LINE('',#5945,#5946);
#5945 = CARTESIAN_POINT('',(0.87,-1.5,0.));
#5946 = VECTOR('',#5947,1.);
#5947 = DIRECTION('',(0.,0.,1.));
#5948 = ORIENTED_EDGE('',*,*,#5949,.T.);
#5949 = EDGE_CURVE('',#5942,#5908,#5950,.T.);
#5950 = LINE('',#5951,#5952);
#5951 = CARTESIAN_POINT('',(0.87,-1.5,0.2));
#5952 = VECTOR('',#5953,1.);
#5953 = DIRECTION('',(5.665538897648E-16,1.,0.));
#5954 = ORIENTED_EDGE('',*,*,#5915,.T.);
#5955 = ORIENTED_EDGE('',*,*,#4442,.F.);
#5956 = ORIENTED_EDGE('',*,*,#5957,.F.);
#5957 = EDGE_CURVE('',#5934,#4435,#5958,.T.);
#5958 = LINE('',#5959,#5960);
#5959 = CARTESIAN_POINT('',(0.87,-1.1,0.));
#5960 = VECTOR('',#5961,1.);
#5961 = DIRECTION('',(0.,0.,1.));
#5962 = PLANE('',#5963);
#5963 = AXIS2_PLACEMENT_3D('',#5964,#5965,#5966);
#5964 = CARTESIAN_POINT('',(0.87,-1.5,0.));
#5965 = DIRECTION('',(-1.,5.665538897648E-16,0.));
#5966 = DIRECTION('',(5.665538897648E-16,1.,0.));
#5967 = ADVANCED_FACE('',(#5968),#5986,.F.);
#5968 = FACE_BOUND('',#5969,.F.);
#5969 = EDGE_LOOP('',(#5970,#5978,#5979,#5980));
#5970 = ORIENTED_EDGE('',*,*,#5971,.F.);
#5971 = EDGE_CURVE('',#5934,#5972,#5974,.T.);
#5972 = VERTEX_POINT('',#5973);
#5973 = CARTESIAN_POINT('',(0.63,-1.1,0.));
#5974 = LINE('',#5975,#5976);
#5975 = CARTESIAN_POINT('',(0.87,-1.1,0.));
#5976 = VECTOR('',#5977,1.);
#5977 = DIRECTION('',(-1.,5.665538897648E-16,0.));
#5978 = ORIENTED_EDGE('',*,*,#5957,.T.);
#5979 = ORIENTED_EDGE('',*,*,#4434,.F.);
#5980 = ORIENTED_EDGE('',*,*,#5981,.F.);
#5981 = EDGE_CURVE('',#5972,#4427,#5982,.T.);
#5982 = LINE('',#5983,#5984);
#5983 = CARTESIAN_POINT('',(0.63,-1.1,0.));
#5984 = VECTOR('',#5985,1.);
#5985 = DIRECTION('',(0.,0.,1.));
#5986 = PLANE('',#5987);
#5987 = AXIS2_PLACEMENT_3D('',#5988,#5989,#5990);
#5988 = CARTESIAN_POINT('',(0.87,-1.1,0.));
#5989 = DIRECTION('',(-5.665538897648E-16,-1.,0.));
#5990 = DIRECTION('',(-1.,5.665538897648E-16,0.));
#5991 = ADVANCED_FACE('',(#5992),#6019,.F.);
#5992 = FACE_BOUND('',#5993,.F.);
#5993 = EDGE_LOOP('',(#5994,#6002,#6003,#6004,#6005,#6013));
#5994 = ORIENTED_EDGE('',*,*,#5995,.F.);
#5995 = EDGE_CURVE('',#5972,#5996,#5998,.T.);
#5996 = VERTEX_POINT('',#5997);
#5997 = CARTESIAN_POINT('',(0.63,-1.5,0.));
#5998 = LINE('',#5999,#6000);
#5999 = CARTESIAN_POINT('',(0.63,-1.1,0.));
#6000 = VECTOR('',#6001,1.);
#6001 = DIRECTION('',(-5.665538897648E-16,-1.,0.));
#6002 = ORIENTED_EDGE('',*,*,#5981,.T.);
#6003 = ORIENTED_EDGE('',*,*,#4426,.F.);
#6004 = ORIENTED_EDGE('',*,*,#5899,.T.);
#6005 = ORIENTED_EDGE('',*,*,#6006,.T.);
#6006 = EDGE_CURVE('',#5900,#6007,#6009,.T.);
#6007 = VERTEX_POINT('',#6008);
#6008 = CARTESIAN_POINT('',(0.63,-1.5,0.2));
#6009 = LINE('',#6010,#6011);
#6010 = CARTESIAN_POINT('',(0.63,-1.1,0.2));
#6011 = VECTOR('',#6012,1.);
#6012 = DIRECTION('',(-5.665538897648E-16,-1.,0.));
#6013 = ORIENTED_EDGE('',*,*,#6014,.F.);
#6014 = EDGE_CURVE('',#5996,#6007,#6015,.T.);
#6015 = LINE('',#6016,#6017);
#6016 = CARTESIAN_POINT('',(0.63,-1.5,0.));
#6017 = VECTOR('',#6018,1.);
#6018 = DIRECTION('',(0.,0.,1.));
#6019 = PLANE('',#6020);
#6020 = AXIS2_PLACEMENT_3D('',#6021,#6022,#6023);
#6021 = CARTESIAN_POINT('',(0.63,-1.1,0.));
#6022 = DIRECTION('',(1.,-5.665538897648E-16,0.));
#6023 = DIRECTION('',(-5.665538897648E-16,-1.,0.));
#6024 = ADVANCED_FACE('',(#6025),#6059,.F.);
#6025 = FACE_BOUND('',#6026,.F.);
#6026 = EDGE_LOOP('',(#6027,#6037,#6045,#6051,#6052,#6053));
#6027 = ORIENTED_EDGE('',*,*,#6028,.F.);
#6028 = EDGE_CURVE('',#6029,#6031,#6033,.T.);
#6029 = VERTEX_POINT('',#6030);
#6030 = CARTESIAN_POINT('',(0.37,-1.5,0.));
#6031 = VERTEX_POINT('',#6032);
#6032 = CARTESIAN_POINT('',(0.37,-1.1,0.));
#6033 = LINE('',#6034,#6035);
#6034 = CARTESIAN_POINT('',(0.37,-1.5,0.));
#6035 = VECTOR('',#6036,1.);
#6036 = DIRECTION('',(5.665538897648E-16,1.,0.));
#6037 = ORIENTED_EDGE('',*,*,#6038,.T.);
#6038 = EDGE_CURVE('',#6029,#6039,#6041,.T.);
#6039 = VERTEX_POINT('',#6040);
#6040 = CARTESIAN_POINT('',(0.37,-1.5,0.2));
#6041 = LINE('',#6042,#6043);
#6042 = CARTESIAN_POINT('',(0.37,-1.5,0.));
#6043 = VECTOR('',#6044,1.);
#6044 = DIRECTION('',(0.,0.,1.));
#6045 = ORIENTED_EDGE('',*,*,#6046,.T.);
#6046 = EDGE_CURVE('',#6039,#5885,#6047,.T.);
#6047 = LINE('',#6048,#6049);
#6048 = CARTESIAN_POINT('',(0.37,-1.5,0.2));
#6049 = VECTOR('',#6050,1.);
#6050 = DIRECTION('',(5.665538897648E-16,1.,0.));
#6051 = ORIENTED_EDGE('',*,*,#5892,.T.);
#6052 = ORIENTED_EDGE('',*,*,#4410,.F.);
#6053 = ORIENTED_EDGE('',*,*,#6054,.F.);
#6054 = EDGE_CURVE('',#6031,#4403,#6055,.T.);
#6055 = LINE('',#6056,#6057);
#6056 = CARTESIAN_POINT('',(0.37,-1.1,0.));
#6057 = VECTOR('',#6058,1.);
#6058 = DIRECTION('',(0.,0.,1.));
#6059 = PLANE('',#6060);
#6060 = AXIS2_PLACEMENT_3D('',#6061,#6062,#6063);
#6061 = CARTESIAN_POINT('',(0.37,-1.5,0.));
#6062 = DIRECTION('',(-1.,5.665538897648E-16,0.));
#6063 = DIRECTION('',(5.665538897648E-16,1.,0.));
#6064 = ADVANCED_FACE('',(#6065),#6083,.F.);
#6065 = FACE_BOUND('',#6066,.F.);
#6066 = EDGE_LOOP('',(#6067,#6075,#6076,#6077));
#6067 = ORIENTED_EDGE('',*,*,#6068,.F.);
#6068 = EDGE_CURVE('',#6031,#6069,#6071,.T.);
#6069 = VERTEX_POINT('',#6070);
#6070 = CARTESIAN_POINT('',(0.13,-1.1,0.));
#6071 = LINE('',#6072,#6073);
#6072 = CARTESIAN_POINT('',(0.37,-1.1,0.));
#6073 = VECTOR('',#6074,1.);
#6074 = DIRECTION('',(-1.,5.665538897648E-16,0.));
#6075 = ORIENTED_EDGE('',*,*,#6054,.T.);
#6076 = ORIENTED_EDGE('',*,*,#4402,.F.);
#6077 = ORIENTED_EDGE('',*,*,#6078,.F.);
#6078 = EDGE_CURVE('',#6069,#4395,#6079,.T.);
#6079 = LINE('',#6080,#6081);
#6080 = CARTESIAN_POINT('',(0.13,-1.1,0.));
#6081 = VECTOR('',#6082,1.);
#6082 = DIRECTION('',(0.,0.,1.));
#6083 = PLANE('',#6084);
#6084 = AXIS2_PLACEMENT_3D('',#6085,#6086,#6087);
#6085 = CARTESIAN_POINT('',(0.37,-1.1,0.));
#6086 = DIRECTION('',(-5.665538897648E-16,-1.,0.));
#6087 = DIRECTION('',(-1.,5.665538897648E-16,0.));
#6088 = ADVANCED_FACE('',(#6089),#6116,.F.);
#6089 = FACE_BOUND('',#6090,.F.);
#6090 = EDGE_LOOP('',(#6091,#6099,#6100,#6101,#6102,#6110));
#6091 = ORIENTED_EDGE('',*,*,#6092,.F.);
#6092 = EDGE_CURVE('',#6069,#6093,#6095,.T.);
#6093 = VERTEX_POINT('',#6094);
#6094 = CARTESIAN_POINT('',(0.13,-1.5,0.));
#6095 = LINE('',#6096,#6097);
#6096 = CARTESIAN_POINT('',(0.13,-1.1,0.));
#6097 = VECTOR('',#6098,1.);
#6098 = DIRECTION('',(-5.665538897648E-16,-1.,0.));
#6099 = ORIENTED_EDGE('',*,*,#6078,.T.);
#6100 = ORIENTED_EDGE('',*,*,#4394,.F.);
#6101 = ORIENTED_EDGE('',*,*,#5876,.T.);
#6102 = ORIENTED_EDGE('',*,*,#6103,.T.);
#6103 = EDGE_CURVE('',#5877,#6104,#6106,.T.);
#6104 = VERTEX_POINT('',#6105);
#6105 = CARTESIAN_POINT('',(0.13,-1.5,0.2));
#6106 = LINE('',#6107,#6108);
#6107 = CARTESIAN_POINT('',(0.13,-1.1,0.2));
#6108 = VECTOR('',#6109,1.);
#6109 = DIRECTION('',(-5.665538897648E-16,-1.,0.));
#6110 = ORIENTED_EDGE('',*,*,#6111,.F.);
#6111 = EDGE_CURVE('',#6093,#6104,#6112,.T.);
#6112 = LINE('',#6113,#6114);
#6113 = CARTESIAN_POINT('',(0.13,-1.5,0.));
#6114 = VECTOR('',#6115,1.);
#6115 = DIRECTION('',(0.,0.,1.));
#6116 = PLANE('',#6117);
#6117 = AXIS2_PLACEMENT_3D('',#6118,#6119,#6120);
#6118 = CARTESIAN_POINT('',(0.13,-1.1,0.));
#6119 = DIRECTION('',(1.,-5.665538897648E-16,0.));
#6120 = DIRECTION('',(-5.665538897648E-16,-1.,0.));
#6121 = ADVANCED_FACE('',(#6122),#6156,.F.);
#6122 = FACE_BOUND('',#6123,.F.);
#6123 = EDGE_LOOP('',(#6124,#6134,#6142,#6148,#6149,#6150));
#6124 = ORIENTED_EDGE('',*,*,#6125,.F.);
#6125 = EDGE_CURVE('',#6126,#6128,#6130,.T.);
#6126 = VERTEX_POINT('',#6127);
#6127 = CARTESIAN_POINT('',(-0.13,-1.5,0.));
#6128 = VERTEX_POINT('',#6129);
#6129 = CARTESIAN_POINT('',(-0.13,-1.1,0.));
#6130 = LINE('',#6131,#6132);
#6131 = CARTESIAN_POINT('',(-0.13,-1.5,0.));
#6132 = VECTOR('',#6133,1.);
#6133 = DIRECTION('',(5.665538897648E-16,1.,0.));
#6134 = ORIENTED_EDGE('',*,*,#6135,.T.);
#6135 = EDGE_CURVE('',#6126,#6136,#6138,.T.);
#6136 = VERTEX_POINT('',#6137);
#6137 = CARTESIAN_POINT('',(-0.13,-1.5,0.2));
#6138 = LINE('',#6139,#6140);
#6139 = CARTESIAN_POINT('',(-0.13,-1.5,0.));
#6140 = VECTOR('',#6141,1.);
#6141 = DIRECTION('',(0.,0.,1.));
#6142 = ORIENTED_EDGE('',*,*,#6143,.T.);
#6143 = EDGE_CURVE('',#6136,#5862,#6144,.T.);
#6144 = LINE('',#6145,#6146);
#6145 = CARTESIAN_POINT('',(-0.13,-1.5,0.2));
#6146 = VECTOR('',#6147,1.);
#6147 = DIRECTION('',(5.665538897648E-16,1.,0.));
#6148 = ORIENTED_EDGE('',*,*,#5869,.T.);
#6149 = ORIENTED_EDGE('',*,*,#4378,.F.);
#6150 = ORIENTED_EDGE('',*,*,#6151,.F.);
#6151 = EDGE_CURVE('',#6128,#4371,#6152,.T.);
#6152 = LINE('',#6153,#6154);
#6153 = CARTESIAN_POINT('',(-0.13,-1.1,0.));
#6154 = VECTOR('',#6155,1.);
#6155 = DIRECTION('',(0.,0.,1.));
#6156 = PLANE('',#6157);
#6157 = AXIS2_PLACEMENT_3D('',#6158,#6159,#6160);
#6158 = CARTESIAN_POINT('',(-0.13,-1.5,0.));
#6159 = DIRECTION('',(-1.,5.665538897648E-16,0.));
#6160 = DIRECTION('',(5.665538897648E-16,1.,0.));
#6161 = ADVANCED_FACE('',(#6162),#6180,.F.);
#6162 = FACE_BOUND('',#6163,.F.);
#6163 = EDGE_LOOP('',(#6164,#6172,#6173,#6174));
#6164 = ORIENTED_EDGE('',*,*,#6165,.F.);
#6165 = EDGE_CURVE('',#6128,#6166,#6168,.T.);
#6166 = VERTEX_POINT('',#6167);
#6167 = CARTESIAN_POINT('',(-0.37,-1.1,0.));
#6168 = LINE('',#6169,#6170);
#6169 = CARTESIAN_POINT('',(-0.13,-1.1,0.));
#6170 = VECTOR('',#6171,1.);
#6171 = DIRECTION('',(-1.,5.665538897648E-16,0.));
#6172 = ORIENTED_EDGE('',*,*,#6151,.T.);
#6173 = ORIENTED_EDGE('',*,*,#4370,.F.);
#6174 = ORIENTED_EDGE('',*,*,#6175,.F.);
#6175 = EDGE_CURVE('',#6166,#4363,#6176,.T.);
#6176 = LINE('',#6177,#6178);
#6177 = CARTESIAN_POINT('',(-0.37,-1.1,0.));
#6178 = VECTOR('',#6179,1.);
#6179 = DIRECTION('',(0.,0.,1.));
#6180 = PLANE('',#6181);
#6181 = AXIS2_PLACEMENT_3D('',#6182,#6183,#6184);
#6182 = CARTESIAN_POINT('',(-0.13,-1.1,0.));
#6183 = DIRECTION('',(-5.665538897648E-16,-1.,0.));
#6184 = DIRECTION('',(-1.,5.665538897648E-16,0.));
#6185 = ADVANCED_FACE('',(#6186),#6213,.F.);
#6186 = FACE_BOUND('',#6187,.F.);
#6187 = EDGE_LOOP('',(#6188,#6196,#6197,#6198,#6199,#6207));
#6188 = ORIENTED_EDGE('',*,*,#6189,.F.);
#6189 = EDGE_CURVE('',#6166,#6190,#6192,.T.);
#6190 = VERTEX_POINT('',#6191);
#6191 = CARTESIAN_POINT('',(-0.37,-1.5,0.));
#6192 = LINE('',#6193,#6194);
#6193 = CARTESIAN_POINT('',(-0.37,-1.1,0.));
#6194 = VECTOR('',#6195,1.);
#6195 = DIRECTION('',(-5.665538897648E-16,-1.,0.));
#6196 = ORIENTED_EDGE('',*,*,#6175,.T.);
#6197 = ORIENTED_EDGE('',*,*,#4362,.F.);
#6198 = ORIENTED_EDGE('',*,*,#5853,.T.);
#6199 = ORIENTED_EDGE('',*,*,#6200,.T.);
#6200 = EDGE_CURVE('',#5854,#6201,#6203,.T.);
#6201 = VERTEX_POINT('',#6202);
#6202 = CARTESIAN_POINT('',(-0.37,-1.5,0.2));
#6203 = LINE('',#6204,#6205);
#6204 = CARTESIAN_POINT('',(-0.37,-1.1,0.2));
#6205 = VECTOR('',#6206,1.);
#6206 = DIRECTION('',(-5.665538897648E-16,-1.,0.));
#6207 = ORIENTED_EDGE('',*,*,#6208,.F.);
#6208 = EDGE_CURVE('',#6190,#6201,#6209,.T.);
#6209 = LINE('',#6210,#6211);
#6210 = CARTESIAN_POINT('',(-0.37,-1.5,0.));
#6211 = VECTOR('',#6212,1.);
#6212 = DIRECTION('',(0.,0.,1.));
#6213 = PLANE('',#6214);
#6214 = AXIS2_PLACEMENT_3D('',#6215,#6216,#6217);
#6215 = CARTESIAN_POINT('',(-0.37,-1.1,0.));
#6216 = DIRECTION('',(1.,-5.665538897648E-16,0.));
#6217 = DIRECTION('',(-5.665538897648E-16,-1.,0.));
#6218 = ADVANCED_FACE('',(#6219),#6253,.F.);
#6219 = FACE_BOUND('',#6220,.F.);
#6220 = EDGE_LOOP('',(#6221,#6231,#6239,#6245,#6246,#6247));
#6221 = ORIENTED_EDGE('',*,*,#6222,.F.);
#6222 = EDGE_CURVE('',#6223,#6225,#6227,.T.);
#6223 = VERTEX_POINT('',#6224);
#6224 = CARTESIAN_POINT('',(-0.63,-1.5,0.));
#6225 = VERTEX_POINT('',#6226);
#6226 = CARTESIAN_POINT('',(-0.63,-1.1,0.));
#6227 = LINE('',#6228,#6229);
#6228 = CARTESIAN_POINT('',(-0.63,-1.5,0.));
#6229 = VECTOR('',#6230,1.);
#6230 = DIRECTION('',(5.665538897648E-16,1.,0.));
#6231 = ORIENTED_EDGE('',*,*,#6232,.T.);
#6232 = EDGE_CURVE('',#6223,#6233,#6235,.T.);
#6233 = VERTEX_POINT('',#6234);
#6234 = CARTESIAN_POINT('',(-0.63,-1.5,0.2));
#6235 = LINE('',#6236,#6237);
#6236 = CARTESIAN_POINT('',(-0.63,-1.5,0.));
#6237 = VECTOR('',#6238,1.);
#6238 = DIRECTION('',(0.,0.,1.));
#6239 = ORIENTED_EDGE('',*,*,#6240,.T.);
#6240 = EDGE_CURVE('',#6233,#5839,#6241,.T.);
#6241 = LINE('',#6242,#6243);
#6242 = CARTESIAN_POINT('',(-0.63,-1.5,0.2));
#6243 = VECTOR('',#6244,1.);
#6244 = DIRECTION('',(5.665538897648E-16,1.,0.));
#6245 = ORIENTED_EDGE('',*,*,#5846,.T.);
#6246 = ORIENTED_EDGE('',*,*,#4346,.F.);
#6247 = ORIENTED_EDGE('',*,*,#6248,.F.);
#6248 = EDGE_CURVE('',#6225,#4339,#6249,.T.);
#6249 = LINE('',#6250,#6251);
#6250 = CARTESIAN_POINT('',(-0.63,-1.1,0.));
#6251 = VECTOR('',#6252,1.);
#6252 = DIRECTION('',(0.,0.,1.));
#6253 = PLANE('',#6254);
#6254 = AXIS2_PLACEMENT_3D('',#6255,#6256,#6257);
#6255 = CARTESIAN_POINT('',(-0.63,-1.5,0.));
#6256 = DIRECTION('',(-1.,5.665538897648E-16,0.));
#6257 = DIRECTION('',(5.665538897648E-16,1.,0.));
#6258 = ADVANCED_FACE('',(#6259),#6277,.F.);
#6259 = FACE_BOUND('',#6260,.F.);
#6260 = EDGE_LOOP('',(#6261,#6269,#6270,#6271));
#6261 = ORIENTED_EDGE('',*,*,#6262,.F.);
#6262 = EDGE_CURVE('',#6225,#6263,#6265,.T.);
#6263 = VERTEX_POINT('',#6264);
#6264 = CARTESIAN_POINT('',(-0.87,-1.1,0.));
#6265 = LINE('',#6266,#6267);
#6266 = CARTESIAN_POINT('',(-0.63,-1.1,0.));
#6267 = VECTOR('',#6268,1.);
#6268 = DIRECTION('',(-1.,5.665538897648E-16,0.));
#6269 = ORIENTED_EDGE('',*,*,#6248,.T.);
#6270 = ORIENTED_EDGE('',*,*,#4338,.F.);
#6271 = ORIENTED_EDGE('',*,*,#6272,.F.);
#6272 = EDGE_CURVE('',#6263,#4331,#6273,.T.);
#6273 = LINE('',#6274,#6275);
#6274 = CARTESIAN_POINT('',(-0.87,-1.1,0.));
#6275 = VECTOR('',#6276,1.);
#6276 = DIRECTION('',(0.,0.,1.));
#6277 = PLANE('',#6278);
#6278 = AXIS2_PLACEMENT_3D('',#6279,#6280,#6281);
#6279 = CARTESIAN_POINT('',(-0.63,-1.1,0.));
#6280 = DIRECTION('',(-5.665538897648E-16,-1.,0.));
#6281 = DIRECTION('',(-1.,5.665538897648E-16,0.));
#6282 = ADVANCED_FACE('',(#6283),#6310,.F.);
#6283 = FACE_BOUND('',#6284,.F.);
#6284 = EDGE_LOOP('',(#6285,#6293,#6294,#6295,#6296,#6304));
#6285 = ORIENTED_EDGE('',*,*,#6286,.F.);
#6286 = EDGE_CURVE('',#6263,#6287,#6289,.T.);
#6287 = VERTEX_POINT('',#6288);
#6288 = CARTESIAN_POINT('',(-0.87,-1.5,0.));
#6289 = LINE('',#6290,#6291);
#6290 = CARTESIAN_POINT('',(-0.87,-1.1,0.));
#6291 = VECTOR('',#6292,1.);
#6292 = DIRECTION('',(-5.665538897648E-16,-1.,0.));
#6293 = ORIENTED_EDGE('',*,*,#6272,.T.);
#6294 = ORIENTED_EDGE('',*,*,#4330,.F.);
#6295 = ORIENTED_EDGE('',*,*,#5830,.T.);
#6296 = ORIENTED_EDGE('',*,*,#6297,.T.);
#6297 = EDGE_CURVE('',#5831,#6298,#6300,.T.);
#6298 = VERTEX_POINT('',#6299);
#6299 = CARTESIAN_POINT('',(-0.87,-1.5,0.2));
#6300 = LINE('',#6301,#6302);
#6301 = CARTESIAN_POINT('',(-0.87,-1.1,0.2));
#6302 = VECTOR('',#6303,1.);
#6303 = DIRECTION('',(-5.665538897648E-16,-1.,0.));
#6304 = ORIENTED_EDGE('',*,*,#6305,.F.);
#6305 = EDGE_CURVE('',#6287,#6298,#6306,.T.);
#6306 = LINE('',#6307,#6308);
#6307 = CARTESIAN_POINT('',(-0.87,-1.5,0.));
#6308 = VECTOR('',#6309,1.);
#6309 = DIRECTION('',(0.,0.,1.));
#6310 = PLANE('',#6311);
#6311 = AXIS2_PLACEMENT_3D('',#6312,#6313,#6314);
#6312 = CARTESIAN_POINT('',(-0.87,-1.1,0.));
#6313 = DIRECTION('',(1.,-5.665538897648E-16,0.));
#6314 = DIRECTION('',(-5.665538897648E-16,-1.,0.));
#6315 = ADVANCED_FACE('',(#6316),#6419,.F.);
#6316 = FACE_BOUND('',#6317,.F.);
#6317 = EDGE_LOOP('',(#6318,#6319,#6320,#6326,#6327,#6328,#6336,#6344,
    #6350,#6351,#6359,#6367,#6373,#6374,#6382,#6390,#6396,#6397,#6405,
    #6413));
#6318 = ORIENTED_EDGE('',*,*,#4186,.F.);
#6319 = ORIENTED_EDGE('',*,*,#4810,.T.);
#6320 = ORIENTED_EDGE('',*,*,#6321,.T.);
#6321 = EDGE_CURVE('',#4801,#5816,#6322,.T.);
#6322 = LINE('',#6323,#6324);
#6323 = CARTESIAN_POINT('',(-1.475,1.475,0.8));
#6324 = VECTOR('',#6325,1.);
#6325 = DIRECTION('',(-2.22044604925E-16,-1.,0.));
#6326 = ORIENTED_EDGE('',*,*,#5823,.F.);
#6327 = ORIENTED_EDGE('',*,*,#4314,.F.);
#6328 = ORIENTED_EDGE('',*,*,#6329,.T.);
#6329 = EDGE_CURVE('',#4307,#6330,#6332,.T.);
#6330 = VERTEX_POINT('',#6331);
#6331 = CARTESIAN_POINT('',(-1.475,-0.87,0.2));
#6332 = LINE('',#6333,#6334);
#6333 = CARTESIAN_POINT('',(-1.475,-0.87,2.5E-02));
#6334 = VECTOR('',#6335,1.);
#6335 = DIRECTION('',(0.,0.,1.));
#6336 = ORIENTED_EDGE('',*,*,#6337,.F.);
#6337 = EDGE_CURVE('',#6338,#6330,#6340,.T.);
#6338 = VERTEX_POINT('',#6339);
#6339 = CARTESIAN_POINT('',(-1.475,-0.63,0.2));
#6340 = LINE('',#6341,#6342);
#6341 = CARTESIAN_POINT('',(-1.475,0.3625,0.2));
#6342 = VECTOR('',#6343,1.);
#6343 = DIRECTION('',(-2.22044604925E-16,-1.,0.));
#6344 = ORIENTED_EDGE('',*,*,#6345,.T.);
#6345 = EDGE_CURVE('',#6338,#4283,#6346,.T.);
#6346 = LINE('',#6347,#6348);
#6347 = CARTESIAN_POINT('',(-1.475,-0.63,2.5E-02));
#6348 = VECTOR('',#6349,1.);
#6349 = DIRECTION('',(0.,-0.,-1.));
#6350 = ORIENTED_EDGE('',*,*,#4282,.F.);
#6351 = ORIENTED_EDGE('',*,*,#6352,.T.);
#6352 = EDGE_CURVE('',#4275,#6353,#6355,.T.);
#6353 = VERTEX_POINT('',#6354);
#6354 = CARTESIAN_POINT('',(-1.475,-0.37,0.2));
#6355 = LINE('',#6356,#6357);
#6356 = CARTESIAN_POINT('',(-1.475,-0.37,2.5E-02));
#6357 = VECTOR('',#6358,1.);
#6358 = DIRECTION('',(0.,0.,1.));
#6359 = ORIENTED_EDGE('',*,*,#6360,.F.);
#6360 = EDGE_CURVE('',#6361,#6353,#6363,.T.);
#6361 = VERTEX_POINT('',#6362);
#6362 = CARTESIAN_POINT('',(-1.475,-0.13,0.2));
#6363 = LINE('',#6364,#6365);
#6364 = CARTESIAN_POINT('',(-1.475,0.6125,0.2));
#6365 = VECTOR('',#6366,1.);
#6366 = DIRECTION('',(-2.22044604925E-16,-1.,0.));
#6367 = ORIENTED_EDGE('',*,*,#6368,.T.);
#6368 = EDGE_CURVE('',#6361,#4251,#6369,.T.);
#6369 = LINE('',#6370,#6371);
#6370 = CARTESIAN_POINT('',(-1.475,-0.13,2.5E-02));
#6371 = VECTOR('',#6372,1.);
#6372 = DIRECTION('',(0.,-0.,-1.));
#6373 = ORIENTED_EDGE('',*,*,#4250,.F.);
#6374 = ORIENTED_EDGE('',*,*,#6375,.T.);
#6375 = EDGE_CURVE('',#4243,#6376,#6378,.T.);
#6376 = VERTEX_POINT('',#6377);
#6377 = CARTESIAN_POINT('',(-1.475,0.13,0.2));
#6378 = LINE('',#6379,#6380);
#6379 = CARTESIAN_POINT('',(-1.475,0.13,2.5E-02));
#6380 = VECTOR('',#6381,1.);
#6381 = DIRECTION('',(0.,0.,1.));
#6382 = ORIENTED_EDGE('',*,*,#6383,.F.);
#6383 = EDGE_CURVE('',#6384,#6376,#6386,.T.);
#6384 = VERTEX_POINT('',#6385);
#6385 = CARTESIAN_POINT('',(-1.475,0.37,0.2));
#6386 = LINE('',#6387,#6388);
#6387 = CARTESIAN_POINT('',(-1.475,0.8625,0.2));
#6388 = VECTOR('',#6389,1.);
#6389 = DIRECTION('',(-2.22044604925E-16,-1.,0.));
#6390 = ORIENTED_EDGE('',*,*,#6391,.T.);
#6391 = EDGE_CURVE('',#6384,#4219,#6392,.T.);
#6392 = LINE('',#6393,#6394);
#6393 = CARTESIAN_POINT('',(-1.475,0.37,2.5E-02));
#6394 = VECTOR('',#6395,1.);
#6395 = DIRECTION('',(0.,-0.,-1.));
#6396 = ORIENTED_EDGE('',*,*,#4218,.F.);
#6397 = ORIENTED_EDGE('',*,*,#6398,.T.);
#6398 = EDGE_CURVE('',#4211,#6399,#6401,.T.);
#6399 = VERTEX_POINT('',#6400);
#6400 = CARTESIAN_POINT('',(-1.475,0.63,0.2));
#6401 = LINE('',#6402,#6403);
#6402 = CARTESIAN_POINT('',(-1.475,0.63,2.5E-02));
#6403 = VECTOR('',#6404,1.);
#6404 = DIRECTION('',(0.,0.,1.));
#6405 = ORIENTED_EDGE('',*,*,#6406,.F.);
#6406 = EDGE_CURVE('',#6407,#6399,#6409,.T.);
#6407 = VERTEX_POINT('',#6408);
#6408 = CARTESIAN_POINT('',(-1.475,0.87,0.2));
#6409 = LINE('',#6410,#6411);
#6410 = CARTESIAN_POINT('',(-1.475,1.1125,0.2));
#6411 = VECTOR('',#6412,1.);
#6412 = DIRECTION('',(-2.22044604925E-16,-1.,0.));
#6413 = ORIENTED_EDGE('',*,*,#6414,.T.);
#6414 = EDGE_CURVE('',#6407,#4187,#6415,.T.);
#6415 = LINE('',#6416,#6417);
#6416 = CARTESIAN_POINT('',(-1.475,0.87,2.5E-02));
#6417 = VECTOR('',#6418,1.);
#6418 = DIRECTION('',(0.,-0.,-1.));
#6419 = PLANE('',#6420);
#6420 = AXIS2_PLACEMENT_3D('',#6421,#6422,#6423);
#6421 = CARTESIAN_POINT('',(-1.475,1.475,5.E-02));
#6422 = DIRECTION('',(1.,-2.22044604925E-16,0.));
#6423 = DIRECTION('',(0.,0.,1.));
#6424 = ADVANCED_FACE('',(#6425),#6459,.F.);
#6425 = FACE_BOUND('',#6426,.F.);
#6426 = EDGE_LOOP('',(#6427,#6437,#6445,#6451,#6452,#6453));
#6427 = ORIENTED_EDGE('',*,*,#6428,.F.);
#6428 = EDGE_CURVE('',#6429,#6431,#6433,.T.);
#6429 = VERTEX_POINT('',#6430);
#6430 = CARTESIAN_POINT('',(-1.5,-0.87,0.));
#6431 = VERTEX_POINT('',#6432);
#6432 = CARTESIAN_POINT('',(-1.1,-0.87,0.));
#6433 = LINE('',#6434,#6435);
#6434 = CARTESIAN_POINT('',(-1.5,-0.87,0.));
#6435 = VECTOR('',#6436,1.);
#6436 = DIRECTION('',(1.,-4.669739647545E-16,0.));
#6437 = ORIENTED_EDGE('',*,*,#6438,.T.);
#6438 = EDGE_CURVE('',#6429,#6439,#6441,.T.);
#6439 = VERTEX_POINT('',#6440);
#6440 = CARTESIAN_POINT('',(-1.5,-0.87,0.2));
#6441 = LINE('',#6442,#6443);
#6442 = CARTESIAN_POINT('',(-1.5,-0.87,0.));
#6443 = VECTOR('',#6444,1.);
#6444 = DIRECTION('',(0.,0.,1.));
#6445 = ORIENTED_EDGE('',*,*,#6446,.T.);
#6446 = EDGE_CURVE('',#6439,#6330,#6447,.T.);
#6447 = LINE('',#6448,#6449);
#6448 = CARTESIAN_POINT('',(-1.5,-0.87,0.2));
#6449 = VECTOR('',#6450,1.);
#6450 = DIRECTION('',(1.,-4.669739647545E-16,0.));
#6451 = ORIENTED_EDGE('',*,*,#6329,.F.);
#6452 = ORIENTED_EDGE('',*,*,#4306,.F.);
#6453 = ORIENTED_EDGE('',*,*,#6454,.F.);
#6454 = EDGE_CURVE('',#6431,#4299,#6455,.T.);
#6455 = LINE('',#6456,#6457);
#6456 = CARTESIAN_POINT('',(-1.1,-0.87,0.));
#6457 = VECTOR('',#6458,1.);
#6458 = DIRECTION('',(0.,0.,1.));
#6459 = PLANE('',#6460);
#6460 = AXIS2_PLACEMENT_3D('',#6461,#6462,#6463);
#6461 = CARTESIAN_POINT('',(-1.5,-0.87,0.));
#6462 = DIRECTION('',(4.669739647545E-16,1.,0.));
#6463 = DIRECTION('',(1.,-4.669739647545E-16,0.));
#6464 = ADVANCED_FACE('',(#6465),#6483,.F.);
#6465 = FACE_BOUND('',#6466,.F.);
#6466 = EDGE_LOOP('',(#6467,#6475,#6476,#6477));
#6467 = ORIENTED_EDGE('',*,*,#6468,.F.);
#6468 = EDGE_CURVE('',#6431,#6469,#6471,.T.);
#6469 = VERTEX_POINT('',#6470);
#6470 = CARTESIAN_POINT('',(-1.1,-0.63,0.));
#6471 = LINE('',#6472,#6473);
#6472 = CARTESIAN_POINT('',(-1.1,-0.87,0.));
#6473 = VECTOR('',#6474,1.);
#6474 = DIRECTION('',(4.669739647545E-16,1.,0.));
#6475 = ORIENTED_EDGE('',*,*,#6454,.T.);
#6476 = ORIENTED_EDGE('',*,*,#4298,.F.);
#6477 = ORIENTED_EDGE('',*,*,#6478,.F.);
#6478 = EDGE_CURVE('',#6469,#4291,#6479,.T.);
#6479 = LINE('',#6480,#6481);
#6480 = CARTESIAN_POINT('',(-1.1,-0.63,0.));
#6481 = VECTOR('',#6482,1.);
#6482 = DIRECTION('',(0.,0.,1.));
#6483 = PLANE('',#6484);
#6484 = AXIS2_PLACEMENT_3D('',#6485,#6486,#6487);
#6485 = CARTESIAN_POINT('',(-1.1,-0.87,0.));
#6486 = DIRECTION('',(-1.,4.669739647545E-16,0.));
#6487 = DIRECTION('',(4.669739647545E-16,1.,0.));
#6488 = ADVANCED_FACE('',(#6489),#6516,.F.);
#6489 = FACE_BOUND('',#6490,.F.);
#6490 = EDGE_LOOP('',(#6491,#6499,#6500,#6501,#6502,#6510));
#6491 = ORIENTED_EDGE('',*,*,#6492,.F.);
#6492 = EDGE_CURVE('',#6469,#6493,#6495,.T.);
#6493 = VERTEX_POINT('',#6494);
#6494 = CARTESIAN_POINT('',(-1.5,-0.63,0.));
#6495 = LINE('',#6496,#6497);
#6496 = CARTESIAN_POINT('',(-1.1,-0.63,0.));
#6497 = VECTOR('',#6498,1.);
#6498 = DIRECTION('',(-1.,4.669739647545E-16,0.));
#6499 = ORIENTED_EDGE('',*,*,#6478,.T.);
#6500 = ORIENTED_EDGE('',*,*,#4290,.F.);
#6501 = ORIENTED_EDGE('',*,*,#6345,.F.);
#6502 = ORIENTED_EDGE('',*,*,#6503,.T.);
#6503 = EDGE_CURVE('',#6338,#6504,#6506,.T.);
#6504 = VERTEX_POINT('',#6505);
#6505 = CARTESIAN_POINT('',(-1.5,-0.63,0.2));
#6506 = LINE('',#6507,#6508);
#6507 = CARTESIAN_POINT('',(-1.1,-0.63,0.2));
#6508 = VECTOR('',#6509,1.);
#6509 = DIRECTION('',(-1.,4.669739647545E-16,0.));
#6510 = ORIENTED_EDGE('',*,*,#6511,.F.);
#6511 = EDGE_CURVE('',#6493,#6504,#6512,.T.);
#6512 = LINE('',#6513,#6514);
#6513 = CARTESIAN_POINT('',(-1.5,-0.63,0.));
#6514 = VECTOR('',#6515,1.);
#6515 = DIRECTION('',(0.,0.,1.));
#6516 = PLANE('',#6517);
#6517 = AXIS2_PLACEMENT_3D('',#6518,#6519,#6520);
#6518 = CARTESIAN_POINT('',(-1.1,-0.63,0.));
#6519 = DIRECTION('',(-4.669739647545E-16,-1.,0.));
#6520 = DIRECTION('',(-1.,4.669739647545E-16,0.));
#6521 = ADVANCED_FACE('',(#6522),#6556,.F.);
#6522 = FACE_BOUND('',#6523,.F.);
#6523 = EDGE_LOOP('',(#6524,#6534,#6542,#6548,#6549,#6550));
#6524 = ORIENTED_EDGE('',*,*,#6525,.F.);
#6525 = EDGE_CURVE('',#6526,#6528,#6530,.T.);
#6526 = VERTEX_POINT('',#6527);
#6527 = CARTESIAN_POINT('',(-1.5,-0.37,0.));
#6528 = VERTEX_POINT('',#6529);
#6529 = CARTESIAN_POINT('',(-1.1,-0.37,0.));
#6530 = LINE('',#6531,#6532);
#6531 = CARTESIAN_POINT('',(-1.5,-0.37,0.));
#6532 = VECTOR('',#6533,1.);
#6533 = DIRECTION('',(1.,-4.669739647545E-16,0.));
#6534 = ORIENTED_EDGE('',*,*,#6535,.T.);
#6535 = EDGE_CURVE('',#6526,#6536,#6538,.T.);
#6536 = VERTEX_POINT('',#6537);
#6537 = CARTESIAN_POINT('',(-1.5,-0.37,0.2));
#6538 = LINE('',#6539,#6540);
#6539 = CARTESIAN_POINT('',(-1.5,-0.37,0.));
#6540 = VECTOR('',#6541,1.);
#6541 = DIRECTION('',(0.,0.,1.));
#6542 = ORIENTED_EDGE('',*,*,#6543,.T.);
#6543 = EDGE_CURVE('',#6536,#6353,#6544,.T.);
#6544 = LINE('',#6545,#6546);
#6545 = CARTESIAN_POINT('',(-1.5,-0.37,0.2));
#6546 = VECTOR('',#6547,1.);
#6547 = DIRECTION('',(1.,-4.669739647545E-16,0.));
#6548 = ORIENTED_EDGE('',*,*,#6352,.F.);
#6549 = ORIENTED_EDGE('',*,*,#4274,.F.);
#6550 = ORIENTED_EDGE('',*,*,#6551,.F.);
#6551 = EDGE_CURVE('',#6528,#4267,#6552,.T.);
#6552 = LINE('',#6553,#6554);
#6553 = CARTESIAN_POINT('',(-1.1,-0.37,0.));
#6554 = VECTOR('',#6555,1.);
#6555 = DIRECTION('',(0.,0.,1.));
#6556 = PLANE('',#6557);
#6557 = AXIS2_PLACEMENT_3D('',#6558,#6559,#6560);
#6558 = CARTESIAN_POINT('',(-1.5,-0.37,0.));
#6559 = DIRECTION('',(4.669739647545E-16,1.,0.));
#6560 = DIRECTION('',(1.,-4.669739647545E-16,0.));
#6561 = ADVANCED_FACE('',(#6562),#6580,.F.);
#6562 = FACE_BOUND('',#6563,.F.);
#6563 = EDGE_LOOP('',(#6564,#6572,#6573,#6574));
#6564 = ORIENTED_EDGE('',*,*,#6565,.F.);
#6565 = EDGE_CURVE('',#6528,#6566,#6568,.T.);
#6566 = VERTEX_POINT('',#6567);
#6567 = CARTESIAN_POINT('',(-1.1,-0.13,0.));
#6568 = LINE('',#6569,#6570);
#6569 = CARTESIAN_POINT('',(-1.1,-0.37,0.));
#6570 = VECTOR('',#6571,1.);
#6571 = DIRECTION('',(4.669739647545E-16,1.,0.));
#6572 = ORIENTED_EDGE('',*,*,#6551,.T.);
#6573 = ORIENTED_EDGE('',*,*,#4266,.F.);
#6574 = ORIENTED_EDGE('',*,*,#6575,.F.);
#6575 = EDGE_CURVE('',#6566,#4259,#6576,.T.);
#6576 = LINE('',#6577,#6578);
#6577 = CARTESIAN_POINT('',(-1.1,-0.13,0.));
#6578 = VECTOR('',#6579,1.);
#6579 = DIRECTION('',(0.,0.,1.));
#6580 = PLANE('',#6581);
#6581 = AXIS2_PLACEMENT_3D('',#6582,#6583,#6584);
#6582 = CARTESIAN_POINT('',(-1.1,-0.37,0.));
#6583 = DIRECTION('',(-1.,4.669739647545E-16,0.));
#6584 = DIRECTION('',(4.669739647545E-16,1.,0.));
#6585 = ADVANCED_FACE('',(#6586),#6613,.F.);
#6586 = FACE_BOUND('',#6587,.F.);
#6587 = EDGE_LOOP('',(#6588,#6596,#6597,#6598,#6599,#6607));
#6588 = ORIENTED_EDGE('',*,*,#6589,.F.);
#6589 = EDGE_CURVE('',#6566,#6590,#6592,.T.);
#6590 = VERTEX_POINT('',#6591);
#6591 = CARTESIAN_POINT('',(-1.5,-0.13,0.));
#6592 = LINE('',#6593,#6594);
#6593 = CARTESIAN_POINT('',(-1.1,-0.13,0.));
#6594 = VECTOR('',#6595,1.);
#6595 = DIRECTION('',(-1.,4.669739647545E-16,0.));
#6596 = ORIENTED_EDGE('',*,*,#6575,.T.);
#6597 = ORIENTED_EDGE('',*,*,#4258,.F.);
#6598 = ORIENTED_EDGE('',*,*,#6368,.F.);
#6599 = ORIENTED_EDGE('',*,*,#6600,.T.);
#6600 = EDGE_CURVE('',#6361,#6601,#6603,.T.);
#6601 = VERTEX_POINT('',#6602);
#6602 = CARTESIAN_POINT('',(-1.5,-0.13,0.2));
#6603 = LINE('',#6604,#6605);
#6604 = CARTESIAN_POINT('',(-1.1,-0.13,0.2));
#6605 = VECTOR('',#6606,1.);
#6606 = DIRECTION('',(-1.,4.669739647545E-16,0.));
#6607 = ORIENTED_EDGE('',*,*,#6608,.F.);
#6608 = EDGE_CURVE('',#6590,#6601,#6609,.T.);
#6609 = LINE('',#6610,#6611);
#6610 = CARTESIAN_POINT('',(-1.5,-0.13,0.));
#6611 = VECTOR('',#6612,1.);
#6612 = DIRECTION('',(0.,0.,1.));
#6613 = PLANE('',#6614);
#6614 = AXIS2_PLACEMENT_3D('',#6615,#6616,#6617);
#6615 = CARTESIAN_POINT('',(-1.1,-0.13,0.));
#6616 = DIRECTION('',(-4.669739647545E-16,-1.,0.));
#6617 = DIRECTION('',(-1.,4.669739647545E-16,0.));
#6618 = ADVANCED_FACE('',(#6619),#6653,.F.);
#6619 = FACE_BOUND('',#6620,.F.);
#6620 = EDGE_LOOP('',(#6621,#6631,#6639,#6645,#6646,#6647));
#6621 = ORIENTED_EDGE('',*,*,#6622,.F.);
#6622 = EDGE_CURVE('',#6623,#6625,#6627,.T.);
#6623 = VERTEX_POINT('',#6624);
#6624 = CARTESIAN_POINT('',(-1.5,0.13,0.));
#6625 = VERTEX_POINT('',#6626);
#6626 = CARTESIAN_POINT('',(-1.1,0.13,0.));
#6627 = LINE('',#6628,#6629);
#6628 = CARTESIAN_POINT('',(-1.5,0.13,0.));
#6629 = VECTOR('',#6630,1.);
#6630 = DIRECTION('',(1.,-4.669739647545E-16,0.));
#6631 = ORIENTED_EDGE('',*,*,#6632,.T.);
#6632 = EDGE_CURVE('',#6623,#6633,#6635,.T.);
#6633 = VERTEX_POINT('',#6634);
#6634 = CARTESIAN_POINT('',(-1.5,0.13,0.2));
#6635 = LINE('',#6636,#6637);
#6636 = CARTESIAN_POINT('',(-1.5,0.13,0.));
#6637 = VECTOR('',#6638,1.);
#6638 = DIRECTION('',(0.,0.,1.));
#6639 = ORIENTED_EDGE('',*,*,#6640,.T.);
#6640 = EDGE_CURVE('',#6633,#6376,#6641,.T.);
#6641 = LINE('',#6642,#6643);
#6642 = CARTESIAN_POINT('',(-1.5,0.13,0.2));
#6643 = VECTOR('',#6644,1.);
#6644 = DIRECTION('',(1.,-4.669739647545E-16,0.));
#6645 = ORIENTED_EDGE('',*,*,#6375,.F.);
#6646 = ORIENTED_EDGE('',*,*,#4242,.F.);
#6647 = ORIENTED_EDGE('',*,*,#6648,.F.);
#6648 = EDGE_CURVE('',#6625,#4235,#6649,.T.);
#6649 = LINE('',#6650,#6651);
#6650 = CARTESIAN_POINT('',(-1.1,0.13,0.));
#6651 = VECTOR('',#6652,1.);
#6652 = DIRECTION('',(0.,0.,1.));
#6653 = PLANE('',#6654);
#6654 = AXIS2_PLACEMENT_3D('',#6655,#6656,#6657);
#6655 = CARTESIAN_POINT('',(-1.5,0.13,0.));
#6656 = DIRECTION('',(4.669739647545E-16,1.,0.));
#6657 = DIRECTION('',(1.,-4.669739647545E-16,0.));
#6658 = ADVANCED_FACE('',(#6659),#6677,.F.);
#6659 = FACE_BOUND('',#6660,.F.);
#6660 = EDGE_LOOP('',(#6661,#6669,#6670,#6671));
#6661 = ORIENTED_EDGE('',*,*,#6662,.F.);
#6662 = EDGE_CURVE('',#6625,#6663,#6665,.T.);
#6663 = VERTEX_POINT('',#6664);
#6664 = CARTESIAN_POINT('',(-1.1,0.37,0.));
#6665 = LINE('',#6666,#6667);
#6666 = CARTESIAN_POINT('',(-1.1,0.13,0.));
#6667 = VECTOR('',#6668,1.);
#6668 = DIRECTION('',(4.669739647545E-16,1.,0.));
#6669 = ORIENTED_EDGE('',*,*,#6648,.T.);
#6670 = ORIENTED_EDGE('',*,*,#4234,.F.);
#6671 = ORIENTED_EDGE('',*,*,#6672,.F.);
#6672 = EDGE_CURVE('',#6663,#4227,#6673,.T.);
#6673 = LINE('',#6674,#6675);
#6674 = CARTESIAN_POINT('',(-1.1,0.37,0.));
#6675 = VECTOR('',#6676,1.);
#6676 = DIRECTION('',(0.,0.,1.));
#6677 = PLANE('',#6678);
#6678 = AXIS2_PLACEMENT_3D('',#6679,#6680,#6681);
#6679 = CARTESIAN_POINT('',(-1.1,0.13,0.));
#6680 = DIRECTION('',(-1.,4.669739647545E-16,0.));
#6681 = DIRECTION('',(4.669739647545E-16,1.,0.));
#6682 = ADVANCED_FACE('',(#6683),#6710,.F.);
#6683 = FACE_BOUND('',#6684,.F.);
#6684 = EDGE_LOOP('',(#6685,#6693,#6694,#6695,#6696,#6704));
#6685 = ORIENTED_EDGE('',*,*,#6686,.F.);
#6686 = EDGE_CURVE('',#6663,#6687,#6689,.T.);
#6687 = VERTEX_POINT('',#6688);
#6688 = CARTESIAN_POINT('',(-1.5,0.37,0.));
#6689 = LINE('',#6690,#6691);
#6690 = CARTESIAN_POINT('',(-1.1,0.37,0.));
#6691 = VECTOR('',#6692,1.);
#6692 = DIRECTION('',(-1.,4.669739647545E-16,0.));
#6693 = ORIENTED_EDGE('',*,*,#6672,.T.);
#6694 = ORIENTED_EDGE('',*,*,#4226,.F.);
#6695 = ORIENTED_EDGE('',*,*,#6391,.F.);
#6696 = ORIENTED_EDGE('',*,*,#6697,.T.);
#6697 = EDGE_CURVE('',#6384,#6698,#6700,.T.);
#6698 = VERTEX_POINT('',#6699);
#6699 = CARTESIAN_POINT('',(-1.5,0.37,0.2));
#6700 = LINE('',#6701,#6702);
#6701 = CARTESIAN_POINT('',(-1.1,0.37,0.2));
#6702 = VECTOR('',#6703,1.);
#6703 = DIRECTION('',(-1.,4.669739647545E-16,0.));
#6704 = ORIENTED_EDGE('',*,*,#6705,.F.);
#6705 = EDGE_CURVE('',#6687,#6698,#6706,.T.);
#6706 = LINE('',#6707,#6708);
#6707 = CARTESIAN_POINT('',(-1.5,0.37,0.));
#6708 = VECTOR('',#6709,1.);
#6709 = DIRECTION('',(0.,0.,1.));
#6710 = PLANE('',#6711);
#6711 = AXIS2_PLACEMENT_3D('',#6712,#6713,#6714);
#6712 = CARTESIAN_POINT('',(-1.1,0.37,0.));
#6713 = DIRECTION('',(-4.669739647545E-16,-1.,0.));
#6714 = DIRECTION('',(-1.,4.669739647545E-16,0.));
#6715 = ADVANCED_FACE('',(#6716),#6750,.F.);
#6716 = FACE_BOUND('',#6717,.F.);
#6717 = EDGE_LOOP('',(#6718,#6728,#6736,#6742,#6743,#6744));
#6718 = ORIENTED_EDGE('',*,*,#6719,.F.);
#6719 = EDGE_CURVE('',#6720,#6722,#6724,.T.);
#6720 = VERTEX_POINT('',#6721);
#6721 = CARTESIAN_POINT('',(-1.5,0.63,0.));
#6722 = VERTEX_POINT('',#6723);
#6723 = CARTESIAN_POINT('',(-1.1,0.63,0.));
#6724 = LINE('',#6725,#6726);
#6725 = CARTESIAN_POINT('',(-1.5,0.63,0.));
#6726 = VECTOR('',#6727,1.);
#6727 = DIRECTION('',(1.,-4.669739647545E-16,0.));
#6728 = ORIENTED_EDGE('',*,*,#6729,.T.);
#6729 = EDGE_CURVE('',#6720,#6730,#6732,.T.);
#6730 = VERTEX_POINT('',#6731);
#6731 = CARTESIAN_POINT('',(-1.5,0.63,0.2));
#6732 = LINE('',#6733,#6734);
#6733 = CARTESIAN_POINT('',(-1.5,0.63,0.));
#6734 = VECTOR('',#6735,1.);
#6735 = DIRECTION('',(0.,0.,1.));
#6736 = ORIENTED_EDGE('',*,*,#6737,.T.);
#6737 = EDGE_CURVE('',#6730,#6399,#6738,.T.);
#6738 = LINE('',#6739,#6740);
#6739 = CARTESIAN_POINT('',(-1.5,0.63,0.2));
#6740 = VECTOR('',#6741,1.);
#6741 = DIRECTION('',(1.,-4.669739647545E-16,0.));
#6742 = ORIENTED_EDGE('',*,*,#6398,.F.);
#6743 = ORIENTED_EDGE('',*,*,#4210,.F.);
#6744 = ORIENTED_EDGE('',*,*,#6745,.F.);
#6745 = EDGE_CURVE('',#6722,#4203,#6746,.T.);
#6746 = LINE('',#6747,#6748);
#6747 = CARTESIAN_POINT('',(-1.1,0.63,0.));
#6748 = VECTOR('',#6749,1.);
#6749 = DIRECTION('',(0.,0.,1.));
#6750 = PLANE('',#6751);
#6751 = AXIS2_PLACEMENT_3D('',#6752,#6753,#6754);
#6752 = CARTESIAN_POINT('',(-1.5,0.63,0.));
#6753 = DIRECTION('',(4.669739647545E-16,1.,0.));
#6754 = DIRECTION('',(1.,-4.669739647545E-16,0.));
#6755 = ADVANCED_FACE('',(#6756),#6774,.F.);
#6756 = FACE_BOUND('',#6757,.F.);
#6757 = EDGE_LOOP('',(#6758,#6766,#6767,#6768));
#6758 = ORIENTED_EDGE('',*,*,#6759,.F.);
#6759 = EDGE_CURVE('',#6722,#6760,#6762,.T.);
#6760 = VERTEX_POINT('',#6761);
#6761 = CARTESIAN_POINT('',(-1.1,0.87,0.));
#6762 = LINE('',#6763,#6764);
#6763 = CARTESIAN_POINT('',(-1.1,0.63,0.));
#6764 = VECTOR('',#6765,1.);
#6765 = DIRECTION('',(4.669739647545E-16,1.,0.));
#6766 = ORIENTED_EDGE('',*,*,#6745,.T.);
#6767 = ORIENTED_EDGE('',*,*,#4202,.F.);
#6768 = ORIENTED_EDGE('',*,*,#6769,.F.);
#6769 = EDGE_CURVE('',#6760,#4195,#6770,.T.);
#6770 = LINE('',#6771,#6772);
#6771 = CARTESIAN_POINT('',(-1.1,0.87,0.));
#6772 = VECTOR('',#6773,1.);
#6773 = DIRECTION('',(0.,0.,1.));
#6774 = PLANE('',#6775);
#6775 = AXIS2_PLACEMENT_3D('',#6776,#6777,#6778);
#6776 = CARTESIAN_POINT('',(-1.1,0.63,0.));
#6777 = DIRECTION('',(-1.,4.669739647545E-16,0.));
#6778 = DIRECTION('',(4.669739647545E-16,1.,0.));
#6779 = ADVANCED_FACE('',(#6780),#6807,.F.);
#6780 = FACE_BOUND('',#6781,.F.);
#6781 = EDGE_LOOP('',(#6782,#6790,#6791,#6792,#6793,#6801));
#6782 = ORIENTED_EDGE('',*,*,#6783,.F.);
#6783 = EDGE_CURVE('',#6760,#6784,#6786,.T.);
#6784 = VERTEX_POINT('',#6785);
#6785 = CARTESIAN_POINT('',(-1.5,0.87,0.));
#6786 = LINE('',#6787,#6788);
#6787 = CARTESIAN_POINT('',(-1.1,0.87,0.));
#6788 = VECTOR('',#6789,1.);
#6789 = DIRECTION('',(-1.,4.669739647545E-16,0.));
#6790 = ORIENTED_EDGE('',*,*,#6769,.T.);
#6791 = ORIENTED_EDGE('',*,*,#4194,.F.);
#6792 = ORIENTED_EDGE('',*,*,#6414,.F.);
#6793 = ORIENTED_EDGE('',*,*,#6794,.T.);
#6794 = EDGE_CURVE('',#6407,#6795,#6797,.T.);
#6795 = VERTEX_POINT('',#6796);
#6796 = CARTESIAN_POINT('',(-1.5,0.87,0.2));
#6797 = LINE('',#6798,#6799);
#6798 = CARTESIAN_POINT('',(-1.1,0.87,0.2));
#6799 = VECTOR('',#6800,1.);
#6800 = DIRECTION('',(-1.,4.669739647545E-16,0.));
#6801 = ORIENTED_EDGE('',*,*,#6802,.F.);
#6802 = EDGE_CURVE('',#6784,#6795,#6803,.T.);
#6803 = LINE('',#6804,#6805);
#6804 = CARTESIAN_POINT('',(-1.5,0.87,0.));
#6805 = VECTOR('',#6806,1.);
#6806 = DIRECTION('',(0.,0.,1.));
#6807 = PLANE('',#6808);
#6808 = AXIS2_PLACEMENT_3D('',#6809,#6810,#6811);
#6809 = CARTESIAN_POINT('',(-1.1,0.87,0.));
#6810 = DIRECTION('',(-4.669739647545E-16,-1.,0.));
#6811 = DIRECTION('',(-1.,4.669739647545E-16,0.));
#6812 = ADVANCED_FACE('',(#6813,#6819),#6830,.T.);
#6813 = FACE_BOUND('',#6814,.T.);
#6814 = EDGE_LOOP('',(#6815,#6816,#6817,#6818));
#6815 = ORIENTED_EDGE('',*,*,#4800,.F.);
#6816 = ORIENTED_EDGE('',*,*,#6321,.T.);
#6817 = ORIENTED_EDGE('',*,*,#5815,.T.);
#6818 = ORIENTED_EDGE('',*,*,#5313,.F.);
#6819 = FACE_BOUND('',#6820,.T.);
#6820 = EDGE_LOOP('',(#6821));
#6821 = ORIENTED_EDGE('',*,*,#6822,.T.);
#6822 = EDGE_CURVE('',#6823,#6823,#6825,.T.);
#6823 = VERTEX_POINT('',#6824);
#6824 = CARTESIAN_POINT('',(-1.,0.9,0.8));
#6825 = CIRCLE('',#6826,0.1);
#6826 = AXIS2_PLACEMENT_3D('',#6827,#6828,#6829);
#6827 = CARTESIAN_POINT('',(-1.,1.,0.8));
#6828 = DIRECTION('',(-0.,0.,-1.));
#6829 = DIRECTION('',(-2.22044604925E-16,-1.,0.));
#6830 = PLANE('',#6831);
#6831 = AXIS2_PLACEMENT_3D('',#6832,#6833,#6834);
#6832 = CARTESIAN_POINT('',(-1.475,1.475,0.8));
#6833 = DIRECTION('',(0.,0.,1.));
#6834 = DIRECTION('',(-2.22044604925E-16,-1.,0.));
#6835 = ADVANCED_FACE('',(#6836),#6847,.T.);
#6836 = FACE_BOUND('',#6837,.T.);
#6837 = EDGE_LOOP('',(#6838,#6844,#6845,#6846));
#6838 = ORIENTED_EDGE('',*,*,#6839,.T.);
#6839 = EDGE_CURVE('',#5290,#5225,#6840,.T.);
#6840 = LINE('',#6841,#6842);
#6841 = CARTESIAN_POINT('',(0.87,1.5,0.2));
#6842 = VECTOR('',#6843,1.);
#6843 = DIRECTION('',(-1.,4.555315873023E-16,0.));
#6844 = ORIENTED_EDGE('',*,*,#5232,.T.);
#6845 = ORIENTED_EDGE('',*,*,#4894,.F.);
#6846 = ORIENTED_EDGE('',*,*,#5289,.T.);
#6847 = PLANE('',#6848);
#6848 = AXIS2_PLACEMENT_3D('',#6849,#6850,#6851);
#6849 = CARTESIAN_POINT('',(0.75,1.3,0.2));
#6850 = DIRECTION('',(0.,0.,1.));
#6851 = DIRECTION('',(-1.,4.555315873023E-16,0.));
#6852 = ADVANCED_FACE('',(#6853),#6864,.T.);
#6853 = FACE_BOUND('',#6854,.T.);
#6854 = EDGE_LOOP('',(#6855,#6861,#6862,#6863));
#6855 = ORIENTED_EDGE('',*,*,#6856,.T.);
#6856 = EDGE_CURVE('',#5193,#5128,#6857,.T.);
#6857 = LINE('',#6858,#6859);
#6858 = CARTESIAN_POINT('',(0.37,1.5,0.2));
#6859 = VECTOR('',#6860,1.);
#6860 = DIRECTION('',(-1.,4.555315873023E-16,0.));
#6861 = ORIENTED_EDGE('',*,*,#5135,.T.);
#6862 = ORIENTED_EDGE('',*,*,#4871,.F.);
#6863 = ORIENTED_EDGE('',*,*,#5192,.T.);
#6864 = PLANE('',#6865);
#6865 = AXIS2_PLACEMENT_3D('',#6866,#6867,#6868);
#6866 = CARTESIAN_POINT('',(0.25,1.3,0.2));
#6867 = DIRECTION('',(0.,0.,1.));
#6868 = DIRECTION('',(-1.,4.555315873023E-16,0.));
#6869 = ADVANCED_FACE('',(#6870),#6881,.T.);
#6870 = FACE_BOUND('',#6871,.T.);
#6871 = EDGE_LOOP('',(#6872,#6878,#6879,#6880));
#6872 = ORIENTED_EDGE('',*,*,#6873,.T.);
#6873 = EDGE_CURVE('',#5096,#5031,#6874,.T.);
#6874 = LINE('',#6875,#6876);
#6875 = CARTESIAN_POINT('',(-0.13,1.5,0.2));
#6876 = VECTOR('',#6877,1.);
#6877 = DIRECTION('',(-1.,4.555315873023E-16,0.));
#6878 = ORIENTED_EDGE('',*,*,#5038,.T.);
#6879 = ORIENTED_EDGE('',*,*,#4848,.F.);
#6880 = ORIENTED_EDGE('',*,*,#5095,.T.);
#6881 = PLANE('',#6882);
#6882 = AXIS2_PLACEMENT_3D('',#6883,#6884,#6885);
#6883 = CARTESIAN_POINT('',(-0.25,1.3,0.2));
#6884 = DIRECTION('',(0.,0.,1.));
#6885 = DIRECTION('',(-1.,4.555315873023E-16,0.));
#6886 = ADVANCED_FACE('',(#6887),#6898,.T.);
#6887 = FACE_BOUND('',#6888,.T.);
#6888 = EDGE_LOOP('',(#6889,#6895,#6896,#6897));
#6889 = ORIENTED_EDGE('',*,*,#6890,.T.);
#6890 = EDGE_CURVE('',#4999,#4934,#6891,.T.);
#6891 = LINE('',#6892,#6893);
#6892 = CARTESIAN_POINT('',(-0.63,1.5,0.2));
#6893 = VECTOR('',#6894,1.);
#6894 = DIRECTION('',(-1.,4.555315873023E-16,0.));
#6895 = ORIENTED_EDGE('',*,*,#4941,.T.);
#6896 = ORIENTED_EDGE('',*,*,#4825,.F.);
#6897 = ORIENTED_EDGE('',*,*,#4998,.T.);
#6898 = PLANE('',#6899);
#6899 = AXIS2_PLACEMENT_3D('',#6900,#6901,#6902);
#6900 = CARTESIAN_POINT('',(-0.75,1.3,0.2));
#6901 = DIRECTION('',(0.,0.,1.));
#6902 = DIRECTION('',(-1.,4.555315873023E-16,0.));
#6903 = ADVANCED_FACE('',(#6904),#6915,.F.);
#6904 = FACE_BOUND('',#6905,.F.);
#6905 = EDGE_LOOP('',(#6906,#6907,#6908,#6909));
#6906 = ORIENTED_EDGE('',*,*,#4923,.T.);
#6907 = ORIENTED_EDGE('',*,*,#4963,.T.);
#6908 = ORIENTED_EDGE('',*,*,#4987,.T.);
#6909 = ORIENTED_EDGE('',*,*,#6910,.T.);
#6910 = EDGE_CURVE('',#4988,#4924,#6911,.T.);
#6911 = LINE('',#6912,#6913);
#6912 = CARTESIAN_POINT('',(-0.63,1.5,0.));
#6913 = VECTOR('',#6914,1.);
#6914 = DIRECTION('',(-1.,4.555315873023E-16,0.));
#6915 = PLANE('',#6916);
#6916 = AXIS2_PLACEMENT_3D('',#6917,#6918,#6919);
#6917 = CARTESIAN_POINT('',(-0.75,1.3,0.));
#6918 = DIRECTION('',(0.,0.,1.));
#6919 = DIRECTION('',(-1.,4.555315873023E-16,0.));
#6920 = ADVANCED_FACE('',(#6921),#6927,.F.);
#6921 = FACE_BOUND('',#6922,.F.);
#6922 = EDGE_LOOP('',(#6923,#6924,#6925,#6926));
#6923 = ORIENTED_EDGE('',*,*,#5006,.T.);
#6924 = ORIENTED_EDGE('',*,*,#6890,.T.);
#6925 = ORIENTED_EDGE('',*,*,#4933,.F.);
#6926 = ORIENTED_EDGE('',*,*,#6910,.F.);
#6927 = PLANE('',#6928);
#6928 = AXIS2_PLACEMENT_3D('',#6929,#6930,#6931);
#6929 = CARTESIAN_POINT('',(-0.63,1.5,0.));
#6930 = DIRECTION('',(-4.555315873023E-16,-1.,0.));
#6931 = DIRECTION('',(-1.,4.555315873023E-16,0.));
#6932 = ADVANCED_FACE('',(#6933),#6944,.F.);
#6933 = FACE_BOUND('',#6934,.F.);
#6934 = EDGE_LOOP('',(#6935,#6936,#6937,#6938));
#6935 = ORIENTED_EDGE('',*,*,#5020,.T.);
#6936 = ORIENTED_EDGE('',*,*,#5060,.T.);
#6937 = ORIENTED_EDGE('',*,*,#5084,.T.);
#6938 = ORIENTED_EDGE('',*,*,#6939,.T.);
#6939 = EDGE_CURVE('',#5085,#5021,#6940,.T.);
#6940 = LINE('',#6941,#6942);
#6941 = CARTESIAN_POINT('',(-0.13,1.5,0.));
#6942 = VECTOR('',#6943,1.);
#6943 = DIRECTION('',(-1.,4.555315873023E-16,0.));
#6944 = PLANE('',#6945);
#6945 = AXIS2_PLACEMENT_3D('',#6946,#6947,#6948);
#6946 = CARTESIAN_POINT('',(-0.25,1.3,0.));
#6947 = DIRECTION('',(0.,0.,1.));
#6948 = DIRECTION('',(-1.,4.555315873023E-16,0.));
#6949 = ADVANCED_FACE('',(#6950),#6956,.F.);
#6950 = FACE_BOUND('',#6951,.F.);
#6951 = EDGE_LOOP('',(#6952,#6953,#6954,#6955));
#6952 = ORIENTED_EDGE('',*,*,#5103,.T.);
#6953 = ORIENTED_EDGE('',*,*,#6873,.T.);
#6954 = ORIENTED_EDGE('',*,*,#5030,.F.);
#6955 = ORIENTED_EDGE('',*,*,#6939,.F.);
#6956 = PLANE('',#6957);
#6957 = AXIS2_PLACEMENT_3D('',#6958,#6959,#6960);
#6958 = CARTESIAN_POINT('',(-0.13,1.5,0.));
#6959 = DIRECTION('',(-4.555315873023E-16,-1.,0.));
#6960 = DIRECTION('',(-1.,4.555315873023E-16,0.));
#6961 = ADVANCED_FACE('',(#6962),#6973,.F.);
#6962 = FACE_BOUND('',#6963,.F.);
#6963 = EDGE_LOOP('',(#6964,#6965,#6966,#6967));
#6964 = ORIENTED_EDGE('',*,*,#5117,.T.);
#6965 = ORIENTED_EDGE('',*,*,#5157,.T.);
#6966 = ORIENTED_EDGE('',*,*,#5181,.T.);
#6967 = ORIENTED_EDGE('',*,*,#6968,.T.);
#6968 = EDGE_CURVE('',#5182,#5118,#6969,.T.);
#6969 = LINE('',#6970,#6971);
#6970 = CARTESIAN_POINT('',(0.37,1.5,0.));
#6971 = VECTOR('',#6972,1.);
#6972 = DIRECTION('',(-1.,4.555315873023E-16,0.));
#6973 = PLANE('',#6974);
#6974 = AXIS2_PLACEMENT_3D('',#6975,#6976,#6977);
#6975 = CARTESIAN_POINT('',(0.25,1.3,0.));
#6976 = DIRECTION('',(0.,0.,1.));
#6977 = DIRECTION('',(-1.,4.555315873023E-16,0.));
#6978 = ADVANCED_FACE('',(#6979),#6985,.F.);
#6979 = FACE_BOUND('',#6980,.F.);
#6980 = EDGE_LOOP('',(#6981,#6982,#6983,#6984));
#6981 = ORIENTED_EDGE('',*,*,#5200,.T.);
#6982 = ORIENTED_EDGE('',*,*,#6856,.T.);
#6983 = ORIENTED_EDGE('',*,*,#5127,.F.);
#6984 = ORIENTED_EDGE('',*,*,#6968,.F.);
#6985 = PLANE('',#6986);
#6986 = AXIS2_PLACEMENT_3D('',#6987,#6988,#6989);
#6987 = CARTESIAN_POINT('',(0.37,1.5,0.));
#6988 = DIRECTION('',(-4.555315873023E-16,-1.,0.));
#6989 = DIRECTION('',(-1.,4.555315873023E-16,0.));
#6990 = ADVANCED_FACE('',(#6991),#7002,.F.);
#6991 = FACE_BOUND('',#6992,.F.);
#6992 = EDGE_LOOP('',(#6993,#6994,#6995,#6996));
#6993 = ORIENTED_EDGE('',*,*,#5214,.T.);
#6994 = ORIENTED_EDGE('',*,*,#5254,.T.);
#6995 = ORIENTED_EDGE('',*,*,#5278,.T.);
#6996 = ORIENTED_EDGE('',*,*,#6997,.T.);
#6997 = EDGE_CURVE('',#5279,#5215,#6998,.T.);
#6998 = LINE('',#6999,#7000);
#6999 = CARTESIAN_POINT('',(0.87,1.5,0.));
#7000 = VECTOR('',#7001,1.);
#7001 = DIRECTION('',(-1.,4.555315873023E-16,0.));
#7002 = PLANE('',#7003);
#7003 = AXIS2_PLACEMENT_3D('',#7004,#7005,#7006);
#7004 = CARTESIAN_POINT('',(0.75,1.3,0.));
#7005 = DIRECTION('',(0.,0.,1.));
#7006 = DIRECTION('',(-1.,4.555315873023E-16,0.));
#7007 = ADVANCED_FACE('',(#7008),#7014,.F.);
#7008 = FACE_BOUND('',#7009,.F.);
#7009 = EDGE_LOOP('',(#7010,#7011,#7012,#7013));
#7010 = ORIENTED_EDGE('',*,*,#5297,.T.);
#7011 = ORIENTED_EDGE('',*,*,#6839,.T.);
#7012 = ORIENTED_EDGE('',*,*,#5224,.F.);
#7013 = ORIENTED_EDGE('',*,*,#6997,.F.);
#7014 = PLANE('',#7015);
#7015 = AXIS2_PLACEMENT_3D('',#7016,#7017,#7018);
#7016 = CARTESIAN_POINT('',(0.87,1.5,0.));
#7017 = DIRECTION('',(-4.555315873023E-16,-1.,0.));
#7018 = DIRECTION('',(-1.,4.555315873023E-16,0.));
#7019 = ADVANCED_FACE('',(#7020),#7031,.T.);
#7020 = FACE_BOUND('',#7021,.T.);
#7021 = EDGE_LOOP('',(#7022,#7028,#7029,#7030));
#7022 = ORIENTED_EDGE('',*,*,#7023,.T.);
#7023 = EDGE_CURVE('',#5503,#5438,#7024,.T.);
#7024 = LINE('',#7025,#7026);
#7025 = CARTESIAN_POINT('',(1.5,0.63,0.2));
#7026 = VECTOR('',#7027,1.);
#7027 = DIRECTION('',(3.445092848398E-16,1.,0.));
#7028 = ORIENTED_EDGE('',*,*,#5445,.T.);
#7029 = ORIENTED_EDGE('',*,*,#5405,.T.);
#7030 = ORIENTED_EDGE('',*,*,#5502,.T.);
#7031 = PLANE('',#7032);
#7032 = AXIS2_PLACEMENT_3D('',#7033,#7034,#7035);
#7033 = CARTESIAN_POINT('',(1.3,0.75,0.2));
#7034 = DIRECTION('',(0.,0.,1.));
#7035 = DIRECTION('',(3.445092848398E-16,1.,-0.));
#7036 = ADVANCED_FACE('',(#7037),#7048,.T.);
#7037 = FACE_BOUND('',#7038,.T.);
#7038 = EDGE_LOOP('',(#7039,#7045,#7046,#7047));
#7039 = ORIENTED_EDGE('',*,*,#7040,.T.);
#7040 = EDGE_CURVE('',#5600,#5535,#7041,.T.);
#7041 = LINE('',#7042,#7043);
#7042 = CARTESIAN_POINT('',(1.5,0.13,0.2));
#7043 = VECTOR('',#7044,1.);
#7044 = DIRECTION('',(3.445092848398E-16,1.,0.));
#7045 = ORIENTED_EDGE('',*,*,#5542,.T.);
#7046 = ORIENTED_EDGE('',*,*,#5382,.T.);
#7047 = ORIENTED_EDGE('',*,*,#5599,.T.);
#7048 = PLANE('',#7049);
#7049 = AXIS2_PLACEMENT_3D('',#7050,#7051,#7052);
#7050 = CARTESIAN_POINT('',(1.3,0.25,0.2));
#7051 = DIRECTION('',(0.,0.,1.));
#7052 = DIRECTION('',(3.445092848398E-16,1.,-0.));
#7053 = ADVANCED_FACE('',(#7054),#7065,.T.);
#7054 = FACE_BOUND('',#7055,.T.);
#7055 = EDGE_LOOP('',(#7056,#7062,#7063,#7064));
#7056 = ORIENTED_EDGE('',*,*,#7057,.T.);
#7057 = EDGE_CURVE('',#5697,#5632,#7058,.T.);
#7058 = LINE('',#7059,#7060);
#7059 = CARTESIAN_POINT('',(1.5,-0.37,0.2));
#7060 = VECTOR('',#7061,1.);
#7061 = DIRECTION('',(3.445092848398E-16,1.,0.));
#7062 = ORIENTED_EDGE('',*,*,#5639,.T.);
#7063 = ORIENTED_EDGE('',*,*,#5359,.T.);
#7064 = ORIENTED_EDGE('',*,*,#5696,.T.);
#7065 = PLANE('',#7066);
#7066 = AXIS2_PLACEMENT_3D('',#7067,#7068,#7069);
#7067 = CARTESIAN_POINT('',(1.3,-0.25,0.2));
#7068 = DIRECTION('',(0.,0.,1.));
#7069 = DIRECTION('',(3.445092848398E-16,1.,-0.));
#7070 = ADVANCED_FACE('',(#7071),#7082,.T.);
#7071 = FACE_BOUND('',#7072,.T.);
#7072 = EDGE_LOOP('',(#7073,#7079,#7080,#7081));
#7073 = ORIENTED_EDGE('',*,*,#7074,.T.);
#7074 = EDGE_CURVE('',#5794,#5729,#7075,.T.);
#7075 = LINE('',#7076,#7077);
#7076 = CARTESIAN_POINT('',(1.5,-0.87,0.2));
#7077 = VECTOR('',#7078,1.);
#7078 = DIRECTION('',(3.445092848398E-16,1.,0.));
#7079 = ORIENTED_EDGE('',*,*,#5736,.T.);
#7080 = ORIENTED_EDGE('',*,*,#5336,.T.);
#7081 = ORIENTED_EDGE('',*,*,#5793,.T.);
#7082 = PLANE('',#7083);
#7083 = AXIS2_PLACEMENT_3D('',#7084,#7085,#7086);
#7084 = CARTESIAN_POINT('',(1.3,-0.75,0.2));
#7085 = DIRECTION('',(0.,0.,1.));
#7086 = DIRECTION('',(3.445092848398E-16,1.,-0.));
#7087 = ADVANCED_FACE('',(#7088),#7099,.F.);
#7088 = FACE_BOUND('',#7089,.F.);
#7089 = EDGE_LOOP('',(#7090,#7091,#7092,#7093));
#7090 = ORIENTED_EDGE('',*,*,#5427,.T.);
#7091 = ORIENTED_EDGE('',*,*,#5467,.T.);
#7092 = ORIENTED_EDGE('',*,*,#5491,.T.);
#7093 = ORIENTED_EDGE('',*,*,#7094,.T.);
#7094 = EDGE_CURVE('',#5492,#5428,#7095,.T.);
#7095 = LINE('',#7096,#7097);
#7096 = CARTESIAN_POINT('',(1.5,0.63,0.));
#7097 = VECTOR('',#7098,1.);
#7098 = DIRECTION('',(3.445092848398E-16,1.,0.));
#7099 = PLANE('',#7100);
#7100 = AXIS2_PLACEMENT_3D('',#7101,#7102,#7103);
#7101 = CARTESIAN_POINT('',(1.3,0.75,0.));
#7102 = DIRECTION('',(0.,0.,1.));
#7103 = DIRECTION('',(3.445092848398E-16,1.,-0.));
#7104 = ADVANCED_FACE('',(#7105),#7111,.F.);
#7105 = FACE_BOUND('',#7106,.F.);
#7106 = EDGE_LOOP('',(#7107,#7108,#7109,#7110));
#7107 = ORIENTED_EDGE('',*,*,#5510,.T.);
#7108 = ORIENTED_EDGE('',*,*,#7023,.T.);
#7109 = ORIENTED_EDGE('',*,*,#5437,.F.);
#7110 = ORIENTED_EDGE('',*,*,#7094,.F.);
#7111 = PLANE('',#7112);
#7112 = AXIS2_PLACEMENT_3D('',#7113,#7114,#7115);
#7113 = CARTESIAN_POINT('',(1.5,0.63,0.));
#7114 = DIRECTION('',(-1.,3.445092848398E-16,0.));
#7115 = DIRECTION('',(3.445092848398E-16,1.,0.));
#7116 = ADVANCED_FACE('',(#7117),#7128,.F.);
#7117 = FACE_BOUND('',#7118,.F.);
#7118 = EDGE_LOOP('',(#7119,#7120,#7121,#7122));
#7119 = ORIENTED_EDGE('',*,*,#5524,.T.);
#7120 = ORIENTED_EDGE('',*,*,#5564,.T.);
#7121 = ORIENTED_EDGE('',*,*,#5588,.T.);
#7122 = ORIENTED_EDGE('',*,*,#7123,.T.);
#7123 = EDGE_CURVE('',#5589,#5525,#7124,.T.);
#7124 = LINE('',#7125,#7126);
#7125 = CARTESIAN_POINT('',(1.5,0.13,0.));
#7126 = VECTOR('',#7127,1.);
#7127 = DIRECTION('',(3.445092848398E-16,1.,0.));
#7128 = PLANE('',#7129);
#7129 = AXIS2_PLACEMENT_3D('',#7130,#7131,#7132);
#7130 = CARTESIAN_POINT('',(1.3,0.25,0.));
#7131 = DIRECTION('',(0.,0.,1.));
#7132 = DIRECTION('',(3.445092848398E-16,1.,-0.));
#7133 = ADVANCED_FACE('',(#7134),#7140,.F.);
#7134 = FACE_BOUND('',#7135,.F.);
#7135 = EDGE_LOOP('',(#7136,#7137,#7138,#7139));
#7136 = ORIENTED_EDGE('',*,*,#5607,.T.);
#7137 = ORIENTED_EDGE('',*,*,#7040,.T.);
#7138 = ORIENTED_EDGE('',*,*,#5534,.F.);
#7139 = ORIENTED_EDGE('',*,*,#7123,.F.);
#7140 = PLANE('',#7141);
#7141 = AXIS2_PLACEMENT_3D('',#7142,#7143,#7144);
#7142 = CARTESIAN_POINT('',(1.5,0.13,0.));
#7143 = DIRECTION('',(-1.,3.445092848398E-16,0.));
#7144 = DIRECTION('',(3.445092848398E-16,1.,0.));
#7145 = ADVANCED_FACE('',(#7146),#7157,.F.);
#7146 = FACE_BOUND('',#7147,.F.);
#7147 = EDGE_LOOP('',(#7148,#7149,#7150,#7151));
#7148 = ORIENTED_EDGE('',*,*,#5621,.T.);
#7149 = ORIENTED_EDGE('',*,*,#5661,.T.);
#7150 = ORIENTED_EDGE('',*,*,#5685,.T.);
#7151 = ORIENTED_EDGE('',*,*,#7152,.T.);
#7152 = EDGE_CURVE('',#5686,#5622,#7153,.T.);
#7153 = LINE('',#7154,#7155);
#7154 = CARTESIAN_POINT('',(1.5,-0.37,0.));
#7155 = VECTOR('',#7156,1.);
#7156 = DIRECTION('',(3.445092848398E-16,1.,0.));
#7157 = PLANE('',#7158);
#7158 = AXIS2_PLACEMENT_3D('',#7159,#7160,#7161);
#7159 = CARTESIAN_POINT('',(1.3,-0.25,0.));
#7160 = DIRECTION('',(0.,0.,1.));
#7161 = DIRECTION('',(3.445092848398E-16,1.,-0.));
#7162 = ADVANCED_FACE('',(#7163),#7169,.F.);
#7163 = FACE_BOUND('',#7164,.F.);
#7164 = EDGE_LOOP('',(#7165,#7166,#7167,#7168));
#7165 = ORIENTED_EDGE('',*,*,#5704,.T.);
#7166 = ORIENTED_EDGE('',*,*,#7057,.T.);
#7167 = ORIENTED_EDGE('',*,*,#5631,.F.);
#7168 = ORIENTED_EDGE('',*,*,#7152,.F.);
#7169 = PLANE('',#7170);
#7170 = AXIS2_PLACEMENT_3D('',#7171,#7172,#7173);
#7171 = CARTESIAN_POINT('',(1.5,-0.37,0.));
#7172 = DIRECTION('',(-1.,3.445092848398E-16,0.));
#7173 = DIRECTION('',(3.445092848398E-16,1.,0.));
#7174 = ADVANCED_FACE('',(#7175),#7186,.F.);
#7175 = FACE_BOUND('',#7176,.F.);
#7176 = EDGE_LOOP('',(#7177,#7178,#7179,#7180));
#7177 = ORIENTED_EDGE('',*,*,#5718,.T.);
#7178 = ORIENTED_EDGE('',*,*,#5758,.T.);
#7179 = ORIENTED_EDGE('',*,*,#5782,.T.);
#7180 = ORIENTED_EDGE('',*,*,#7181,.T.);
#7181 = EDGE_CURVE('',#5783,#5719,#7182,.T.);
#7182 = LINE('',#7183,#7184);
#7183 = CARTESIAN_POINT('',(1.5,-0.87,0.));
#7184 = VECTOR('',#7185,1.);
#7185 = DIRECTION('',(3.445092848398E-16,1.,0.));
#7186 = PLANE('',#7187);
#7187 = AXIS2_PLACEMENT_3D('',#7188,#7189,#7190);
#7188 = CARTESIAN_POINT('',(1.3,-0.75,0.));
#7189 = DIRECTION('',(0.,0.,1.));
#7190 = DIRECTION('',(3.445092848398E-16,1.,-0.));
#7191 = ADVANCED_FACE('',(#7192),#7198,.F.);
#7192 = FACE_BOUND('',#7193,.F.);
#7193 = EDGE_LOOP('',(#7194,#7195,#7196,#7197));
#7194 = ORIENTED_EDGE('',*,*,#5801,.T.);
#7195 = ORIENTED_EDGE('',*,*,#7074,.T.);
#7196 = ORIENTED_EDGE('',*,*,#5728,.F.);
#7197 = ORIENTED_EDGE('',*,*,#7181,.F.);
#7198 = PLANE('',#7199);
#7199 = AXIS2_PLACEMENT_3D('',#7200,#7201,#7202);
#7200 = CARTESIAN_POINT('',(1.5,-0.87,0.));
#7201 = DIRECTION('',(-1.,3.445092848398E-16,0.));
#7202 = DIRECTION('',(3.445092848398E-16,1.,0.));
#7203 = ADVANCED_FACE('',(#7204),#7215,.T.);
#7204 = FACE_BOUND('',#7205,.T.);
#7205 = EDGE_LOOP('',(#7206,#7212,#7213,#7214));
#7206 = ORIENTED_EDGE('',*,*,#7207,.T.);
#7207 = EDGE_CURVE('',#6007,#5942,#7208,.T.);
#7208 = LINE('',#7209,#7210);
#7209 = CARTESIAN_POINT('',(0.63,-1.5,0.2));
#7210 = VECTOR('',#7211,1.);
#7211 = DIRECTION('',(1.,-5.665538897648E-16,0.));
#7212 = ORIENTED_EDGE('',*,*,#5949,.T.);
#7213 = ORIENTED_EDGE('',*,*,#5907,.T.);
#7214 = ORIENTED_EDGE('',*,*,#6006,.T.);
#7215 = PLANE('',#7216);
#7216 = AXIS2_PLACEMENT_3D('',#7217,#7218,#7219);
#7217 = CARTESIAN_POINT('',(0.75,-1.3,0.2));
#7218 = DIRECTION('',(0.,0.,1.));
#7219 = DIRECTION('',(1.,-5.665538897648E-16,0.));
#7220 = ADVANCED_FACE('',(#7221),#7232,.T.);
#7221 = FACE_BOUND('',#7222,.T.);
#7222 = EDGE_LOOP('',(#7223,#7229,#7230,#7231));
#7223 = ORIENTED_EDGE('',*,*,#7224,.T.);
#7224 = EDGE_CURVE('',#6104,#6039,#7225,.T.);
#7225 = LINE('',#7226,#7227);
#7226 = CARTESIAN_POINT('',(0.13,-1.5,0.2));
#7227 = VECTOR('',#7228,1.);
#7228 = DIRECTION('',(1.,-5.665538897648E-16,0.));
#7229 = ORIENTED_EDGE('',*,*,#6046,.T.);
#7230 = ORIENTED_EDGE('',*,*,#5884,.T.);
#7231 = ORIENTED_EDGE('',*,*,#6103,.T.);
#7232 = PLANE('',#7233);
#7233 = AXIS2_PLACEMENT_3D('',#7234,#7235,#7236);
#7234 = CARTESIAN_POINT('',(0.25,-1.3,0.2));
#7235 = DIRECTION('',(0.,0.,1.));
#7236 = DIRECTION('',(1.,-5.665538897648E-16,0.));
#7237 = ADVANCED_FACE('',(#7238),#7249,.T.);
#7238 = FACE_BOUND('',#7239,.T.);
#7239 = EDGE_LOOP('',(#7240,#7246,#7247,#7248));
#7240 = ORIENTED_EDGE('',*,*,#7241,.T.);
#7241 = EDGE_CURVE('',#6201,#6136,#7242,.T.);
#7242 = LINE('',#7243,#7244);
#7243 = CARTESIAN_POINT('',(-0.37,-1.5,0.2));
#7244 = VECTOR('',#7245,1.);
#7245 = DIRECTION('',(1.,-5.665538897648E-16,0.));
#7246 = ORIENTED_EDGE('',*,*,#6143,.T.);
#7247 = ORIENTED_EDGE('',*,*,#5861,.T.);
#7248 = ORIENTED_EDGE('',*,*,#6200,.T.);
#7249 = PLANE('',#7250);
#7250 = AXIS2_PLACEMENT_3D('',#7251,#7252,#7253);
#7251 = CARTESIAN_POINT('',(-0.25,-1.3,0.2));
#7252 = DIRECTION('',(0.,0.,1.));
#7253 = DIRECTION('',(1.,-5.665538897648E-16,0.));
#7254 = ADVANCED_FACE('',(#7255),#7266,.T.);
#7255 = FACE_BOUND('',#7256,.T.);
#7256 = EDGE_LOOP('',(#7257,#7263,#7264,#7265));
#7257 = ORIENTED_EDGE('',*,*,#7258,.T.);
#7258 = EDGE_CURVE('',#6298,#6233,#7259,.T.);
#7259 = LINE('',#7260,#7261);
#7260 = CARTESIAN_POINT('',(-0.87,-1.5,0.2));
#7261 = VECTOR('',#7262,1.);
#7262 = DIRECTION('',(1.,-5.665538897648E-16,0.));
#7263 = ORIENTED_EDGE('',*,*,#6240,.T.);
#7264 = ORIENTED_EDGE('',*,*,#5838,.T.);
#7265 = ORIENTED_EDGE('',*,*,#6297,.T.);
#7266 = PLANE('',#7267);
#7267 = AXIS2_PLACEMENT_3D('',#7268,#7269,#7270);
#7268 = CARTESIAN_POINT('',(-0.75,-1.3,0.2));
#7269 = DIRECTION('',(0.,0.,1.));
#7270 = DIRECTION('',(1.,-5.665538897648E-16,0.));
#7271 = ADVANCED_FACE('',(#7272),#7283,.F.);
#7272 = FACE_BOUND('',#7273,.F.);
#7273 = EDGE_LOOP('',(#7274,#7275,#7276,#7277));
#7274 = ORIENTED_EDGE('',*,*,#5931,.T.);
#7275 = ORIENTED_EDGE('',*,*,#5971,.T.);
#7276 = ORIENTED_EDGE('',*,*,#5995,.T.);
#7277 = ORIENTED_EDGE('',*,*,#7278,.T.);
#7278 = EDGE_CURVE('',#5996,#5932,#7279,.T.);
#7279 = LINE('',#7280,#7281);
#7280 = CARTESIAN_POINT('',(0.63,-1.5,0.));
#7281 = VECTOR('',#7282,1.);
#7282 = DIRECTION('',(1.,-5.665538897648E-16,0.));
#7283 = PLANE('',#7284);
#7284 = AXIS2_PLACEMENT_3D('',#7285,#7286,#7287);
#7285 = CARTESIAN_POINT('',(0.75,-1.3,0.));
#7286 = DIRECTION('',(0.,0.,1.));
#7287 = DIRECTION('',(1.,-5.665538897648E-16,0.));
#7288 = ADVANCED_FACE('',(#7289),#7295,.F.);
#7289 = FACE_BOUND('',#7290,.F.);
#7290 = EDGE_LOOP('',(#7291,#7292,#7293,#7294));
#7291 = ORIENTED_EDGE('',*,*,#6014,.T.);
#7292 = ORIENTED_EDGE('',*,*,#7207,.T.);
#7293 = ORIENTED_EDGE('',*,*,#5941,.F.);
#7294 = ORIENTED_EDGE('',*,*,#7278,.F.);
#7295 = PLANE('',#7296);
#7296 = AXIS2_PLACEMENT_3D('',#7297,#7298,#7299);
#7297 = CARTESIAN_POINT('',(0.63,-1.5,0.));
#7298 = DIRECTION('',(5.665538897648E-16,1.,0.));
#7299 = DIRECTION('',(1.,-5.665538897648E-16,0.));
#7300 = ADVANCED_FACE('',(#7301),#7312,.F.);
#7301 = FACE_BOUND('',#7302,.F.);
#7302 = EDGE_LOOP('',(#7303,#7304,#7305,#7306));
#7303 = ORIENTED_EDGE('',*,*,#6028,.T.);
#7304 = ORIENTED_EDGE('',*,*,#6068,.T.);
#7305 = ORIENTED_EDGE('',*,*,#6092,.T.);
#7306 = ORIENTED_EDGE('',*,*,#7307,.T.);
#7307 = EDGE_CURVE('',#6093,#6029,#7308,.T.);
#7308 = LINE('',#7309,#7310);
#7309 = CARTESIAN_POINT('',(0.13,-1.5,0.));
#7310 = VECTOR('',#7311,1.);
#7311 = DIRECTION('',(1.,-5.665538897648E-16,0.));
#7312 = PLANE('',#7313);
#7313 = AXIS2_PLACEMENT_3D('',#7314,#7315,#7316);
#7314 = CARTESIAN_POINT('',(0.25,-1.3,0.));
#7315 = DIRECTION('',(0.,0.,1.));
#7316 = DIRECTION('',(1.,-5.665538897648E-16,0.));
#7317 = ADVANCED_FACE('',(#7318),#7324,.F.);
#7318 = FACE_BOUND('',#7319,.F.);
#7319 = EDGE_LOOP('',(#7320,#7321,#7322,#7323));
#7320 = ORIENTED_EDGE('',*,*,#6111,.T.);
#7321 = ORIENTED_EDGE('',*,*,#7224,.T.);
#7322 = ORIENTED_EDGE('',*,*,#6038,.F.);
#7323 = ORIENTED_EDGE('',*,*,#7307,.F.);
#7324 = PLANE('',#7325);
#7325 = AXIS2_PLACEMENT_3D('',#7326,#7327,#7328);
#7326 = CARTESIAN_POINT('',(0.13,-1.5,0.));
#7327 = DIRECTION('',(5.665538897648E-16,1.,0.));
#7328 = DIRECTION('',(1.,-5.665538897648E-16,0.));
#7329 = ADVANCED_FACE('',(#7330),#7341,.F.);
#7330 = FACE_BOUND('',#7331,.F.);
#7331 = EDGE_LOOP('',(#7332,#7333,#7334,#7335));
#7332 = ORIENTED_EDGE('',*,*,#6125,.T.);
#7333 = ORIENTED_EDGE('',*,*,#6165,.T.);
#7334 = ORIENTED_EDGE('',*,*,#6189,.T.);
#7335 = ORIENTED_EDGE('',*,*,#7336,.T.);
#7336 = EDGE_CURVE('',#6190,#6126,#7337,.T.);
#7337 = LINE('',#7338,#7339);
#7338 = CARTESIAN_POINT('',(-0.37,-1.5,0.));
#7339 = VECTOR('',#7340,1.);
#7340 = DIRECTION('',(1.,-5.665538897648E-16,0.));
#7341 = PLANE('',#7342);
#7342 = AXIS2_PLACEMENT_3D('',#7343,#7344,#7345);
#7343 = CARTESIAN_POINT('',(-0.25,-1.3,0.));
#7344 = DIRECTION('',(0.,0.,1.));
#7345 = DIRECTION('',(1.,-5.665538897648E-16,0.));
#7346 = ADVANCED_FACE('',(#7347),#7353,.F.);
#7347 = FACE_BOUND('',#7348,.F.);
#7348 = EDGE_LOOP('',(#7349,#7350,#7351,#7352));
#7349 = ORIENTED_EDGE('',*,*,#6208,.T.);
#7350 = ORIENTED_EDGE('',*,*,#7241,.T.);
#7351 = ORIENTED_EDGE('',*,*,#6135,.F.);
#7352 = ORIENTED_EDGE('',*,*,#7336,.F.);
#7353 = PLANE('',#7354);
#7354 = AXIS2_PLACEMENT_3D('',#7355,#7356,#7357);
#7355 = CARTESIAN_POINT('',(-0.37,-1.5,0.));
#7356 = DIRECTION('',(5.665538897648E-16,1.,0.));
#7357 = DIRECTION('',(1.,-5.665538897648E-16,0.));
#7358 = ADVANCED_FACE('',(#7359),#7370,.F.);
#7359 = FACE_BOUND('',#7360,.F.);
#7360 = EDGE_LOOP('',(#7361,#7362,#7363,#7364));
#7361 = ORIENTED_EDGE('',*,*,#6222,.T.);
#7362 = ORIENTED_EDGE('',*,*,#6262,.T.);
#7363 = ORIENTED_EDGE('',*,*,#6286,.T.);
#7364 = ORIENTED_EDGE('',*,*,#7365,.T.);
#7365 = EDGE_CURVE('',#6287,#6223,#7366,.T.);
#7366 = LINE('',#7367,#7368);
#7367 = CARTESIAN_POINT('',(-0.87,-1.5,0.));
#7368 = VECTOR('',#7369,1.);
#7369 = DIRECTION('',(1.,-5.665538897648E-16,0.));
#7370 = PLANE('',#7371);
#7371 = AXIS2_PLACEMENT_3D('',#7372,#7373,#7374);
#7372 = CARTESIAN_POINT('',(-0.75,-1.3,0.));
#7373 = DIRECTION('',(0.,0.,1.));
#7374 = DIRECTION('',(1.,-5.665538897648E-16,0.));
#7375 = ADVANCED_FACE('',(#7376),#7382,.F.);
#7376 = FACE_BOUND('',#7377,.F.);
#7377 = EDGE_LOOP('',(#7378,#7379,#7380,#7381));
#7378 = ORIENTED_EDGE('',*,*,#6305,.T.);
#7379 = ORIENTED_EDGE('',*,*,#7258,.T.);
#7380 = ORIENTED_EDGE('',*,*,#6232,.F.);
#7381 = ORIENTED_EDGE('',*,*,#7365,.F.);
#7382 = PLANE('',#7383);
#7383 = AXIS2_PLACEMENT_3D('',#7384,#7385,#7386);
#7384 = CARTESIAN_POINT('',(-0.87,-1.5,0.));
#7385 = DIRECTION('',(5.665538897648E-16,1.,0.));
#7386 = DIRECTION('',(1.,-5.665538897648E-16,0.));
#7387 = ADVANCED_FACE('',(#7388),#7399,.T.);
#7388 = FACE_BOUND('',#7389,.T.);
#7389 = EDGE_LOOP('',(#7390,#7396,#7397,#7398));
#7390 = ORIENTED_EDGE('',*,*,#7391,.T.);
#7391 = EDGE_CURVE('',#6795,#6730,#7392,.T.);
#7392 = LINE('',#7393,#7394);
#7393 = CARTESIAN_POINT('',(-1.5,0.87,0.2));
#7394 = VECTOR('',#7395,1.);
#7395 = DIRECTION('',(-4.669739647545E-16,-1.,0.));
#7396 = ORIENTED_EDGE('',*,*,#6737,.T.);
#7397 = ORIENTED_EDGE('',*,*,#6406,.F.);
#7398 = ORIENTED_EDGE('',*,*,#6794,.T.);
#7399 = PLANE('',#7400);
#7400 = AXIS2_PLACEMENT_3D('',#7401,#7402,#7403);
#7401 = CARTESIAN_POINT('',(-1.3,0.75,0.2));
#7402 = DIRECTION('',(0.,0.,1.));
#7403 = DIRECTION('',(-4.669739647545E-16,-1.,0.));
#7404 = ADVANCED_FACE('',(#7405),#7416,.T.);
#7405 = FACE_BOUND('',#7406,.T.);
#7406 = EDGE_LOOP('',(#7407,#7413,#7414,#7415));
#7407 = ORIENTED_EDGE('',*,*,#7408,.T.);
#7408 = EDGE_CURVE('',#6698,#6633,#7409,.T.);
#7409 = LINE('',#7410,#7411);
#7410 = CARTESIAN_POINT('',(-1.5,0.37,0.2));
#7411 = VECTOR('',#7412,1.);
#7412 = DIRECTION('',(-4.669739647545E-16,-1.,0.));
#7413 = ORIENTED_EDGE('',*,*,#6640,.T.);
#7414 = ORIENTED_EDGE('',*,*,#6383,.F.);
#7415 = ORIENTED_EDGE('',*,*,#6697,.T.);
#7416 = PLANE('',#7417);
#7417 = AXIS2_PLACEMENT_3D('',#7418,#7419,#7420);
#7418 = CARTESIAN_POINT('',(-1.3,0.25,0.2));
#7419 = DIRECTION('',(0.,0.,1.));
#7420 = DIRECTION('',(-4.669739647545E-16,-1.,0.));
#7421 = ADVANCED_FACE('',(#7422),#7433,.T.);
#7422 = FACE_BOUND('',#7423,.T.);
#7423 = EDGE_LOOP('',(#7424,#7430,#7431,#7432));
#7424 = ORIENTED_EDGE('',*,*,#7425,.T.);
#7425 = EDGE_CURVE('',#6601,#6536,#7426,.T.);
#7426 = LINE('',#7427,#7428);
#7427 = CARTESIAN_POINT('',(-1.5,-0.13,0.2));
#7428 = VECTOR('',#7429,1.);
#7429 = DIRECTION('',(-4.669739647545E-16,-1.,0.));
#7430 = ORIENTED_EDGE('',*,*,#6543,.T.);
#7431 = ORIENTED_EDGE('',*,*,#6360,.F.);
#7432 = ORIENTED_EDGE('',*,*,#6600,.T.);
#7433 = PLANE('',#7434);
#7434 = AXIS2_PLACEMENT_3D('',#7435,#7436,#7437);
#7435 = CARTESIAN_POINT('',(-1.3,-0.25,0.2));
#7436 = DIRECTION('',(0.,0.,1.));
#7437 = DIRECTION('',(-4.669739647545E-16,-1.,0.));
#7438 = ADVANCED_FACE('',(#7439),#7450,.T.);
#7439 = FACE_BOUND('',#7440,.T.);
#7440 = EDGE_LOOP('',(#7441,#7447,#7448,#7449));
#7441 = ORIENTED_EDGE('',*,*,#7442,.T.);
#7442 = EDGE_CURVE('',#6504,#6439,#7443,.T.);
#7443 = LINE('',#7444,#7445);
#7444 = CARTESIAN_POINT('',(-1.5,-0.63,0.2));
#7445 = VECTOR('',#7446,1.);
#7446 = DIRECTION('',(-4.669739647545E-16,-1.,0.));
#7447 = ORIENTED_EDGE('',*,*,#6446,.T.);
#7448 = ORIENTED_EDGE('',*,*,#6337,.F.);
#7449 = ORIENTED_EDGE('',*,*,#6503,.T.);
#7450 = PLANE('',#7451);
#7451 = AXIS2_PLACEMENT_3D('',#7452,#7453,#7454);
#7452 = CARTESIAN_POINT('',(-1.3,-0.75,0.2));
#7453 = DIRECTION('',(0.,0.,1.));
#7454 = DIRECTION('',(-4.669739647545E-16,-1.,0.));
#7455 = ADVANCED_FACE('',(#7456),#7467,.F.);
#7456 = FACE_BOUND('',#7457,.F.);
#7457 = EDGE_LOOP('',(#7458,#7459,#7460,#7461));
#7458 = ORIENTED_EDGE('',*,*,#6428,.T.);
#7459 = ORIENTED_EDGE('',*,*,#6468,.T.);
#7460 = ORIENTED_EDGE('',*,*,#6492,.T.);
#7461 = ORIENTED_EDGE('',*,*,#7462,.T.);
#7462 = EDGE_CURVE('',#6493,#6429,#7463,.T.);
#7463 = LINE('',#7464,#7465);
#7464 = CARTESIAN_POINT('',(-1.5,-0.63,0.));
#7465 = VECTOR('',#7466,1.);
#7466 = DIRECTION('',(-4.669739647545E-16,-1.,0.));
#7467 = PLANE('',#7468);
#7468 = AXIS2_PLACEMENT_3D('',#7469,#7470,#7471);
#7469 = CARTESIAN_POINT('',(-1.3,-0.75,0.));
#7470 = DIRECTION('',(0.,0.,1.));
#7471 = DIRECTION('',(-4.669739647545E-16,-1.,0.));
#7472 = ADVANCED_FACE('',(#7473),#7479,.F.);
#7473 = FACE_BOUND('',#7474,.F.);
#7474 = EDGE_LOOP('',(#7475,#7476,#7477,#7478));
#7475 = ORIENTED_EDGE('',*,*,#6511,.T.);
#7476 = ORIENTED_EDGE('',*,*,#7442,.T.);
#7477 = ORIENTED_EDGE('',*,*,#6438,.F.);
#7478 = ORIENTED_EDGE('',*,*,#7462,.F.);
#7479 = PLANE('',#7480);
#7480 = AXIS2_PLACEMENT_3D('',#7481,#7482,#7483);
#7481 = CARTESIAN_POINT('',(-1.5,-0.63,0.));
#7482 = DIRECTION('',(1.,-4.669739647545E-16,0.));
#7483 = DIRECTION('',(-4.669739647545E-16,-1.,0.));
#7484 = ADVANCED_FACE('',(#7485),#7496,.F.);
#7485 = FACE_BOUND('',#7486,.F.);
#7486 = EDGE_LOOP('',(#7487,#7488,#7489,#7490));
#7487 = ORIENTED_EDGE('',*,*,#6525,.T.);
#7488 = ORIENTED_EDGE('',*,*,#6565,.T.);
#7489 = ORIENTED_EDGE('',*,*,#6589,.T.);
#7490 = ORIENTED_EDGE('',*,*,#7491,.T.);
#7491 = EDGE_CURVE('',#6590,#6526,#7492,.T.);
#7492 = LINE('',#7493,#7494);
#7493 = CARTESIAN_POINT('',(-1.5,-0.13,0.));
#7494 = VECTOR('',#7495,1.);
#7495 = DIRECTION('',(-4.669739647545E-16,-1.,0.));
#7496 = PLANE('',#7497);
#7497 = AXIS2_PLACEMENT_3D('',#7498,#7499,#7500);
#7498 = CARTESIAN_POINT('',(-1.3,-0.25,0.));
#7499 = DIRECTION('',(0.,0.,1.));
#7500 = DIRECTION('',(-4.669739647545E-16,-1.,0.));
#7501 = ADVANCED_FACE('',(#7502),#7508,.F.);
#7502 = FACE_BOUND('',#7503,.F.);
#7503 = EDGE_LOOP('',(#7504,#7505,#7506,#7507));
#7504 = ORIENTED_EDGE('',*,*,#6608,.T.);
#7505 = ORIENTED_EDGE('',*,*,#7425,.T.);
#7506 = ORIENTED_EDGE('',*,*,#6535,.F.);
#7507 = ORIENTED_EDGE('',*,*,#7491,.F.);
#7508 = PLANE('',#7509);
#7509 = AXIS2_PLACEMENT_3D('',#7510,#7511,#7512);
#7510 = CARTESIAN_POINT('',(-1.5,-0.13,0.));
#7511 = DIRECTION('',(1.,-4.669739647545E-16,0.));
#7512 = DIRECTION('',(-4.669739647545E-16,-1.,0.));
#7513 = ADVANCED_FACE('',(#7514),#7525,.F.);
#7514 = FACE_BOUND('',#7515,.F.);
#7515 = EDGE_LOOP('',(#7516,#7517,#7518,#7519));
#7516 = ORIENTED_EDGE('',*,*,#6622,.T.);
#7517 = ORIENTED_EDGE('',*,*,#6662,.T.);
#7518 = ORIENTED_EDGE('',*,*,#6686,.T.);
#7519 = ORIENTED_EDGE('',*,*,#7520,.T.);
#7520 = EDGE_CURVE('',#6687,#6623,#7521,.T.);
#7521 = LINE('',#7522,#7523);
#7522 = CARTESIAN_POINT('',(-1.5,0.37,0.));
#7523 = VECTOR('',#7524,1.);
#7524 = DIRECTION('',(-4.669739647545E-16,-1.,0.));
#7525 = PLANE('',#7526);
#7526 = AXIS2_PLACEMENT_3D('',#7527,#7528,#7529);
#7527 = CARTESIAN_POINT('',(-1.3,0.25,0.));
#7528 = DIRECTION('',(0.,0.,1.));
#7529 = DIRECTION('',(-4.669739647545E-16,-1.,0.));
#7530 = ADVANCED_FACE('',(#7531),#7537,.F.);
#7531 = FACE_BOUND('',#7532,.F.);
#7532 = EDGE_LOOP('',(#7533,#7534,#7535,#7536));
#7533 = ORIENTED_EDGE('',*,*,#6705,.T.);
#7534 = ORIENTED_EDGE('',*,*,#7408,.T.);
#7535 = ORIENTED_EDGE('',*,*,#6632,.F.);
#7536 = ORIENTED_EDGE('',*,*,#7520,.F.);
#7537 = PLANE('',#7538);
#7538 = AXIS2_PLACEMENT_3D('',#7539,#7540,#7541);
#7539 = CARTESIAN_POINT('',(-1.5,0.37,0.));
#7540 = DIRECTION('',(1.,-4.669739647545E-16,0.));
#7541 = DIRECTION('',(-4.669739647545E-16,-1.,0.));
#7542 = ADVANCED_FACE('',(#7543),#7554,.F.);
#7543 = FACE_BOUND('',#7544,.F.);
#7544 = EDGE_LOOP('',(#7545,#7546,#7547,#7548));
#7545 = ORIENTED_EDGE('',*,*,#6719,.T.);
#7546 = ORIENTED_EDGE('',*,*,#6759,.T.);
#7547 = ORIENTED_EDGE('',*,*,#6783,.T.);
#7548 = ORIENTED_EDGE('',*,*,#7549,.T.);
#7549 = EDGE_CURVE('',#6784,#6720,#7550,.T.);
#7550 = LINE('',#7551,#7552);
#7551 = CARTESIAN_POINT('',(-1.5,0.87,0.));
#7552 = VECTOR('',#7553,1.);
#7553 = DIRECTION('',(-4.669739647545E-16,-1.,0.));
#7554 = PLANE('',#7555);
#7555 = AXIS2_PLACEMENT_3D('',#7556,#7557,#7558);
#7556 = CARTESIAN_POINT('',(-1.3,0.75,0.));
#7557 = DIRECTION('',(0.,0.,1.));
#7558 = DIRECTION('',(-4.669739647545E-16,-1.,0.));
#7559 = ADVANCED_FACE('',(#7560),#7566,.F.);
#7560 = FACE_BOUND('',#7561,.F.);
#7561 = EDGE_LOOP('',(#7562,#7563,#7564,#7565));
#7562 = ORIENTED_EDGE('',*,*,#6802,.T.);
#7563 = ORIENTED_EDGE('',*,*,#7391,.T.);
#7564 = ORIENTED_EDGE('',*,*,#6729,.F.);
#7565 = ORIENTED_EDGE('',*,*,#7549,.F.);
#7566 = PLANE('',#7567);
#7567 = AXIS2_PLACEMENT_3D('',#7568,#7569,#7570);
#7568 = CARTESIAN_POINT('',(-1.5,0.87,0.));
#7569 = DIRECTION('',(1.,-4.669739647545E-16,0.));
#7570 = DIRECTION('',(-4.669739647545E-16,-1.,0.));
#7571 = ADVANCED_FACE('',(#7572),#7591,.F.);
#7572 = FACE_BOUND('',#7573,.F.);
#7573 = EDGE_LOOP('',(#7574,#7582,#7589,#7590));
#7574 = ORIENTED_EDGE('',*,*,#7575,.T.);
#7575 = EDGE_CURVE('',#6823,#7576,#7578,.T.);
#7576 = VERTEX_POINT('',#7577);
#7577 = CARTESIAN_POINT('',(-1.,0.9,0.7));
#7578 = LINE('',#7579,#7580);
#7579 = CARTESIAN_POINT('',(-1.,0.9,0.9));
#7580 = VECTOR('',#7581,1.);
#7581 = DIRECTION('',(-0.,0.,-1.));
#7582 = ORIENTED_EDGE('',*,*,#7583,.T.);
#7583 = EDGE_CURVE('',#7576,#7576,#7584,.T.);
#7584 = CIRCLE('',#7585,0.1);
#7585 = AXIS2_PLACEMENT_3D('',#7586,#7587,#7588);
#7586 = CARTESIAN_POINT('',(-1.,1.,0.7));
#7587 = DIRECTION('',(0.,0.,1.));
#7588 = DIRECTION('',(-2.22044604925E-16,-1.,0.));
#7589 = ORIENTED_EDGE('',*,*,#7575,.F.);
#7590 = ORIENTED_EDGE('',*,*,#6822,.T.);
#7591 = CYLINDRICAL_SURFACE('',#7592,0.1);
#7592 = AXIS2_PLACEMENT_3D('',#7593,#7594,#7595);
#7593 = CARTESIAN_POINT('',(-1.,1.,0.9));
#7594 = DIRECTION('',(0.,0.,-1.));
#7595 = DIRECTION('',(-2.22044604925E-16,-1.,-0.));
#7596 = ADVANCED_FACE('',(#7597),#7600,.T.);
#7597 = FACE_BOUND('',#7598,.T.);
#7598 = EDGE_LOOP('',(#7599));
#7599 = ORIENTED_EDGE('',*,*,#7583,.T.);
#7600 = PLANE('',#7601);
#7601 = AXIS2_PLACEMENT_3D('',#7602,#7603,#7604);
#7602 = CARTESIAN_POINT('',(-1.,1.,0.7));
#7603 = DIRECTION('',(0.,0.,1.));
#7604 = DIRECTION('',(-2.22044604925E-16,-1.,0.));
#7605 = ( GEOMETRIC_REPRESENTATION_CONTEXT(3) 
GLOBAL_UNCERTAINTY_ASSIGNED_CONTEXT((#7609)) 
GLOBAL_UNIT_ASSIGNED_CONTEXT((#7606,#7607,#7608)) REPRESENTATION_CONTEXT
('Context #1','3D Context with UNIT and UNCERTAINTY') );
#7606 = ( LENGTH_UNIT() NAMED_UNIT(*) SI_UNIT(.MILLI.,.METRE.) );
#7607 = ( NAMED_UNIT(*) PLANE_ANGLE_UNIT() SI_UNIT($,.RADIAN.) );
#7608 = ( NAMED_UNIT(*) SI_UNIT($,.STERADIAN.) SOLID_ANGLE_UNIT() );
#7609 = UNCERTAINTY_MEASURE_WITH_UNIT(LENGTH_MEASURE(1.E-07),#7606,
  'distance_accuracy_value','confusion accuracy');
#7610 = CONTEXT_DEPENDENT_SHAPE_REPRESENTATION(#7611,#7613);
#7611 = ( REPRESENTATION_RELATIONSHIP('','',#4066,#4043) 
REPRESENTATION_RELATIONSHIP_WITH_TRANSFORMATION(#7612) 
SHAPE_REPRESENTATION_RELATIONSHIP() );
#7612 = ITEM_DEFINED_TRANSFORMATION('','',#11,#4044);
#7613 = PRODUCT_DEFINITION_SHAPE('Placement','Placement of an item',
  #7614);
#7614 = NEXT_ASSEMBLY_USAGE_OCCURRENCE('10','=>[0:1:1:9]','',#4038,#4061
  ,$);
#7615 = PRODUCT_RELATED_PRODUCT_CATEGORY('part',$,(#4063));
#7616 = CONTEXT_DEPENDENT_SHAPE_REPRESENTATION(#7617,#7619);
#7617 = ( REPRESENTATION_RELATIONSHIP('','',#184,#10) 
REPRESENTATION_RELATIONSHIP_WITH_TRANSFORMATION(#7618) 
SHAPE_REPRESENTATION_RELATIONSHIP() );
#7618 = ITEM_DEFINED_TRANSFORMATION('','',#11,#43);
#7619 = PRODUCT_DEFINITION_SHAPE('Placement','Placement of an item',
  #7620);
#7620 = NEXT_ASSEMBLY_USAGE_OCCURRENCE('12','R3','',#5,#179,$);
#7621 = SHAPE_DEFINITION_REPRESENTATION(#7622,#7628);
#7622 = PRODUCT_DEFINITION_SHAPE('','',#7623);
#7623 = PRODUCT_DEFINITION('design','',#7624,#7627);
#7624 = PRODUCT_DEFINITION_FORMATION('','',#7625);
#7625 = PRODUCT('D_SOD-123','D_SOD-123','',(#7626));
#7626 = PRODUCT_CONTEXT('',#2,'mechanical');
#7627 = PRODUCT_DEFINITION_CONTEXT('part definition',#2,'design');
#7628 = SHAPE_REPRESENTATION('',(#11,#7629),#7633);
#7629 = AXIS2_PLACEMENT_3D('',#7630,#7631,#7632);
#7630 = CARTESIAN_POINT('',(0.,0.,0.));
#7631 = DIRECTION('',(0.,0.,1.));
#7632 = DIRECTION('',(1.,0.,-0.));
#7633 = ( GEOMETRIC_REPRESENTATION_CONTEXT(3) 
GLOBAL_UNCERTAINTY_ASSIGNED_CONTEXT((#7637)) 
GLOBAL_UNIT_ASSIGNED_CONTEXT((#7634,#7635,#7636)) REPRESENTATION_CONTEXT
('Context #1','3D Context with UNIT and UNCERTAINTY') );
#7634 = ( LENGTH_UNIT() NAMED_UNIT(*) SI_UNIT(.MILLI.,.METRE.) );
#7635 = ( NAMED_UNIT(*) PLANE_ANGLE_UNIT() SI_UNIT($,.RADIAN.) );
#7636 = ( NAMED_UNIT(*) SI_UNIT($,.STERADIAN.) SOLID_ANGLE_UNIT() );
#7637 = UNCERTAINTY_MEASURE_WITH_UNIT(LENGTH_MEASURE(2.E-06),#7634,
  'distance_accuracy_value','confusion accuracy');
#7638 = CONTEXT_DEPENDENT_SHAPE_REPRESENTATION(#7639,#7641);
#7639 = ( REPRESENTATION_RELATIONSHIP('','',#7628,#10) 
REPRESENTATION_RELATIONSHIP_WITH_TRANSFORMATION(#7640) 
SHAPE_REPRESENTATION_RELATIONSHIP() );
#7640 = ITEM_DEFINED_TRANSFORMATION('','',#11,#47);
#7641 = PRODUCT_DEFINITION_SHAPE('Placement','Placement of an item',
  #7642);
#7642 = NEXT_ASSEMBLY_USAGE_OCCURRENCE('14','D1','',#5,#7623,$);
#7643 = PRODUCT_RELATED_PRODUCT_CATEGORY('part',$,(#7625));
#7644 = SHAPE_DEFINITION_REPRESENTATION(#7645,#7651);
#7645 = PRODUCT_DEFINITION_SHAPE('','',#7646);
#7646 = PRODUCT_DEFINITION('design','',#7647,#7650);
#7647 = PRODUCT_DEFINITION_FORMATION('','',#7648);
#7648 = PRODUCT('D_SOD_123','D_SOD_123','',(#7649));
#7649 = PRODUCT_CONTEXT('',#2,'mechanical');
#7650 = PRODUCT_DEFINITION_CONTEXT('part definition',#2,'design');
#7651 = ADVANCED_BREP_SHAPE_REPRESENTATION('',(#11,#7652),#9452);
#7652 = MANIFOLD_SOLID_BREP('',#7653);
#7653 = CLOSED_SHELL('',(#7654,#7694,#7727,#7760,#7827,#7894,#7939,#7956
    ,#7979,#8001,#8018,#8035,#8052,#8064,#8087,#8150,#8173,#8196,#8219,
    #8249,#8273,#8296,#8319,#8364,#8387,#8404,#8427,#8444,#8467,#8490,
    #8521,#8544,#8567,#8597,#8627,#8660,#8677,#8694,#8717,#8740,#8830,
    #8846,#8869,#8899,#8974,#9049,#9079,#9096,#9113,#9130,#9146,#9173,
    #9189,#9201,#9213,#9244,#9268,#9292,#9309,#9326,#9343,#9360,#9377,
    #9394,#9411,#9428,#9440));
#7654 = ADVANCED_FACE('',(#7655),#7689,.F.);
#7655 = FACE_BOUND('',#7656,.F.);
#7656 = EDGE_LOOP('',(#7657,#7667,#7675,#7683));
#7657 = ORIENTED_EDGE('',*,*,#7658,.T.);
#7658 = EDGE_CURVE('',#7659,#7661,#7663,.T.);
#7659 = VERTEX_POINT('',#7660);
#7660 = CARTESIAN_POINT('',(1.495,0.325,0.455));
#7661 = VERTEX_POINT('',#7662);
#7662 = CARTESIAN_POINT('',(1.495,-0.325,0.455));
#7663 = LINE('',#7664,#7665);
#7664 = CARTESIAN_POINT('',(1.495,0.325,0.455));
#7665 = VECTOR('',#7666,1.);
#7666 = DIRECTION('',(-2.22044604925E-16,-1.,0.));
#7667 = ORIENTED_EDGE('',*,*,#7668,.T.);
#7668 = EDGE_CURVE('',#7661,#7669,#7671,.T.);
#7669 = VERTEX_POINT('',#7670);
#7670 = CARTESIAN_POINT('',(1.495,-0.325,0.32));
#7671 = LINE('',#7672,#7673);
#7672 = CARTESIAN_POINT('',(1.495,-0.325,0.455));
#7673 = VECTOR('',#7674,1.);
#7674 = DIRECTION('',(0.,-0.,-1.));
#7675 = ORIENTED_EDGE('',*,*,#7676,.F.);
#7676 = EDGE_CURVE('',#7677,#7669,#7679,.T.);
#7677 = VERTEX_POINT('',#7678);
#7678 = CARTESIAN_POINT('',(1.495,0.325,0.32));
#7679 = LINE('',#7680,#7681);
#7680 = CARTESIAN_POINT('',(1.495,0.325,0.32));
#7681 = VECTOR('',#7682,1.);
#7682 = DIRECTION('',(-2.22044604925E-16,-1.,0.));
#7683 = ORIENTED_EDGE('',*,*,#7684,.F.);
#7684 = EDGE_CURVE('',#7659,#7677,#7685,.T.);
#7685 = LINE('',#7686,#7687);
#7686 = CARTESIAN_POINT('',(1.495,0.325,0.455));
#7687 = VECTOR('',#7688,1.);
#7688 = DIRECTION('',(0.,-0.,-1.));
#7689 = PLANE('',#7690);
#7690 = AXIS2_PLACEMENT_3D('',#7691,#7692,#7693);
#7691 = CARTESIAN_POINT('',(1.495,0.325,0.455));
#7692 = DIRECTION('',(1.,-2.22044604925E-16,0.));
#7693 = DIRECTION('',(0.,-0.,-1.));
#7694 = ADVANCED_FACE('',(#7695),#7722,.F.);
#7695 = FACE_BOUND('',#7696,.F.);
#7696 = EDGE_LOOP('',(#7697,#7707,#7714,#7715));
#7697 = ORIENTED_EDGE('',*,*,#7698,.T.);
#7698 = EDGE_CURVE('',#7699,#7701,#7703,.T.);
#7699 = VERTEX_POINT('',#7700);
#7700 = CARTESIAN_POINT('',(1.375,0.325,0.575));
#7701 = VERTEX_POINT('',#7702);
#7702 = CARTESIAN_POINT('',(1.375,-0.325,0.575));
#7703 = LINE('',#7704,#7705);
#7704 = CARTESIAN_POINT('',(1.375,0.325,0.575));
#7705 = VECTOR('',#7706,1.);
#7706 = DIRECTION('',(-2.22044604925E-16,-1.,0.));
#7707 = ORIENTED_EDGE('',*,*,#7708,.T.);
#7708 = EDGE_CURVE('',#7701,#7661,#7709,.T.);
#7709 = CIRCLE('',#7710,0.12);
#7710 = AXIS2_PLACEMENT_3D('',#7711,#7712,#7713);
#7711 = CARTESIAN_POINT('',(1.375,-0.325,0.455));
#7712 = DIRECTION('',(2.22044604925E-16,1.,0.));
#7713 = DIRECTION('',(-9.251858538543E-16,2.054325274013E-31,1.));
#7714 = ORIENTED_EDGE('',*,*,#7658,.F.);
#7715 = ORIENTED_EDGE('',*,*,#7716,.F.);
#7716 = EDGE_CURVE('',#7699,#7659,#7717,.T.);
#7717 = CIRCLE('',#7718,0.12);
#7718 = AXIS2_PLACEMENT_3D('',#7719,#7720,#7721);
#7719 = CARTESIAN_POINT('',(1.375,0.325,0.455));
#7720 = DIRECTION('',(2.22044604925E-16,1.,0.));
#7721 = DIRECTION('',(-9.251858538543E-16,2.054325274013E-31,1.));
#7722 = CYLINDRICAL_SURFACE('',#7723,0.12);
#7723 = AXIS2_PLACEMENT_3D('',#7724,#7725,#7726);
#7724 = CARTESIAN_POINT('',(1.375,0.325,0.455));
#7725 = DIRECTION('',(2.22044604925E-16,1.,0.));
#7726 = DIRECTION('',(-9.251858538543E-16,2.054325274013E-31,1.));
#7727 = ADVANCED_FACE('',(#7728),#7755,.T.);
#7728 = FACE_BOUND('',#7729,.T.);
#7729 = EDGE_LOOP('',(#7730,#7739,#7747,#7754));
#7730 = ORIENTED_EDGE('',*,*,#7731,.T.);
#7731 = EDGE_CURVE('',#7677,#7732,#7734,.T.);
#7732 = VERTEX_POINT('',#7733);
#7733 = CARTESIAN_POINT('',(1.815,0.325,-5.551115123126E-17));
#7734 = CIRCLE('',#7735,0.32);
#7735 = AXIS2_PLACEMENT_3D('',#7736,#7737,#7738);
#7736 = CARTESIAN_POINT('',(1.815,0.325,0.32));
#7737 = DIRECTION('',(-2.22044604925E-16,-1.,0.));
#7738 = DIRECTION('',(-1.,2.22044604925E-16,-8.673617379884E-16));
#7739 = ORIENTED_EDGE('',*,*,#7740,.T.);
#7740 = EDGE_CURVE('',#7732,#7741,#7743,.T.);
#7741 = VERTEX_POINT('',#7742);
#7742 = CARTESIAN_POINT('',(1.815,-0.325,-5.551115123126E-17));
#7743 = LINE('',#7744,#7745);
#7744 = CARTESIAN_POINT('',(1.815,0.325,-5.551115123126E-17));
#7745 = VECTOR('',#7746,1.);
#7746 = DIRECTION('',(-2.22044604925E-16,-1.,0.));
#7747 = ORIENTED_EDGE('',*,*,#7748,.F.);
#7748 = EDGE_CURVE('',#7669,#7741,#7749,.T.);
#7749 = CIRCLE('',#7750,0.32);
#7750 = AXIS2_PLACEMENT_3D('',#7751,#7752,#7753);
#7751 = CARTESIAN_POINT('',(1.815,-0.325,0.32));
#7752 = DIRECTION('',(-2.22044604925E-16,-1.,0.));
#7753 = DIRECTION('',(-1.,2.22044604925E-16,-8.673617379884E-16));
#7754 = ORIENTED_EDGE('',*,*,#7676,.F.);
#7755 = CYLINDRICAL_SURFACE('',#7756,0.32);
#7756 = AXIS2_PLACEMENT_3D('',#7757,#7758,#7759);
#7757 = CARTESIAN_POINT('',(1.815,0.325,0.32));
#7758 = DIRECTION('',(2.22044604925E-16,1.,-0.));
#7759 = DIRECTION('',(-1.,2.22044604925E-16,-8.673617379884E-16));
#7760 = ADVANCED_FACE('',(#7761),#7822,.F.);
#7761 = FACE_BOUND('',#7762,.F.);
#7762 = EDGE_LOOP('',(#7763,#7771,#7772,#7773,#7774,#7782,#7790,#7798,
    #7807,#7815));
#7763 = ORIENTED_EDGE('',*,*,#7764,.F.);
#7764 = EDGE_CURVE('',#7699,#7765,#7767,.T.);
#7765 = VERTEX_POINT('',#7766);
#7766 = CARTESIAN_POINT('',(1.375,0.325,0.775));
#7767 = LINE('',#7768,#7769);
#7768 = CARTESIAN_POINT('',(1.375,0.325,0.576887451393));
#7769 = VECTOR('',#7770,1.);
#7770 = DIRECTION('',(0.,0.,1.));
#7771 = ORIENTED_EDGE('',*,*,#7716,.T.);
#7772 = ORIENTED_EDGE('',*,*,#7684,.T.);
#7773 = ORIENTED_EDGE('',*,*,#7731,.T.);
#7774 = ORIENTED_EDGE('',*,*,#7775,.T.);
#7775 = EDGE_CURVE('',#7732,#7776,#7778,.T.);
#7776 = VERTEX_POINT('',#7777);
#7777 = CARTESIAN_POINT('',(1.9,0.325,-5.551115123126E-17));
#7778 = LINE('',#7779,#7780);
#7779 = CARTESIAN_POINT('',(1.815,0.325,-5.551115123126E-17));
#7780 = VECTOR('',#7781,1.);
#7781 = DIRECTION('',(1.,-2.22044604925E-16,0.));
#7782 = ORIENTED_EDGE('',*,*,#7783,.T.);
#7783 = EDGE_CURVE('',#7776,#7784,#7786,.T.);
#7784 = VERTEX_POINT('',#7785);
#7785 = CARTESIAN_POINT('',(1.9,0.325,0.2));
#7786 = LINE('',#7787,#7788);
#7787 = CARTESIAN_POINT('',(1.9,0.325,-5.551115123126E-17));
#7788 = VECTOR('',#7789,1.);
#7789 = DIRECTION('',(0.,0.,1.));
#7790 = ORIENTED_EDGE('',*,*,#7791,.T.);
#7791 = EDGE_CURVE('',#7784,#7792,#7794,.T.);
#7792 = VERTEX_POINT('',#7793);
#7793 = CARTESIAN_POINT('',(1.815,0.325,0.2));
#7794 = LINE('',#7795,#7796);
#7795 = CARTESIAN_POINT('',(1.9,0.325,0.2));
#7796 = VECTOR('',#7797,1.);
#7797 = DIRECTION('',(-1.,2.22044604925E-16,0.));
#7798 = ORIENTED_EDGE('',*,*,#7799,.T.);
#7799 = EDGE_CURVE('',#7792,#7800,#7802,.T.);
#7800 = VERTEX_POINT('',#7801);
#7801 = CARTESIAN_POINT('',(1.695,0.325,0.32));
#7802 = CIRCLE('',#7803,0.12);
#7803 = AXIS2_PLACEMENT_3D('',#7804,#7805,#7806);
#7804 = CARTESIAN_POINT('',(1.815,0.325,0.32));
#7805 = DIRECTION('',(2.22044604925E-16,1.,0.));
#7806 = DIRECTION('',(-1.850371707709E-15,4.108650548026E-31,-1.));
#7807 = ORIENTED_EDGE('',*,*,#7808,.T.);
#7808 = EDGE_CURVE('',#7800,#7809,#7811,.T.);
#7809 = VERTEX_POINT('',#7810);
#7810 = CARTESIAN_POINT('',(1.695,0.325,0.455));
#7811 = LINE('',#7812,#7813);
#7812 = CARTESIAN_POINT('',(1.695,0.325,0.32));
#7813 = VECTOR('',#7814,1.);
#7814 = DIRECTION('',(0.,0.,1.));
#7815 = ORIENTED_EDGE('',*,*,#7816,.T.);
#7816 = EDGE_CURVE('',#7809,#7765,#7817,.T.);
#7817 = CIRCLE('',#7818,0.32);
#7818 = AXIS2_PLACEMENT_3D('',#7819,#7820,#7821);
#7819 = CARTESIAN_POINT('',(1.375,0.325,0.455));
#7820 = DIRECTION('',(-2.22044604925E-16,-1.,0.));
#7821 = DIRECTION('',(1.,-2.22044604925E-16,1.387778780781E-15));
#7822 = PLANE('',#7823);
#7823 = AXIS2_PLACEMENT_3D('',#7824,#7825,#7826);
#7824 = CARTESIAN_POINT('',(1.606759913636,0.325,0.378774902786));
#7825 = DIRECTION('',(-2.22044604925E-16,-1.,0.));
#7826 = DIRECTION('',(0.,0.,1.));
#7827 = ADVANCED_FACE('',(#7828),#7889,.T.);
#7828 = FACE_BOUND('',#7829,.T.);
#7829 = EDGE_LOOP('',(#7830,#7838,#7839,#7840,#7841,#7849,#7857,#7865,
    #7874,#7882));
#7830 = ORIENTED_EDGE('',*,*,#7831,.F.);
#7831 = EDGE_CURVE('',#7701,#7832,#7834,.T.);
#7832 = VERTEX_POINT('',#7833);
#7833 = CARTESIAN_POINT('',(1.375,-0.325,0.775));
#7834 = LINE('',#7835,#7836);
#7835 = CARTESIAN_POINT('',(1.375,-0.325,0.576887451393));
#7836 = VECTOR('',#7837,1.);
#7837 = DIRECTION('',(0.,0.,1.));
#7838 = ORIENTED_EDGE('',*,*,#7708,.T.);
#7839 = ORIENTED_EDGE('',*,*,#7668,.T.);
#7840 = ORIENTED_EDGE('',*,*,#7748,.T.);
#7841 = ORIENTED_EDGE('',*,*,#7842,.T.);
#7842 = EDGE_CURVE('',#7741,#7843,#7845,.T.);
#7843 = VERTEX_POINT('',#7844);
#7844 = CARTESIAN_POINT('',(1.9,-0.325,-5.551115123126E-17));
#7845 = LINE('',#7846,#7847);
#7846 = CARTESIAN_POINT('',(1.815,-0.325,-5.551115123126E-17));
#7847 = VECTOR('',#7848,1.);
#7848 = DIRECTION('',(1.,-2.22044604925E-16,0.));
#7849 = ORIENTED_EDGE('',*,*,#7850,.T.);
#7850 = EDGE_CURVE('',#7843,#7851,#7853,.T.);
#7851 = VERTEX_POINT('',#7852);
#7852 = CARTESIAN_POINT('',(1.9,-0.325,0.2));
#7853 = LINE('',#7854,#7855);
#7854 = CARTESIAN_POINT('',(1.9,-0.325,-5.551115123126E-17));
#7855 = VECTOR('',#7856,1.);
#7856 = DIRECTION('',(0.,0.,1.));
#7857 = ORIENTED_EDGE('',*,*,#7858,.T.);
#7858 = EDGE_CURVE('',#7851,#7859,#7861,.T.);
#7859 = VERTEX_POINT('',#7860);
#7860 = CARTESIAN_POINT('',(1.815,-0.325,0.2));
#7861 = LINE('',#7862,#7863);
#7862 = CARTESIAN_POINT('',(1.9,-0.325,0.2));
#7863 = VECTOR('',#7864,1.);
#7864 = DIRECTION('',(-1.,2.22044604925E-16,0.));
#7865 = ORIENTED_EDGE('',*,*,#7866,.T.);
#7866 = EDGE_CURVE('',#7859,#7867,#7869,.T.);
#7867 = VERTEX_POINT('',#7868);
#7868 = CARTESIAN_POINT('',(1.695,-0.325,0.32));
#7869 = CIRCLE('',#7870,0.12);
#7870 = AXIS2_PLACEMENT_3D('',#7871,#7872,#7873);
#7871 = CARTESIAN_POINT('',(1.815,-0.325,0.32));
#7872 = DIRECTION('',(2.22044604925E-16,1.,0.));
#7873 = DIRECTION('',(-1.850371707709E-15,4.108650548026E-31,-1.));
#7874 = ORIENTED_EDGE('',*,*,#7875,.T.);
#7875 = EDGE_CURVE('',#7867,#7876,#7878,.T.);
#7876 = VERTEX_POINT('',#7877);
#7877 = CARTESIAN_POINT('',(1.695,-0.325,0.455));
#7878 = LINE('',#7879,#7880);
#7879 = CARTESIAN_POINT('',(1.695,-0.325,0.32));
#7880 = VECTOR('',#7881,1.);
#7881 = DIRECTION('',(0.,0.,1.));
#7882 = ORIENTED_EDGE('',*,*,#7883,.T.);
#7883 = EDGE_CURVE('',#7876,#7832,#7884,.T.);
#7884 = CIRCLE('',#7885,0.32);
#7885 = AXIS2_PLACEMENT_3D('',#7886,#7887,#7888);
#7886 = CARTESIAN_POINT('',(1.375,-0.325,0.455));
#7887 = DIRECTION('',(-2.22044604925E-16,-1.,0.));
#7888 = DIRECTION('',(1.,-2.22044604925E-16,1.387778780781E-15));
#7889 = PLANE('',#7890);
#7890 = AXIS2_PLACEMENT_3D('',#7891,#7892,#7893);
#7891 = CARTESIAN_POINT('',(1.606759913636,-0.325,0.378774902786));
#7892 = DIRECTION('',(-2.22044604925E-16,-1.,0.));
#7893 = DIRECTION('',(0.,0.,1.));
#7894 = ADVANCED_FACE('',(#7895),#7934,.F.);
#7895 = FACE_BOUND('',#7896,.F.);
#7896 = EDGE_LOOP('',(#7897,#7907,#7914,#7920,#7921,#7929));
#7897 = ORIENTED_EDGE('',*,*,#7898,.T.);
#7898 = EDGE_CURVE('',#7899,#7901,#7903,.T.);
#7899 = VERTEX_POINT('',#7900);
#7900 = CARTESIAN_POINT('',(1.308243103516,0.671621551758,0.1));
#7901 = VERTEX_POINT('',#7902);
#7902 = CARTESIAN_POINT('',(1.308243103516,-0.671621551758,0.1));
#7903 = LINE('',#7904,#7905);
#7904 = CARTESIAN_POINT('',(1.308243103516,0.671621551758,0.1));
#7905 = VECTOR('',#7906,1.);
#7906 = DIRECTION('',(0.,-1.,0.));
#7907 = ORIENTED_EDGE('',*,*,#7908,.T.);
#7908 = EDGE_CURVE('',#7901,#7909,#7911,.T.);
#7909 = VERTEX_POINT('',#7910);
#7910 = CARTESIAN_POINT('',(1.375,-0.705,0.575));
#7911 = B_SPLINE_CURVE_WITH_KNOTS('',1,(#7912,#7913),.UNSPECIFIED.,.F.,
  .F.,(2,2),(0.,1.),.PIECEWISE_BEZIER_KNOTS.);
#7912 = CARTESIAN_POINT('',(1.308243103516,-0.671621551758,0.1));
#7913 = CARTESIAN_POINT('',(1.375,-0.705,0.575));
#7914 = ORIENTED_EDGE('',*,*,#7915,.F.);
#7915 = EDGE_CURVE('',#7701,#7909,#7916,.T.);
#7916 = LINE('',#7917,#7918);
#7917 = CARTESIAN_POINT('',(1.375,0.705,0.575));
#7918 = VECTOR('',#7919,1.);
#7919 = DIRECTION('',(0.,-1.,0.));
#7920 = ORIENTED_EDGE('',*,*,#7698,.F.);
#7921 = ORIENTED_EDGE('',*,*,#7922,.F.);
#7922 = EDGE_CURVE('',#7923,#7699,#7925,.T.);
#7923 = VERTEX_POINT('',#7924);
#7924 = CARTESIAN_POINT('',(1.375,0.705,0.575));
#7925 = LINE('',#7926,#7927);
#7926 = CARTESIAN_POINT('',(1.375,0.705,0.575));
#7927 = VECTOR('',#7928,1.);
#7928 = DIRECTION('',(0.,-1.,0.));
#7929 = ORIENTED_EDGE('',*,*,#7930,.F.);
#7930 = EDGE_CURVE('',#7899,#7923,#7931,.T.);
#7931 = B_SPLINE_CURVE_WITH_KNOTS('',1,(#7932,#7933),.UNSPECIFIED.,.F.,
  .F.,(2,2),(0.,1.),.PIECEWISE_BEZIER_KNOTS.);
#7932 = CARTESIAN_POINT('',(1.308243103516,0.671621551758,0.1));
#7933 = CARTESIAN_POINT('',(1.375,0.705,0.575));
#7934 = B_SPLINE_SURFACE_WITH_KNOTS('',1,1,(
    (#7935,#7936)
    ,(#7937,#7938
    )),.UNSPECIFIED.,.F.,.F.,.F.,(2,2),(2,2),(0.,1.41),(0.,1.),
  .PIECEWISE_BEZIER_KNOTS.);
#7935 = CARTESIAN_POINT('',(1.308243103516,0.671621551758,0.1));
#7936 = CARTESIAN_POINT('',(1.375,0.705,0.575));
#7937 = CARTESIAN_POINT('',(1.308243103516,-0.671621551758,0.1));
#7938 = CARTESIAN_POINT('',(1.375,-0.705,0.575));
#7939 = ADVANCED_FACE('',(#7940),#7951,.F.);
#7940 = FACE_BOUND('',#7941,.F.);
#7941 = EDGE_LOOP('',(#7942,#7943,#7944,#7950));
#7942 = ORIENTED_EDGE('',*,*,#7740,.T.);
#7943 = ORIENTED_EDGE('',*,*,#7842,.T.);
#7944 = ORIENTED_EDGE('',*,*,#7945,.F.);
#7945 = EDGE_CURVE('',#7776,#7843,#7946,.T.);
#7946 = LINE('',#7947,#7948);
#7947 = CARTESIAN_POINT('',(1.9,0.325,-5.551115123126E-17));
#7948 = VECTOR('',#7949,1.);
#7949 = DIRECTION('',(-2.22044604925E-16,-1.,0.));
#7950 = ORIENTED_EDGE('',*,*,#7775,.F.);
#7951 = PLANE('',#7952);
#7952 = AXIS2_PLACEMENT_3D('',#7953,#7954,#7955);
#7953 = CARTESIAN_POINT('',(1.815,0.325,-5.551115123126E-17));
#7954 = DIRECTION('',(0.,0.,1.));
#7955 = DIRECTION('',(1.,-2.22044604925E-16,0.));
#7956 = ADVANCED_FACE('',(#7957),#7974,.F.);
#7957 = FACE_BOUND('',#7958,.F.);
#7958 = EDGE_LOOP('',(#7959,#7966,#7967,#7968));
#7959 = ORIENTED_EDGE('',*,*,#7960,.F.);
#7960 = EDGE_CURVE('',#7923,#7961,#7963,.T.);
#7961 = VERTEX_POINT('',#7962);
#7962 = CARTESIAN_POINT('',(1.375,0.705,0.775));
#7963 = B_SPLINE_CURVE_WITH_KNOTS('',1,(#7964,#7965),.UNSPECIFIED.,.F.,
  .F.,(2,2),(0.,1.),.PIECEWISE_BEZIER_KNOTS.);
#7964 = CARTESIAN_POINT('',(1.375,0.705,0.575));
#7965 = CARTESIAN_POINT('',(1.375,0.705,0.775));
#7966 = ORIENTED_EDGE('',*,*,#7922,.T.);
#7967 = ORIENTED_EDGE('',*,*,#7764,.T.);
#7968 = ORIENTED_EDGE('',*,*,#7969,.F.);
#7969 = EDGE_CURVE('',#7961,#7765,#7970,.T.);
#7970 = LINE('',#7971,#7972);
#7971 = CARTESIAN_POINT('',(1.375,0.705,0.775));
#7972 = VECTOR('',#7973,1.);
#7973 = DIRECTION('',(0.,-1.,0.));
#7974 = PLANE('',#7975);
#7975 = AXIS2_PLACEMENT_3D('',#7976,#7977,#7978);
#7976 = CARTESIAN_POINT('',(1.375,0.705,0.775));
#7977 = DIRECTION('',(-1.,0.,0.));
#7978 = DIRECTION('',(0.,-1.,0.));
#7979 = ADVANCED_FACE('',(#7980),#7996,.T.);
#7980 = FACE_BOUND('',#7981,.T.);
#7981 = EDGE_LOOP('',(#7982,#7983,#7989,#7990));
#7982 = ORIENTED_EDGE('',*,*,#7816,.T.);
#7983 = ORIENTED_EDGE('',*,*,#7984,.T.);
#7984 = EDGE_CURVE('',#7765,#7832,#7985,.T.);
#7985 = LINE('',#7986,#7987);
#7986 = CARTESIAN_POINT('',(1.375,0.325,0.775));
#7987 = VECTOR('',#7988,1.);
#7988 = DIRECTION('',(-2.22044604925E-16,-1.,0.));
#7989 = ORIENTED_EDGE('',*,*,#7883,.F.);
#7990 = ORIENTED_EDGE('',*,*,#7991,.F.);
#7991 = EDGE_CURVE('',#7809,#7876,#7992,.T.);
#7992 = LINE('',#7993,#7994);
#7993 = CARTESIAN_POINT('',(1.695,0.325,0.455));
#7994 = VECTOR('',#7995,1.);
#7995 = DIRECTION('',(-2.22044604925E-16,-1.,0.));
#7996 = CYLINDRICAL_SURFACE('',#7997,0.32);
#7997 = AXIS2_PLACEMENT_3D('',#7998,#7999,#8000);
#7998 = CARTESIAN_POINT('',(1.375,0.325,0.455));
#7999 = DIRECTION('',(2.22044604925E-16,1.,-0.));
#8000 = DIRECTION('',(1.,-2.22044604925E-16,1.387778780781E-15));
#8001 = ADVANCED_FACE('',(#8002),#8013,.F.);
#8002 = FACE_BOUND('',#8003,.F.);
#8003 = EDGE_LOOP('',(#8004,#8010,#8011,#8012));
#8004 = ORIENTED_EDGE('',*,*,#8005,.T.);
#8005 = EDGE_CURVE('',#7800,#7867,#8006,.T.);
#8006 = LINE('',#8007,#8008);
#8007 = CARTESIAN_POINT('',(1.695,0.325,0.32));
#8008 = VECTOR('',#8009,1.);
#8009 = DIRECTION('',(-2.22044604925E-16,-1.,0.));
#8010 = ORIENTED_EDGE('',*,*,#7875,.T.);
#8011 = ORIENTED_EDGE('',*,*,#7991,.F.);
#8012 = ORIENTED_EDGE('',*,*,#7808,.F.);
#8013 = PLANE('',#8014);
#8014 = AXIS2_PLACEMENT_3D('',#8015,#8016,#8017);
#8015 = CARTESIAN_POINT('',(1.695,0.325,0.32));
#8016 = DIRECTION('',(-1.,2.22044604925E-16,0.));
#8017 = DIRECTION('',(0.,0.,1.));
#8018 = ADVANCED_FACE('',(#8019),#8030,.F.);
#8019 = FACE_BOUND('',#8020,.F.);
#8020 = EDGE_LOOP('',(#8021,#8027,#8028,#8029));
#8021 = ORIENTED_EDGE('',*,*,#8022,.T.);
#8022 = EDGE_CURVE('',#7792,#7859,#8023,.T.);
#8023 = LINE('',#8024,#8025);
#8024 = CARTESIAN_POINT('',(1.815,0.325,0.2));
#8025 = VECTOR('',#8026,1.);
#8026 = DIRECTION('',(-2.22044604925E-16,-1.,0.));
#8027 = ORIENTED_EDGE('',*,*,#7866,.T.);
#8028 = ORIENTED_EDGE('',*,*,#8005,.F.);
#8029 = ORIENTED_EDGE('',*,*,#7799,.F.);
#8030 = CYLINDRICAL_SURFACE('',#8031,0.12);
#8031 = AXIS2_PLACEMENT_3D('',#8032,#8033,#8034);
#8032 = CARTESIAN_POINT('',(1.815,0.325,0.32));
#8033 = DIRECTION('',(2.22044604925E-16,1.,0.));
#8034 = DIRECTION('',(-1.850371707709E-15,4.108650548026E-31,-1.));
#8035 = ADVANCED_FACE('',(#8036),#8047,.F.);
#8036 = FACE_BOUND('',#8037,.F.);
#8037 = EDGE_LOOP('',(#8038,#8044,#8045,#8046));
#8038 = ORIENTED_EDGE('',*,*,#8039,.T.);
#8039 = EDGE_CURVE('',#7784,#7851,#8040,.T.);
#8040 = LINE('',#8041,#8042);
#8041 = CARTESIAN_POINT('',(1.9,0.325,0.2));
#8042 = VECTOR('',#8043,1.);
#8043 = DIRECTION('',(-2.22044604925E-16,-1.,0.));
#8044 = ORIENTED_EDGE('',*,*,#7858,.T.);
#8045 = ORIENTED_EDGE('',*,*,#8022,.F.);
#8046 = ORIENTED_EDGE('',*,*,#7791,.F.);
#8047 = PLANE('',#8048);
#8048 = AXIS2_PLACEMENT_3D('',#8049,#8050,#8051);
#8049 = CARTESIAN_POINT('',(1.9,0.325,0.2));
#8050 = DIRECTION('',(0.,-0.,-1.));
#8051 = DIRECTION('',(-1.,2.22044604925E-16,-0.));
#8052 = ADVANCED_FACE('',(#8053),#8059,.F.);
#8053 = FACE_BOUND('',#8054,.F.);
#8054 = EDGE_LOOP('',(#8055,#8056,#8057,#8058));
#8055 = ORIENTED_EDGE('',*,*,#7945,.T.);
#8056 = ORIENTED_EDGE('',*,*,#7850,.T.);
#8057 = ORIENTED_EDGE('',*,*,#8039,.F.);
#8058 = ORIENTED_EDGE('',*,*,#7783,.F.);
#8059 = PLANE('',#8060);
#8060 = AXIS2_PLACEMENT_3D('',#8061,#8062,#8063);
#8061 = CARTESIAN_POINT('',(1.9,0.325,-5.551115123126E-17));
#8062 = DIRECTION('',(-1.,2.22044604925E-16,0.));
#8063 = DIRECTION('',(0.,0.,1.));
#8064 = ADVANCED_FACE('',(#8065),#8082,.F.);
#8065 = FACE_BOUND('',#8066,.F.);
#8066 = EDGE_LOOP('',(#8067,#8068,#8069,#8076));
#8067 = ORIENTED_EDGE('',*,*,#7831,.F.);
#8068 = ORIENTED_EDGE('',*,*,#7915,.T.);
#8069 = ORIENTED_EDGE('',*,*,#8070,.T.);
#8070 = EDGE_CURVE('',#7909,#8071,#8073,.T.);
#8071 = VERTEX_POINT('',#8072);
#8072 = CARTESIAN_POINT('',(1.375,-0.705,0.775));
#8073 = B_SPLINE_CURVE_WITH_KNOTS('',1,(#8074,#8075),.UNSPECIFIED.,.F.,
  .F.,(2,2),(0.,1.),.PIECEWISE_BEZIER_KNOTS.);
#8074 = CARTESIAN_POINT('',(1.375,-0.705,0.575));
#8075 = CARTESIAN_POINT('',(1.375,-0.705,0.775));
#8076 = ORIENTED_EDGE('',*,*,#8077,.F.);
#8077 = EDGE_CURVE('',#7832,#8071,#8078,.T.);
#8078 = LINE('',#8079,#8080);
#8079 = CARTESIAN_POINT('',(1.375,0.705,0.775));
#8080 = VECTOR('',#8081,1.);
#8081 = DIRECTION('',(0.,-1.,0.));
#8082 = PLANE('',#8083);
#8083 = AXIS2_PLACEMENT_3D('',#8084,#8085,#8086);
#8084 = CARTESIAN_POINT('',(1.375,0.705,0.775));
#8085 = DIRECTION('',(-1.,0.,0.));
#8086 = DIRECTION('',(0.,-1.,0.));
#8087 = ADVANCED_FACE('',(#8088),#8145,.F.);
#8088 = FACE_BOUND('',#8089,.T.);
#8089 = EDGE_LOOP('',(#8090,#8100,#8108,#8116,#8122,#8123,#8131,#8139));
#8090 = ORIENTED_EDGE('',*,*,#8091,.T.);
#8091 = EDGE_CURVE('',#8092,#8094,#8096,.T.);
#8092 = VERTEX_POINT('',#8093);
#8093 = CARTESIAN_POINT('',(-1.308243103516,-0.671621551758,0.1));
#8094 = VERTEX_POINT('',#8095);
#8095 = CARTESIAN_POINT('',(-1.308243103516,0.671621551758,0.1));
#8096 = LINE('',#8097,#8098);
#8097 = CARTESIAN_POINT('',(-1.308243103516,-0.671621551758,0.1));
#8098 = VECTOR('',#8099,1.);
#8099 = DIRECTION('',(0.,1.,0.));
#8100 = ORIENTED_EDGE('',*,*,#8101,.T.);
#8101 = EDGE_CURVE('',#8094,#8102,#8104,.T.);
#8102 = VERTEX_POINT('',#8103);
#8103 = CARTESIAN_POINT('',(-1.246621551758,0.733243103516,0.1));
#8104 = LINE('',#8105,#8106);
#8105 = CARTESIAN_POINT('',(-1.308243103516,0.671621551758,0.1));
#8106 = VECTOR('',#8107,1.);
#8107 = DIRECTION('',(0.707106781187,0.707106781187,0.));
#8108 = ORIENTED_EDGE('',*,*,#8109,.T.);
#8109 = EDGE_CURVE('',#8102,#8110,#8112,.T.);
#8110 = VERTEX_POINT('',#8111);
#8111 = CARTESIAN_POINT('',(1.246621551758,0.733243103516,0.1));
#8112 = LINE('',#8113,#8114);
#8113 = CARTESIAN_POINT('',(-1.246621551758,0.733243103516,0.1));
#8114 = VECTOR('',#8115,1.);
#8115 = DIRECTION('',(1.,0.,0.));
#8116 = ORIENTED_EDGE('',*,*,#8117,.T.);
#8117 = EDGE_CURVE('',#8110,#7899,#8118,.T.);
#8118 = LINE('',#8119,#8120);
#8119 = CARTESIAN_POINT('',(1.246621551758,0.733243103516,0.1));
#8120 = VECTOR('',#8121,1.);
#8121 = DIRECTION('',(0.707106781187,-0.707106781187,0.));
#8122 = ORIENTED_EDGE('',*,*,#7898,.T.);
#8123 = ORIENTED_EDGE('',*,*,#8124,.T.);
#8124 = EDGE_CURVE('',#7901,#8125,#8127,.T.);
#8125 = VERTEX_POINT('',#8126);
#8126 = CARTESIAN_POINT('',(1.246621551758,-0.733243103516,0.1));
#8127 = LINE('',#8128,#8129);
#8128 = CARTESIAN_POINT('',(1.308243103516,-0.671621551758,0.1));
#8129 = VECTOR('',#8130,1.);
#8130 = DIRECTION('',(-0.707106781187,-0.707106781187,0.));
#8131 = ORIENTED_EDGE('',*,*,#8132,.T.);
#8132 = EDGE_CURVE('',#8125,#8133,#8135,.T.);
#8133 = VERTEX_POINT('',#8134);
#8134 = CARTESIAN_POINT('',(-1.246621551758,-0.733243103516,0.1));
#8135 = LINE('',#8136,#8137);
#8136 = CARTESIAN_POINT('',(1.246621551758,-0.733243103516,0.1));
#8137 = VECTOR('',#8138,1.);
#8138 = DIRECTION('',(-1.,0.,0.));
#8139 = ORIENTED_EDGE('',*,*,#8140,.T.);
#8140 = EDGE_CURVE('',#8133,#8092,#8141,.T.);
#8141 = LINE('',#8142,#8143);
#8142 = CARTESIAN_POINT('',(-1.246621551758,-0.733243103516,0.1));
#8143 = VECTOR('',#8144,1.);
#8144 = DIRECTION('',(-0.707106781187,0.707106781187,0.));
#8145 = PLANE('',#8146);
#8146 = AXIS2_PLACEMENT_3D('',#8147,#8148,#8149);
#8147 = CARTESIAN_POINT('',(-1.308243103516,-0.671621551758,0.1));
#8148 = DIRECTION('',(0.,0.,1.));
#8149 = DIRECTION('',(0.889616464678,0.456708381546,-0.));
#8150 = ADVANCED_FACE('',(#8151),#8168,.F.);
#8151 = FACE_BOUND('',#8152,.F.);
#8152 = EDGE_LOOP('',(#8153,#8154,#8155,#8163));
#8153 = ORIENTED_EDGE('',*,*,#8117,.T.);
#8154 = ORIENTED_EDGE('',*,*,#7930,.T.);
#8155 = ORIENTED_EDGE('',*,*,#8156,.F.);
#8156 = EDGE_CURVE('',#8157,#7923,#8159,.T.);
#8157 = VERTEX_POINT('',#8158);
#8158 = CARTESIAN_POINT('',(1.28,0.8,0.575));
#8159 = LINE('',#8160,#8161);
#8160 = CARTESIAN_POINT('',(1.28,0.8,0.575));
#8161 = VECTOR('',#8162,1.);
#8162 = DIRECTION('',(0.707106781187,-0.707106781187,0.));
#8163 = ORIENTED_EDGE('',*,*,#8164,.F.);
#8164 = EDGE_CURVE('',#8110,#8157,#8165,.T.);
#8165 = B_SPLINE_CURVE_WITH_KNOTS('',1,(#8166,#8167),.UNSPECIFIED.,.F.,
  .F.,(2,2),(0.,1.),.PIECEWISE_BEZIER_KNOTS.);
#8166 = CARTESIAN_POINT('',(1.246621551758,0.733243103516,0.1));
#8167 = CARTESIAN_POINT('',(1.28,0.8,0.575));
#8168 = B_SPLINE_SURFACE_WITH_KNOTS('',1,1,(
    (#8169,#8170)
    ,(#8171,#8172
    )),.UNSPECIFIED.,.F.,.F.,.F.,(2,2),(2,2),(0.,0.134350288425),(0.,1.)
  ,.PIECEWISE_BEZIER_KNOTS.);
#8169 = CARTESIAN_POINT('',(1.246621551758,0.733243103516,0.1));
#8170 = CARTESIAN_POINT('',(1.28,0.8,0.575));
#8171 = CARTESIAN_POINT('',(1.308243103516,0.671621551758,0.1));
#8172 = CARTESIAN_POINT('',(1.375,0.705,0.575));
#8173 = ADVANCED_FACE('',(#8174),#8191,.F.);
#8174 = FACE_BOUND('',#8175,.F.);
#8175 = EDGE_LOOP('',(#8176,#8177,#8184,#8190));
#8176 = ORIENTED_EDGE('',*,*,#8124,.T.);
#8177 = ORIENTED_EDGE('',*,*,#8178,.T.);
#8178 = EDGE_CURVE('',#8125,#8179,#8181,.T.);
#8179 = VERTEX_POINT('',#8180);
#8180 = CARTESIAN_POINT('',(1.28,-0.8,0.575));
#8181 = B_SPLINE_CURVE_WITH_KNOTS('',1,(#8182,#8183),.UNSPECIFIED.,.F.,
  .F.,(2,2),(0.,1.),.PIECEWISE_BEZIER_KNOTS.);
#8182 = CARTESIAN_POINT('',(1.246621551758,-0.733243103516,0.1));
#8183 = CARTESIAN_POINT('',(1.28,-0.8,0.575));
#8184 = ORIENTED_EDGE('',*,*,#8185,.F.);
#8185 = EDGE_CURVE('',#7909,#8179,#8186,.T.);
#8186 = LINE('',#8187,#8188);
#8187 = CARTESIAN_POINT('',(1.375,-0.705,0.575));
#8188 = VECTOR('',#8189,1.);
#8189 = DIRECTION('',(-0.707106781187,-0.707106781187,0.));
#8190 = ORIENTED_EDGE('',*,*,#7908,.F.);
#8191 = B_SPLINE_SURFACE_WITH_KNOTS('',1,1,(
    (#8192,#8193)
    ,(#8194,#8195
    )),.UNSPECIFIED.,.F.,.F.,.F.,(2,2),(2,2),(0.,0.134350288425),(0.,1.)
  ,.PIECEWISE_BEZIER_KNOTS.);
#8192 = CARTESIAN_POINT('',(1.308243103516,-0.671621551758,0.1));
#8193 = CARTESIAN_POINT('',(1.375,-0.705,0.575));
#8194 = CARTESIAN_POINT('',(1.246621551758,-0.733243103516,0.1));
#8195 = CARTESIAN_POINT('',(1.28,-0.8,0.575));
#8196 = ADVANCED_FACE('',(#8197),#8214,.F.);
#8197 = FACE_BOUND('',#8198,.F.);
#8198 = EDGE_LOOP('',(#8199,#8200,#8201,#8209));
#8199 = ORIENTED_EDGE('',*,*,#8156,.T.);
#8200 = ORIENTED_EDGE('',*,*,#7960,.T.);
#8201 = ORIENTED_EDGE('',*,*,#8202,.F.);
#8202 = EDGE_CURVE('',#8203,#7961,#8205,.T.);
#8203 = VERTEX_POINT('',#8204);
#8204 = CARTESIAN_POINT('',(1.28,0.8,0.775));
#8205 = LINE('',#8206,#8207);
#8206 = CARTESIAN_POINT('',(1.28,0.8,0.775));
#8207 = VECTOR('',#8208,1.);
#8208 = DIRECTION('',(0.707106781187,-0.707106781187,0.));
#8209 = ORIENTED_EDGE('',*,*,#8210,.F.);
#8210 = EDGE_CURVE('',#8157,#8203,#8211,.T.);
#8211 = B_SPLINE_CURVE_WITH_KNOTS('',1,(#8212,#8213),.UNSPECIFIED.,.F.,
  .F.,(2,2),(0.,1.),.PIECEWISE_BEZIER_KNOTS.);
#8212 = CARTESIAN_POINT('',(1.28,0.8,0.575));
#8213 = CARTESIAN_POINT('',(1.28,0.8,0.775));
#8214 = PLANE('',#8215);
#8215 = AXIS2_PLACEMENT_3D('',#8216,#8217,#8218);
#8216 = CARTESIAN_POINT('',(1.28,0.8,0.775));
#8217 = DIRECTION('',(-0.707106781187,-0.707106781187,0.));
#8218 = DIRECTION('',(0.707106781187,-0.707106781187,0.));
#8219 = ADVANCED_FACE('',(#8220),#8244,.F.);
#8220 = FACE_BOUND('',#8221,.F.);
#8221 = EDGE_LOOP('',(#8222,#8229,#8230,#8238));
#8222 = ORIENTED_EDGE('',*,*,#8223,.F.);
#8223 = EDGE_CURVE('',#7961,#8224,#8226,.T.);
#8224 = VERTEX_POINT('',#8225);
#8225 = CARTESIAN_POINT('',(1.35,0.6925,0.775));
#8226 = B_SPLINE_CURVE_WITH_KNOTS('',1,(#8227,#8228),.UNSPECIFIED.,.F.,
  .F.,(2,2),(0.,1.),.PIECEWISE_BEZIER_KNOTS.);
#8227 = CARTESIAN_POINT('',(1.375,0.705,0.775));
#8228 = CARTESIAN_POINT('',(1.35,0.6925,0.775));
#8229 = ORIENTED_EDGE('',*,*,#7969,.T.);
#8230 = ORIENTED_EDGE('',*,*,#8231,.T.);
#8231 = EDGE_CURVE('',#7765,#8232,#8234,.T.);
#8232 = VERTEX_POINT('',#8233);
#8233 = CARTESIAN_POINT('',(1.35,0.325,0.775));
#8234 = LINE('',#8235,#8236);
#8235 = CARTESIAN_POINT('',(1.375,0.325,0.775));
#8236 = VECTOR('',#8237,1.);
#8237 = DIRECTION('',(-1.,2.22044604925E-16,0.));
#8238 = ORIENTED_EDGE('',*,*,#8239,.F.);
#8239 = EDGE_CURVE('',#8224,#8232,#8240,.T.);
#8240 = LINE('',#8241,#8242);
#8241 = CARTESIAN_POINT('',(1.35,0.6925,0.775));
#8242 = VECTOR('',#8243,1.);
#8243 = DIRECTION('',(0.,-1.,0.));
#8244 = B_SPLINE_SURFACE_WITH_KNOTS('',1,1,(
    (#8245,#8246)
    ,(#8247,#8248
    )),.UNSPECIFIED.,.F.,.F.,.F.,(2,2),(2,2),(0.,1.41),(0.,1.),
  .PIECEWISE_BEZIER_KNOTS.);
#8245 = CARTESIAN_POINT('',(1.375,0.705,0.775));
#8246 = CARTESIAN_POINT('',(1.35,0.6925,0.775));
#8247 = CARTESIAN_POINT('',(1.375,-0.705,0.775));
#8248 = CARTESIAN_POINT('',(1.35,-0.6925,0.775));
#8249 = ADVANCED_FACE('',(#8250),#8268,.F.);
#8250 = FACE_BOUND('',#8251,.F.);
#8251 = EDGE_LOOP('',(#8252,#8253,#8254,#8262));
#8252 = ORIENTED_EDGE('',*,*,#8231,.F.);
#8253 = ORIENTED_EDGE('',*,*,#7984,.T.);
#8254 = ORIENTED_EDGE('',*,*,#8255,.T.);
#8255 = EDGE_CURVE('',#7832,#8256,#8258,.T.);
#8256 = VERTEX_POINT('',#8257);
#8257 = CARTESIAN_POINT('',(1.35,-0.325,0.775));
#8258 = LINE('',#8259,#8260);
#8259 = CARTESIAN_POINT('',(1.375,-0.325,0.775));
#8260 = VECTOR('',#8261,1.);
#8261 = DIRECTION('',(-1.,2.22044604925E-16,0.));
#8262 = ORIENTED_EDGE('',*,*,#8263,.F.);
#8263 = EDGE_CURVE('',#8232,#8256,#8264,.T.);
#8264 = LINE('',#8265,#8266);
#8265 = CARTESIAN_POINT('',(1.35,0.6925,0.775));
#8266 = VECTOR('',#8267,1.);
#8267 = DIRECTION('',(0.,-1.,0.));
#8268 = PLANE('',#8269);
#8269 = AXIS2_PLACEMENT_3D('',#8270,#8271,#8272);
#8270 = CARTESIAN_POINT('',(1.375,0.325,0.775));
#8271 = DIRECTION('',(0.,-0.,-1.));
#8272 = DIRECTION('',(-1.,2.22044604925E-16,-0.));
#8273 = ADVANCED_FACE('',(#8274),#8291,.F.);
#8274 = FACE_BOUND('',#8275,.F.);
#8275 = EDGE_LOOP('',(#8276,#8277,#8278,#8285));
#8276 = ORIENTED_EDGE('',*,*,#8255,.F.);
#8277 = ORIENTED_EDGE('',*,*,#8077,.T.);
#8278 = ORIENTED_EDGE('',*,*,#8279,.T.);
#8279 = EDGE_CURVE('',#8071,#8280,#8282,.T.);
#8280 = VERTEX_POINT('',#8281);
#8281 = CARTESIAN_POINT('',(1.35,-0.6925,0.775));
#8282 = B_SPLINE_CURVE_WITH_KNOTS('',1,(#8283,#8284),.UNSPECIFIED.,.F.,
  .F.,(2,2),(0.,1.),.PIECEWISE_BEZIER_KNOTS.);
#8283 = CARTESIAN_POINT('',(1.375,-0.705,0.775));
#8284 = CARTESIAN_POINT('',(1.35,-0.6925,0.775));
#8285 = ORIENTED_EDGE('',*,*,#8286,.F.);
#8286 = EDGE_CURVE('',#8256,#8280,#8287,.T.);
#8287 = LINE('',#8288,#8289);
#8288 = CARTESIAN_POINT('',(1.35,0.6925,0.775));
#8289 = VECTOR('',#8290,1.);
#8290 = DIRECTION('',(0.,-1.,0.));
#8291 = B_SPLINE_SURFACE_WITH_KNOTS('',1,1,(
    (#8292,#8293)
    ,(#8294,#8295
    )),.UNSPECIFIED.,.F.,.F.,.F.,(2,2),(2,2),(0.,1.41),(0.,1.),
  .PIECEWISE_BEZIER_KNOTS.);
#8292 = CARTESIAN_POINT('',(1.375,0.705,0.775));
#8293 = CARTESIAN_POINT('',(1.35,0.6925,0.775));
#8294 = CARTESIAN_POINT('',(1.375,-0.705,0.775));
#8295 = CARTESIAN_POINT('',(1.35,-0.6925,0.775));
#8296 = ADVANCED_FACE('',(#8297),#8314,.F.);
#8297 = FACE_BOUND('',#8298,.F.);
#8298 = EDGE_LOOP('',(#8299,#8300,#8307,#8313));
#8299 = ORIENTED_EDGE('',*,*,#8185,.T.);
#8300 = ORIENTED_EDGE('',*,*,#8301,.T.);
#8301 = EDGE_CURVE('',#8179,#8302,#8304,.T.);
#8302 = VERTEX_POINT('',#8303);
#8303 = CARTESIAN_POINT('',(1.28,-0.8,0.775));
#8304 = B_SPLINE_CURVE_WITH_KNOTS('',1,(#8305,#8306),.UNSPECIFIED.,.F.,
  .F.,(2,2),(0.,1.),.PIECEWISE_BEZIER_KNOTS.);
#8305 = CARTESIAN_POINT('',(1.28,-0.8,0.575));
#8306 = CARTESIAN_POINT('',(1.28,-0.8,0.775));
#8307 = ORIENTED_EDGE('',*,*,#8308,.F.);
#8308 = EDGE_CURVE('',#8071,#8302,#8309,.T.);
#8309 = LINE('',#8310,#8311);
#8310 = CARTESIAN_POINT('',(1.375,-0.705,0.775));
#8311 = VECTOR('',#8312,1.);
#8312 = DIRECTION('',(-0.707106781187,-0.707106781187,0.));
#8313 = ORIENTED_EDGE('',*,*,#8070,.F.);
#8314 = PLANE('',#8315);
#8315 = AXIS2_PLACEMENT_3D('',#8316,#8317,#8318);
#8316 = CARTESIAN_POINT('',(1.375,-0.705,0.775));
#8317 = DIRECTION('',(-0.707106781187,0.707106781187,0.));
#8318 = DIRECTION('',(-0.707106781187,-0.707106781187,0.));
#8319 = ADVANCED_FACE('',(#8320),#8359,.F.);
#8320 = FACE_BOUND('',#8321,.F.);
#8321 = EDGE_LOOP('',(#8322,#8323,#8330,#8338,#8346,#8354));
#8322 = ORIENTED_EDGE('',*,*,#8091,.T.);
#8323 = ORIENTED_EDGE('',*,*,#8324,.T.);
#8324 = EDGE_CURVE('',#8094,#8325,#8327,.T.);
#8325 = VERTEX_POINT('',#8326);
#8326 = CARTESIAN_POINT('',(-1.375,0.705,0.575));
#8327 = B_SPLINE_CURVE_WITH_KNOTS('',1,(#8328,#8329),.UNSPECIFIED.,.F.,
  .F.,(2,2),(0.,1.),.PIECEWISE_BEZIER_KNOTS.);
#8328 = CARTESIAN_POINT('',(-1.308243103516,0.671621551758,0.1));
#8329 = CARTESIAN_POINT('',(-1.375,0.705,0.575));
#8330 = ORIENTED_EDGE('',*,*,#8331,.F.);
#8331 = EDGE_CURVE('',#8332,#8325,#8334,.T.);
#8332 = VERTEX_POINT('',#8333);
#8333 = CARTESIAN_POINT('',(-1.375,0.325,0.575));
#8334 = LINE('',#8335,#8336);
#8335 = CARTESIAN_POINT('',(-1.375,-0.705,0.575));
#8336 = VECTOR('',#8337,1.);
#8337 = DIRECTION('',(0.,1.,0.));
#8338 = ORIENTED_EDGE('',*,*,#8339,.F.);
#8339 = EDGE_CURVE('',#8340,#8332,#8342,.T.);
#8340 = VERTEX_POINT('',#8341);
#8341 = CARTESIAN_POINT('',(-1.375,-0.325,0.575));
#8342 = LINE('',#8343,#8344);
#8343 = CARTESIAN_POINT('',(-1.375,-0.325,0.575));
#8344 = VECTOR('',#8345,1.);
#8345 = DIRECTION('',(1.110223024625E-16,1.,0.));
#8346 = ORIENTED_EDGE('',*,*,#8347,.F.);
#8347 = EDGE_CURVE('',#8348,#8340,#8350,.T.);
#8348 = VERTEX_POINT('',#8349);
#8349 = CARTESIAN_POINT('',(-1.375,-0.705,0.575));
#8350 = LINE('',#8351,#8352);
#8351 = CARTESIAN_POINT('',(-1.375,-0.705,0.575));
#8352 = VECTOR('',#8353,1.);
#8353 = DIRECTION('',(0.,1.,0.));
#8354 = ORIENTED_EDGE('',*,*,#8355,.F.);
#8355 = EDGE_CURVE('',#8092,#8348,#8356,.T.);
#8356 = B_SPLINE_CURVE_WITH_KNOTS('',1,(#8357,#8358),.UNSPECIFIED.,.F.,
  .F.,(2,2),(0.,1.),.PIECEWISE_BEZIER_KNOTS.);
#8357 = CARTESIAN_POINT('',(-1.308243103516,-0.671621551758,0.1));
#8358 = CARTESIAN_POINT('',(-1.375,-0.705,0.575));
#8359 = B_SPLINE_SURFACE_WITH_KNOTS('',1,1,(
    (#8360,#8361)
    ,(#8362,#8363
    )),.UNSPECIFIED.,.F.,.F.,.F.,(2,2),(2,2),(0.,1.41),(0.,1.),
  .PIECEWISE_BEZIER_KNOTS.);
#8360 = CARTESIAN_POINT('',(-1.308243103516,-0.671621551758,0.1));
#8361 = CARTESIAN_POINT('',(-1.375,-0.705,0.575));
#8362 = CARTESIAN_POINT('',(-1.308243103516,0.671621551758,0.1));
#8363 = CARTESIAN_POINT('',(-1.375,0.705,0.575));
#8364 = ADVANCED_FACE('',(#8365),#8382,.F.);
#8365 = FACE_BOUND('',#8366,.F.);
#8366 = EDGE_LOOP('',(#8367,#8368,#8375,#8381));
#8367 = ORIENTED_EDGE('',*,*,#8101,.T.);
#8368 = ORIENTED_EDGE('',*,*,#8369,.T.);
#8369 = EDGE_CURVE('',#8102,#8370,#8372,.T.);
#8370 = VERTEX_POINT('',#8371);
#8371 = CARTESIAN_POINT('',(-1.28,0.8,0.575));
#8372 = B_SPLINE_CURVE_WITH_KNOTS('',1,(#8373,#8374),.UNSPECIFIED.,.F.,
  .F.,(2,2),(0.,1.),.PIECEWISE_BEZIER_KNOTS.);
#8373 = CARTESIAN_POINT('',(-1.246621551758,0.733243103516,0.1));
#8374 = CARTESIAN_POINT('',(-1.28,0.8,0.575));
#8375 = ORIENTED_EDGE('',*,*,#8376,.F.);
#8376 = EDGE_CURVE('',#8325,#8370,#8377,.T.);
#8377 = LINE('',#8378,#8379);
#8378 = CARTESIAN_POINT('',(-1.375,0.705,0.575));
#8379 = VECTOR('',#8380,1.);
#8380 = DIRECTION('',(0.707106781187,0.707106781187,0.));
#8381 = ORIENTED_EDGE('',*,*,#8324,.F.);
#8382 = B_SPLINE_SURFACE_WITH_KNOTS('',1,1,(
    (#8383,#8384)
    ,(#8385,#8386
    )),.UNSPECIFIED.,.F.,.F.,.F.,(2,2),(2,2),(0.,0.134350288425),(0.,1.)
  ,.PIECEWISE_BEZIER_KNOTS.);
#8383 = CARTESIAN_POINT('',(-1.308243103516,0.671621551758,0.1));
#8384 = CARTESIAN_POINT('',(-1.375,0.705,0.575));
#8385 = CARTESIAN_POINT('',(-1.246621551758,0.733243103516,0.1));
#8386 = CARTESIAN_POINT('',(-1.28,0.8,0.575));
#8387 = ADVANCED_FACE('',(#8388),#8399,.F.);
#8388 = FACE_BOUND('',#8389,.F.);
#8389 = EDGE_LOOP('',(#8390,#8391,#8392,#8398));
#8390 = ORIENTED_EDGE('',*,*,#8109,.T.);
#8391 = ORIENTED_EDGE('',*,*,#8164,.T.);
#8392 = ORIENTED_EDGE('',*,*,#8393,.F.);
#8393 = EDGE_CURVE('',#8370,#8157,#8394,.T.);
#8394 = LINE('',#8395,#8396);
#8395 = CARTESIAN_POINT('',(-1.28,0.8,0.575));
#8396 = VECTOR('',#8397,1.);
#8397 = DIRECTION('',(1.,0.,0.));
#8398 = ORIENTED_EDGE('',*,*,#8369,.F.);
#8399 = B_SPLINE_SURFACE_WITH_KNOTS('',1,1,(
    (#8400,#8401)
    ,(#8402,#8403
    )),.UNSPECIFIED.,.F.,.F.,.F.,(2,2),(2,2),(0.,2.56),(0.,1.),
  .PIECEWISE_BEZIER_KNOTS.);
#8400 = CARTESIAN_POINT('',(-1.246621551758,0.733243103516,0.1));
#8401 = CARTESIAN_POINT('',(-1.28,0.8,0.575));
#8402 = CARTESIAN_POINT('',(1.246621551758,0.733243103516,0.1));
#8403 = CARTESIAN_POINT('',(1.28,0.8,0.575));
#8404 = ADVANCED_FACE('',(#8405),#8422,.F.);
#8405 = FACE_BOUND('',#8406,.F.);
#8406 = EDGE_LOOP('',(#8407,#8408,#8415,#8421));
#8407 = ORIENTED_EDGE('',*,*,#8132,.T.);
#8408 = ORIENTED_EDGE('',*,*,#8409,.T.);
#8409 = EDGE_CURVE('',#8133,#8410,#8412,.T.);
#8410 = VERTEX_POINT('',#8411);
#8411 = CARTESIAN_POINT('',(-1.28,-0.8,0.575));
#8412 = B_SPLINE_CURVE_WITH_KNOTS('',1,(#8413,#8414),.UNSPECIFIED.,.F.,
  .F.,(2,2),(0.,1.),.PIECEWISE_BEZIER_KNOTS.);
#8413 = CARTESIAN_POINT('',(-1.246621551758,-0.733243103516,0.1));
#8414 = CARTESIAN_POINT('',(-1.28,-0.8,0.575));
#8415 = ORIENTED_EDGE('',*,*,#8416,.F.);
#8416 = EDGE_CURVE('',#8179,#8410,#8417,.T.);
#8417 = LINE('',#8418,#8419);
#8418 = CARTESIAN_POINT('',(1.28,-0.8,0.575));
#8419 = VECTOR('',#8420,1.);
#8420 = DIRECTION('',(-1.,0.,0.));
#8421 = ORIENTED_EDGE('',*,*,#8178,.F.);
#8422 = B_SPLINE_SURFACE_WITH_KNOTS('',1,1,(
    (#8423,#8424)
    ,(#8425,#8426
    )),.UNSPECIFIED.,.F.,.F.,.F.,(2,2),(2,2),(0.,2.56),(0.,1.),
  .PIECEWISE_BEZIER_KNOTS.);
#8423 = CARTESIAN_POINT('',(1.246621551758,-0.733243103516,0.1));
#8424 = CARTESIAN_POINT('',(1.28,-0.8,0.575));
#8425 = CARTESIAN_POINT('',(-1.246621551758,-0.733243103516,0.1));
#8426 = CARTESIAN_POINT('',(-1.28,-0.8,0.575));
#8427 = ADVANCED_FACE('',(#8428),#8439,.F.);
#8428 = FACE_BOUND('',#8429,.F.);
#8429 = EDGE_LOOP('',(#8430,#8431,#8432,#8438));
#8430 = ORIENTED_EDGE('',*,*,#8140,.T.);
#8431 = ORIENTED_EDGE('',*,*,#8355,.T.);
#8432 = ORIENTED_EDGE('',*,*,#8433,.F.);
#8433 = EDGE_CURVE('',#8410,#8348,#8434,.T.);
#8434 = LINE('',#8435,#8436);
#8435 = CARTESIAN_POINT('',(-1.28,-0.8,0.575));
#8436 = VECTOR('',#8437,1.);
#8437 = DIRECTION('',(-0.707106781187,0.707106781187,0.));
#8438 = ORIENTED_EDGE('',*,*,#8409,.F.);
#8439 = B_SPLINE_SURFACE_WITH_KNOTS('',1,1,(
    (#8440,#8441)
    ,(#8442,#8443
    )),.UNSPECIFIED.,.F.,.F.,.F.,(2,2),(2,2),(0.,0.134350288425),(0.,1.)
  ,.PIECEWISE_BEZIER_KNOTS.);
#8440 = CARTESIAN_POINT('',(-1.246621551758,-0.733243103516,0.1));
#8441 = CARTESIAN_POINT('',(-1.28,-0.8,0.575));
#8442 = CARTESIAN_POINT('',(-1.308243103516,-0.671621551758,0.1));
#8443 = CARTESIAN_POINT('',(-1.375,-0.705,0.575));
#8444 = ADVANCED_FACE('',(#8445),#8462,.F.);
#8445 = FACE_BOUND('',#8446,.F.);
#8446 = EDGE_LOOP('',(#8447,#8448,#8449,#8457));
#8447 = ORIENTED_EDGE('',*,*,#8202,.T.);
#8448 = ORIENTED_EDGE('',*,*,#8223,.T.);
#8449 = ORIENTED_EDGE('',*,*,#8450,.F.);
#8450 = EDGE_CURVE('',#8451,#8224,#8453,.T.);
#8451 = VERTEX_POINT('',#8452);
#8452 = CARTESIAN_POINT('',(1.2675,0.775,0.775));
#8453 = LINE('',#8454,#8455);
#8454 = CARTESIAN_POINT('',(1.2675,0.775,0.775));
#8455 = VECTOR('',#8456,1.);
#8456 = DIRECTION('',(0.707106781187,-0.707106781187,0.));
#8457 = ORIENTED_EDGE('',*,*,#8458,.F.);
#8458 = EDGE_CURVE('',#8203,#8451,#8459,.T.);
#8459 = B_SPLINE_CURVE_WITH_KNOTS('',1,(#8460,#8461),.UNSPECIFIED.,.F.,
  .F.,(2,2),(0.,1.),.PIECEWISE_BEZIER_KNOTS.);
#8460 = CARTESIAN_POINT('',(1.28,0.8,0.775));
#8461 = CARTESIAN_POINT('',(1.2675,0.775,0.775));
#8462 = B_SPLINE_SURFACE_WITH_KNOTS('',1,1,(
    (#8463,#8464)
    ,(#8465,#8466
    )),.UNSPECIFIED.,.F.,.F.,.F.,(2,2),(2,2),(0.,0.134350288425),(0.,1.)
  ,.PIECEWISE_BEZIER_KNOTS.);
#8463 = CARTESIAN_POINT('',(1.28,0.8,0.775));
#8464 = CARTESIAN_POINT('',(1.2675,0.775,0.775));
#8465 = CARTESIAN_POINT('',(1.375,0.705,0.775));
#8466 = CARTESIAN_POINT('',(1.35,0.6925,0.775));
#8467 = ADVANCED_FACE('',(#8468),#8485,.F.);
#8468 = FACE_BOUND('',#8469,.F.);
#8469 = EDGE_LOOP('',(#8470,#8471,#8472,#8480));
#8470 = ORIENTED_EDGE('',*,*,#8393,.T.);
#8471 = ORIENTED_EDGE('',*,*,#8210,.T.);
#8472 = ORIENTED_EDGE('',*,*,#8473,.F.);
#8473 = EDGE_CURVE('',#8474,#8203,#8476,.T.);
#8474 = VERTEX_POINT('',#8475);
#8475 = CARTESIAN_POINT('',(-1.28,0.8,0.775));
#8476 = LINE('',#8477,#8478);
#8477 = CARTESIAN_POINT('',(-1.28,0.8,0.775));
#8478 = VECTOR('',#8479,1.);
#8479 = DIRECTION('',(1.,0.,0.));
#8480 = ORIENTED_EDGE('',*,*,#8481,.F.);
#8481 = EDGE_CURVE('',#8370,#8474,#8482,.T.);
#8482 = B_SPLINE_CURVE_WITH_KNOTS('',1,(#8483,#8484),.UNSPECIFIED.,.F.,
  .F.,(2,2),(0.,1.),.PIECEWISE_BEZIER_KNOTS.);
#8483 = CARTESIAN_POINT('',(-1.28,0.8,0.575));
#8484 = CARTESIAN_POINT('',(-1.28,0.8,0.775));
#8485 = PLANE('',#8486);
#8486 = AXIS2_PLACEMENT_3D('',#8487,#8488,#8489);
#8487 = CARTESIAN_POINT('',(-1.28,0.8,0.775));
#8488 = DIRECTION('',(0.,-1.,0.));
#8489 = DIRECTION('',(1.,0.,0.));
#8490 = ADVANCED_FACE('',(#8491),#8516,.F.);
#8491 = FACE_BOUND('',#8492,.F.);
#8492 = EDGE_LOOP('',(#8493,#8494,#8495,#8496,#8503,#8511));
#8493 = ORIENTED_EDGE('',*,*,#8239,.T.);
#8494 = ORIENTED_EDGE('',*,*,#8263,.T.);
#8495 = ORIENTED_EDGE('',*,*,#8286,.T.);
#8496 = ORIENTED_EDGE('',*,*,#8497,.T.);
#8497 = EDGE_CURVE('',#8280,#8498,#8500,.T.);
#8498 = VERTEX_POINT('',#8499);
#8499 = CARTESIAN_POINT('',(1.283243103516,-0.659121551758,1.25));
#8500 = B_SPLINE_CURVE_WITH_KNOTS('',1,(#8501,#8502),.UNSPECIFIED.,.F.,
  .F.,(2,2),(0.,1.),.PIECEWISE_BEZIER_KNOTS.);
#8501 = CARTESIAN_POINT('',(1.35,-0.6925,0.775));
#8502 = CARTESIAN_POINT('',(1.283243103516,-0.659121551758,1.25));
#8503 = ORIENTED_EDGE('',*,*,#8504,.F.);
#8504 = EDGE_CURVE('',#8505,#8498,#8507,.T.);
#8505 = VERTEX_POINT('',#8506);
#8506 = CARTESIAN_POINT('',(1.283243103516,0.659121551758,1.25));
#8507 = LINE('',#8508,#8509);
#8508 = CARTESIAN_POINT('',(1.283243103516,0.659121551758,1.25));
#8509 = VECTOR('',#8510,1.);
#8510 = DIRECTION('',(0.,-1.,0.));
#8511 = ORIENTED_EDGE('',*,*,#8512,.F.);
#8512 = EDGE_CURVE('',#8224,#8505,#8513,.T.);
#8513 = B_SPLINE_CURVE_WITH_KNOTS('',1,(#8514,#8515),.UNSPECIFIED.,.F.,
  .F.,(2,2),(0.,1.),.PIECEWISE_BEZIER_KNOTS.);
#8514 = CARTESIAN_POINT('',(1.35,0.6925,0.775));
#8515 = CARTESIAN_POINT('',(1.283243103516,0.659121551758,1.25));
#8516 = B_SPLINE_SURFACE_WITH_KNOTS('',1,1,(
    (#8517,#8518)
    ,(#8519,#8520
    )),.UNSPECIFIED.,.F.,.F.,.F.,(2,2),(2,2),(0.,1.385),(0.,1.),
  .PIECEWISE_BEZIER_KNOTS.);
#8517 = CARTESIAN_POINT('',(1.35,0.6925,0.775));
#8518 = CARTESIAN_POINT('',(1.283243103516,0.659121551758,1.25));
#8519 = CARTESIAN_POINT('',(1.35,-0.6925,0.775));
#8520 = CARTESIAN_POINT('',(1.283243103516,-0.659121551758,1.25));
#8521 = ADVANCED_FACE('',(#8522),#8539,.F.);
#8522 = FACE_BOUND('',#8523,.F.);
#8523 = EDGE_LOOP('',(#8524,#8525,#8532,#8538));
#8524 = ORIENTED_EDGE('',*,*,#8308,.T.);
#8525 = ORIENTED_EDGE('',*,*,#8526,.T.);
#8526 = EDGE_CURVE('',#8302,#8527,#8529,.T.);
#8527 = VERTEX_POINT('',#8528);
#8528 = CARTESIAN_POINT('',(1.2675,-0.775,0.775));
#8529 = B_SPLINE_CURVE_WITH_KNOTS('',1,(#8530,#8531),.UNSPECIFIED.,.F.,
  .F.,(2,2),(0.,1.),.PIECEWISE_BEZIER_KNOTS.);
#8530 = CARTESIAN_POINT('',(1.28,-0.8,0.775));
#8531 = CARTESIAN_POINT('',(1.2675,-0.775,0.775));
#8532 = ORIENTED_EDGE('',*,*,#8533,.F.);
#8533 = EDGE_CURVE('',#8280,#8527,#8534,.T.);
#8534 = LINE('',#8535,#8536);
#8535 = CARTESIAN_POINT('',(1.35,-0.6925,0.775));
#8536 = VECTOR('',#8537,1.);
#8537 = DIRECTION('',(-0.707106781187,-0.707106781187,0.));
#8538 = ORIENTED_EDGE('',*,*,#8279,.F.);
#8539 = B_SPLINE_SURFACE_WITH_KNOTS('',1,1,(
    (#8540,#8541)
    ,(#8542,#8543
    )),.UNSPECIFIED.,.F.,.F.,.F.,(2,2),(2,2),(0.,0.134350288425),(0.,1.)
  ,.PIECEWISE_BEZIER_KNOTS.);
#8540 = CARTESIAN_POINT('',(1.375,-0.705,0.775));
#8541 = CARTESIAN_POINT('',(1.35,-0.6925,0.775));
#8542 = CARTESIAN_POINT('',(1.28,-0.8,0.775));
#8543 = CARTESIAN_POINT('',(1.2675,-0.775,0.775));
#8544 = ADVANCED_FACE('',(#8545),#8562,.F.);
#8545 = FACE_BOUND('',#8546,.F.);
#8546 = EDGE_LOOP('',(#8547,#8548,#8555,#8561));
#8547 = ORIENTED_EDGE('',*,*,#8416,.T.);
#8548 = ORIENTED_EDGE('',*,*,#8549,.T.);
#8549 = EDGE_CURVE('',#8410,#8550,#8552,.T.);
#8550 = VERTEX_POINT('',#8551);
#8551 = CARTESIAN_POINT('',(-1.28,-0.8,0.775));
#8552 = B_SPLINE_CURVE_WITH_KNOTS('',1,(#8553,#8554),.UNSPECIFIED.,.F.,
  .F.,(2,2),(0.,1.),.PIECEWISE_BEZIER_KNOTS.);
#8553 = CARTESIAN_POINT('',(-1.28,-0.8,0.575));
#8554 = CARTESIAN_POINT('',(-1.28,-0.8,0.775));
#8555 = ORIENTED_EDGE('',*,*,#8556,.F.);
#8556 = EDGE_CURVE('',#8302,#8550,#8557,.T.);
#8557 = LINE('',#8558,#8559);
#8558 = CARTESIAN_POINT('',(1.28,-0.8,0.775));
#8559 = VECTOR('',#8560,1.);
#8560 = DIRECTION('',(-1.,0.,0.));
#8561 = ORIENTED_EDGE('',*,*,#8301,.F.);
#8562 = PLANE('',#8563);
#8563 = AXIS2_PLACEMENT_3D('',#8564,#8565,#8566);
#8564 = CARTESIAN_POINT('',(1.28,-0.8,0.775));
#8565 = DIRECTION('',(0.,1.,0.));
#8566 = DIRECTION('',(-1.,0.,0.));
#8567 = ADVANCED_FACE('',(#8568),#8592,.F.);
#8568 = FACE_BOUND('',#8569,.F.);
#8569 = EDGE_LOOP('',(#8570,#8577,#8578,#8586));
#8570 = ORIENTED_EDGE('',*,*,#8571,.F.);
#8571 = EDGE_CURVE('',#8348,#8572,#8574,.T.);
#8572 = VERTEX_POINT('',#8573);
#8573 = CARTESIAN_POINT('',(-1.375,-0.705,0.775));
#8574 = B_SPLINE_CURVE_WITH_KNOTS('',1,(#8575,#8576),.UNSPECIFIED.,.F.,
  .F.,(2,2),(0.,1.),.PIECEWISE_BEZIER_KNOTS.);
#8575 = CARTESIAN_POINT('',(-1.375,-0.705,0.575));
#8576 = CARTESIAN_POINT('',(-1.375,-0.705,0.775));
#8577 = ORIENTED_EDGE('',*,*,#8347,.T.);
#8578 = ORIENTED_EDGE('',*,*,#8579,.T.);
#8579 = EDGE_CURVE('',#8340,#8580,#8582,.T.);
#8580 = VERTEX_POINT('',#8581);
#8581 = CARTESIAN_POINT('',(-1.375,-0.325,0.775));
#8582 = LINE('',#8583,#8584);
#8583 = CARTESIAN_POINT('',(-1.375,-0.325,0.576887451393));
#8584 = VECTOR('',#8585,1.);
#8585 = DIRECTION('',(0.,0.,1.));
#8586 = ORIENTED_EDGE('',*,*,#8587,.F.);
#8587 = EDGE_CURVE('',#8572,#8580,#8588,.T.);
#8588 = LINE('',#8589,#8590);
#8589 = CARTESIAN_POINT('',(-1.375,-0.705,0.775));
#8590 = VECTOR('',#8591,1.);
#8591 = DIRECTION('',(0.,1.,0.));
#8592 = PLANE('',#8593);
#8593 = AXIS2_PLACEMENT_3D('',#8594,#8595,#8596);
#8594 = CARTESIAN_POINT('',(-1.375,-0.705,0.775));
#8595 = DIRECTION('',(1.,0.,0.));
#8596 = DIRECTION('',(-0.,1.,0.));
#8597 = ADVANCED_FACE('',(#8598),#8622,.F.);
#8598 = FACE_BOUND('',#8599,.F.);
#8599 = EDGE_LOOP('',(#8600,#8608,#8609,#8616));
#8600 = ORIENTED_EDGE('',*,*,#8601,.F.);
#8601 = EDGE_CURVE('',#8332,#8602,#8604,.T.);
#8602 = VERTEX_POINT('',#8603);
#8603 = CARTESIAN_POINT('',(-1.375,0.325,0.775));
#8604 = LINE('',#8605,#8606);
#8605 = CARTESIAN_POINT('',(-1.375,0.325,0.576887451393));
#8606 = VECTOR('',#8607,1.);
#8607 = DIRECTION('',(0.,0.,1.));
#8608 = ORIENTED_EDGE('',*,*,#8331,.T.);
#8609 = ORIENTED_EDGE('',*,*,#8610,.T.);
#8610 = EDGE_CURVE('',#8325,#8611,#8613,.T.);
#8611 = VERTEX_POINT('',#8612);
#8612 = CARTESIAN_POINT('',(-1.375,0.705,0.775));
#8613 = B_SPLINE_CURVE_WITH_KNOTS('',1,(#8614,#8615),.UNSPECIFIED.,.F.,
  .F.,(2,2),(0.,1.),.PIECEWISE_BEZIER_KNOTS.);
#8614 = CARTESIAN_POINT('',(-1.375,0.705,0.575));
#8615 = CARTESIAN_POINT('',(-1.375,0.705,0.775));
#8616 = ORIENTED_EDGE('',*,*,#8617,.F.);
#8617 = EDGE_CURVE('',#8602,#8611,#8618,.T.);
#8618 = LINE('',#8619,#8620);
#8619 = CARTESIAN_POINT('',(-1.375,-0.705,0.775));
#8620 = VECTOR('',#8621,1.);
#8621 = DIRECTION('',(0.,1.,0.));
#8622 = PLANE('',#8623);
#8623 = AXIS2_PLACEMENT_3D('',#8624,#8625,#8626);
#8624 = CARTESIAN_POINT('',(-1.375,-0.705,0.775));
#8625 = DIRECTION('',(1.,0.,0.));
#8626 = DIRECTION('',(-0.,1.,0.));
#8627 = ADVANCED_FACE('',(#8628),#8655,.F.);
#8628 = FACE_BOUND('',#8629,.F.);
#8629 = EDGE_LOOP('',(#8630,#8631,#8640,#8648));
#8630 = ORIENTED_EDGE('',*,*,#8339,.T.);
#8631 = ORIENTED_EDGE('',*,*,#8632,.T.);
#8632 = EDGE_CURVE('',#8332,#8633,#8635,.T.);
#8633 = VERTEX_POINT('',#8634);
#8634 = CARTESIAN_POINT('',(-1.495,0.325,0.455));
#8635 = CIRCLE('',#8636,0.12);
#8636 = AXIS2_PLACEMENT_3D('',#8637,#8638,#8639);
#8637 = CARTESIAN_POINT('',(-1.375,0.325,0.455));
#8638 = DIRECTION('',(-1.110223024625E-16,-1.,0.));
#8639 = DIRECTION('',(9.251858538543E-16,-1.027162637006E-31,1.));
#8640 = ORIENTED_EDGE('',*,*,#8641,.F.);
#8641 = EDGE_CURVE('',#8642,#8633,#8644,.T.);
#8642 = VERTEX_POINT('',#8643);
#8643 = CARTESIAN_POINT('',(-1.495,-0.325,0.455));
#8644 = LINE('',#8645,#8646);
#8645 = CARTESIAN_POINT('',(-1.495,-0.325,0.455));
#8646 = VECTOR('',#8647,1.);
#8647 = DIRECTION('',(1.110223024625E-16,1.,0.));
#8648 = ORIENTED_EDGE('',*,*,#8649,.F.);
#8649 = EDGE_CURVE('',#8340,#8642,#8650,.T.);
#8650 = CIRCLE('',#8651,0.12);
#8651 = AXIS2_PLACEMENT_3D('',#8652,#8653,#8654);
#8652 = CARTESIAN_POINT('',(-1.375,-0.325,0.455));
#8653 = DIRECTION('',(-1.110223024625E-16,-1.,0.));
#8654 = DIRECTION('',(9.251858538543E-16,-1.027162637006E-31,1.));
#8655 = CYLINDRICAL_SURFACE('',#8656,0.12);
#8656 = AXIS2_PLACEMENT_3D('',#8657,#8658,#8659);
#8657 = CARTESIAN_POINT('',(-1.375,-0.325,0.455));
#8658 = DIRECTION('',(-1.110223024625E-16,-1.,0.));
#8659 = DIRECTION('',(9.251858538543E-16,-1.027162637006E-31,1.));
#8660 = ADVANCED_FACE('',(#8661),#8672,.F.);
#8661 = FACE_BOUND('',#8662,.F.);
#8662 = EDGE_LOOP('',(#8663,#8664,#8665,#8671));
#8663 = ORIENTED_EDGE('',*,*,#8376,.T.);
#8664 = ORIENTED_EDGE('',*,*,#8481,.T.);
#8665 = ORIENTED_EDGE('',*,*,#8666,.F.);
#8666 = EDGE_CURVE('',#8611,#8474,#8667,.T.);
#8667 = LINE('',#8668,#8669);
#8668 = CARTESIAN_POINT('',(-1.375,0.705,0.775));
#8669 = VECTOR('',#8670,1.);
#8670 = DIRECTION('',(0.707106781187,0.707106781187,0.));
#8671 = ORIENTED_EDGE('',*,*,#8610,.F.);
#8672 = PLANE('',#8673);
#8673 = AXIS2_PLACEMENT_3D('',#8674,#8675,#8676);
#8674 = CARTESIAN_POINT('',(-1.375,0.705,0.775));
#8675 = DIRECTION('',(0.707106781187,-0.707106781187,0.));
#8676 = DIRECTION('',(0.707106781187,0.707106781187,0.));
#8677 = ADVANCED_FACE('',(#8678),#8689,.F.);
#8678 = FACE_BOUND('',#8679,.F.);
#8679 = EDGE_LOOP('',(#8680,#8681,#8682,#8688));
#8680 = ORIENTED_EDGE('',*,*,#8433,.T.);
#8681 = ORIENTED_EDGE('',*,*,#8571,.T.);
#8682 = ORIENTED_EDGE('',*,*,#8683,.F.);
#8683 = EDGE_CURVE('',#8550,#8572,#8684,.T.);
#8684 = LINE('',#8685,#8686);
#8685 = CARTESIAN_POINT('',(-1.28,-0.8,0.775));
#8686 = VECTOR('',#8687,1.);
#8687 = DIRECTION('',(-0.707106781187,0.707106781187,0.));
#8688 = ORIENTED_EDGE('',*,*,#8549,.F.);
#8689 = PLANE('',#8690);
#8690 = AXIS2_PLACEMENT_3D('',#8691,#8692,#8693);
#8691 = CARTESIAN_POINT('',(-1.28,-0.8,0.775));
#8692 = DIRECTION('',(0.707106781187,0.707106781187,0.));
#8693 = DIRECTION('',(-0.707106781187,0.707106781187,0.));
#8694 = ADVANCED_FACE('',(#8695),#8712,.F.);
#8695 = FACE_BOUND('',#8696,.F.);
#8696 = EDGE_LOOP('',(#8697,#8698,#8699,#8707));
#8697 = ORIENTED_EDGE('',*,*,#8450,.T.);
#8698 = ORIENTED_EDGE('',*,*,#8512,.T.);
#8699 = ORIENTED_EDGE('',*,*,#8700,.F.);
#8700 = EDGE_CURVE('',#8701,#8505,#8703,.T.);
#8701 = VERTEX_POINT('',#8702);
#8702 = CARTESIAN_POINT('',(1.234121551758,0.708243103516,1.25));
#8703 = LINE('',#8704,#8705);
#8704 = CARTESIAN_POINT('',(1.234121551758,0.708243103516,1.25));
#8705 = VECTOR('',#8706,1.);
#8706 = DIRECTION('',(0.707106781187,-0.707106781187,0.));
#8707 = ORIENTED_EDGE('',*,*,#8708,.F.);
#8708 = EDGE_CURVE('',#8451,#8701,#8709,.T.);
#8709 = B_SPLINE_CURVE_WITH_KNOTS('',1,(#8710,#8711),.UNSPECIFIED.,.F.,
  .F.,(2,2),(0.,1.),.PIECEWISE_BEZIER_KNOTS.);
#8710 = CARTESIAN_POINT('',(1.2675,0.775,0.775));
#8711 = CARTESIAN_POINT('',(1.234121551758,0.708243103516,1.25));
#8712 = B_SPLINE_SURFACE_WITH_KNOTS('',1,1,(
    (#8713,#8714)
    ,(#8715,#8716
    )),.UNSPECIFIED.,.F.,.F.,.F.,(2,2),(2,2),(0.,0.116672618896),(0.,1.)
  ,.PIECEWISE_BEZIER_KNOTS.);
#8713 = CARTESIAN_POINT('',(1.2675,0.775,0.775));
#8714 = CARTESIAN_POINT('',(1.234121551758,0.708243103516,1.25));
#8715 = CARTESIAN_POINT('',(1.35,0.6925,0.775));
#8716 = CARTESIAN_POINT('',(1.283243103516,0.659121551758,1.25));
#8717 = ADVANCED_FACE('',(#8718),#8735,.F.);
#8718 = FACE_BOUND('',#8719,.F.);
#8719 = EDGE_LOOP('',(#8720,#8721,#8722,#8730));
#8720 = ORIENTED_EDGE('',*,*,#8473,.T.);
#8721 = ORIENTED_EDGE('',*,*,#8458,.T.);
#8722 = ORIENTED_EDGE('',*,*,#8723,.F.);
#8723 = EDGE_CURVE('',#8724,#8451,#8726,.T.);
#8724 = VERTEX_POINT('',#8725);
#8725 = CARTESIAN_POINT('',(-1.2675,0.775,0.775));
#8726 = LINE('',#8727,#8728);
#8727 = CARTESIAN_POINT('',(-1.2675,0.775,0.775));
#8728 = VECTOR('',#8729,1.);
#8729 = DIRECTION('',(1.,0.,0.));
#8730 = ORIENTED_EDGE('',*,*,#8731,.F.);
#8731 = EDGE_CURVE('',#8474,#8724,#8732,.T.);
#8732 = B_SPLINE_CURVE_WITH_KNOTS('',1,(#8733,#8734),.UNSPECIFIED.,.F.,
  .F.,(2,2),(0.,1.),.PIECEWISE_BEZIER_KNOTS.);
#8733 = CARTESIAN_POINT('',(-1.28,0.8,0.775));
#8734 = CARTESIAN_POINT('',(-1.2675,0.775,0.775));
#8735 = B_SPLINE_SURFACE_WITH_KNOTS('',1,1,(
    (#8736,#8737)
    ,(#8738,#8739
    )),.UNSPECIFIED.,.F.,.F.,.F.,(2,2),(2,2),(0.,2.56),(0.,1.),
  .PIECEWISE_BEZIER_KNOTS.);
#8736 = CARTESIAN_POINT('',(-1.28,0.8,0.775));
#8737 = CARTESIAN_POINT('',(-1.2675,0.775,0.775));
#8738 = CARTESIAN_POINT('',(1.28,0.8,0.775));
#8739 = CARTESIAN_POINT('',(1.2675,0.775,0.775));
#8740 = ADVANCED_FACE('',(#8741,#8791),#8825,.T.);
#8741 = FACE_BOUND('',#8742,.T.);
#8742 = EDGE_LOOP('',(#8743,#8753,#8761,#8769,#8775,#8776,#8777,#8785));
#8743 = ORIENTED_EDGE('',*,*,#8744,.F.);
#8744 = EDGE_CURVE('',#8745,#8747,#8749,.T.);
#8745 = VERTEX_POINT('',#8746);
#8746 = CARTESIAN_POINT('',(-1.283243103516,-0.659121551758,1.25));
#8747 = VERTEX_POINT('',#8748);
#8748 = CARTESIAN_POINT('',(-1.283243103516,0.659121551758,1.25));
#8749 = LINE('',#8750,#8751);
#8750 = CARTESIAN_POINT('',(-1.283243103516,-0.659121551758,1.25));
#8751 = VECTOR('',#8752,1.);
#8752 = DIRECTION('',(0.,1.,0.));
#8753 = ORIENTED_EDGE('',*,*,#8754,.F.);
#8754 = EDGE_CURVE('',#8755,#8745,#8757,.T.);
#8755 = VERTEX_POINT('',#8756);
#8756 = CARTESIAN_POINT('',(-1.234121551758,-0.708243103516,1.25));
#8757 = LINE('',#8758,#8759);
#8758 = CARTESIAN_POINT('',(-1.234121551758,-0.708243103516,1.25));
#8759 = VECTOR('',#8760,1.);
#8760 = DIRECTION('',(-0.707106781187,0.707106781187,0.));
#8761 = ORIENTED_EDGE('',*,*,#8762,.F.);
#8762 = EDGE_CURVE('',#8763,#8755,#8765,.T.);
#8763 = VERTEX_POINT('',#8764);
#8764 = CARTESIAN_POINT('',(1.234121551758,-0.708243103516,1.25));
#8765 = LINE('',#8766,#8767);
#8766 = CARTESIAN_POINT('',(1.234121551758,-0.708243103516,1.25));
#8767 = VECTOR('',#8768,1.);
#8768 = DIRECTION('',(-1.,0.,0.));
#8769 = ORIENTED_EDGE('',*,*,#8770,.F.);
#8770 = EDGE_CURVE('',#8498,#8763,#8771,.T.);
#8771 = LINE('',#8772,#8773);
#8772 = CARTESIAN_POINT('',(1.283243103516,-0.659121551758,1.25));
#8773 = VECTOR('',#8774,1.);
#8774 = DIRECTION('',(-0.707106781187,-0.707106781187,0.));
#8775 = ORIENTED_EDGE('',*,*,#8504,.F.);
#8776 = ORIENTED_EDGE('',*,*,#8700,.F.);
#8777 = ORIENTED_EDGE('',*,*,#8778,.F.);
#8778 = EDGE_CURVE('',#8779,#8701,#8781,.T.);
#8779 = VERTEX_POINT('',#8780);
#8780 = CARTESIAN_POINT('',(-1.234121551758,0.708243103516,1.25));
#8781 = LINE('',#8782,#8783);
#8782 = CARTESIAN_POINT('',(-1.234121551758,0.708243103516,1.25));
#8783 = VECTOR('',#8784,1.);
#8784 = DIRECTION('',(1.,0.,0.));
#8785 = ORIENTED_EDGE('',*,*,#8786,.F.);
#8786 = EDGE_CURVE('',#8747,#8779,#8787,.T.);
#8787 = LINE('',#8788,#8789);
#8788 = CARTESIAN_POINT('',(-1.283243103516,0.659121551758,1.25));
#8789 = VECTOR('',#8790,1.);
#8790 = DIRECTION('',(0.707106781187,0.707106781187,0.));
#8791 = FACE_BOUND('',#8792,.T.);
#8792 = EDGE_LOOP('',(#8793,#8803,#8811,#8819));
#8793 = ORIENTED_EDGE('',*,*,#8794,.T.);
#8794 = EDGE_CURVE('',#8795,#8797,#8799,.T.);
#8795 = VERTEX_POINT('',#8796);
#8796 = CARTESIAN_POINT('',(-0.683243103516,-0.608243103516,1.25));
#8797 = VERTEX_POINT('',#8798);
#8798 = CARTESIAN_POINT('',(-1.183243103516,-0.608243103516,1.25));
#8799 = LINE('',#8800,#8801);
#8800 = CARTESIAN_POINT('',(-1.233243103516,-0.608243103516,1.25));
#8801 = VECTOR('',#8802,1.);
#8802 = DIRECTION('',(-1.,0.,0.));
#8803 = ORIENTED_EDGE('',*,*,#8804,.T.);
#8804 = EDGE_CURVE('',#8797,#8805,#8807,.T.);
#8805 = VERTEX_POINT('',#8806);
#8806 = CARTESIAN_POINT('',(-1.183243103516,0.608243103516,1.25));
#8807 = LINE('',#8808,#8809);
#8808 = CARTESIAN_POINT('',(-1.183243103516,-0.633682327637,1.25));
#8809 = VECTOR('',#8810,1.);
#8810 = DIRECTION('',(0.,1.,0.));
#8811 = ORIENTED_EDGE('',*,*,#8812,.F.);
#8812 = EDGE_CURVE('',#8813,#8805,#8815,.T.);
#8813 = VERTEX_POINT('',#8814);
#8814 = CARTESIAN_POINT('',(-0.683243103516,0.608243103516,1.25));
#8815 = LINE('',#8816,#8817);
#8816 = CARTESIAN_POINT('',(-1.233243103516,0.608243103516,1.25));
#8817 = VECTOR('',#8818,1.);
#8818 = DIRECTION('',(-1.,0.,0.));
#8819 = ORIENTED_EDGE('',*,*,#8820,.F.);
#8820 = EDGE_CURVE('',#8795,#8813,#8821,.T.);
#8821 = LINE('',#8822,#8823);
#8822 = CARTESIAN_POINT('',(-0.683243103516,-0.633682327637,1.25));
#8823 = VECTOR('',#8824,1.);
#8824 = DIRECTION('',(0.,1.,0.));
#8825 = PLANE('',#8826);
#8826 = AXIS2_PLACEMENT_3D('',#8827,#8828,#8829);
#8827 = CARTESIAN_POINT('',(-1.283243103516,-0.659121551758,1.25));
#8828 = DIRECTION('',(0.,0.,1.));
#8829 = DIRECTION('',(0.889522261294,0.456891832562,-0.));
#8830 = ADVANCED_FACE('',(#8831),#8841,.F.);
#8831 = FACE_BOUND('',#8832,.F.);
#8832 = EDGE_LOOP('',(#8833,#8834,#8839,#8840));
#8833 = ORIENTED_EDGE('',*,*,#8533,.T.);
#8834 = ORIENTED_EDGE('',*,*,#8835,.T.);
#8835 = EDGE_CURVE('',#8527,#8763,#8836,.T.);
#8836 = B_SPLINE_CURVE_WITH_KNOTS('',1,(#8837,#8838),.UNSPECIFIED.,.F.,
  .F.,(2,2),(0.,1.),.PIECEWISE_BEZIER_KNOTS.);
#8837 = CARTESIAN_POINT('',(1.2675,-0.775,0.775));
#8838 = CARTESIAN_POINT('',(1.234121551758,-0.708243103516,1.25));
#8839 = ORIENTED_EDGE('',*,*,#8770,.F.);
#8840 = ORIENTED_EDGE('',*,*,#8497,.F.);
#8841 = B_SPLINE_SURFACE_WITH_KNOTS('',1,1,(
    (#8842,#8843)
    ,(#8844,#8845
    )),.UNSPECIFIED.,.F.,.F.,.F.,(2,2),(2,2),(0.,0.116672618896),(0.,1.)
  ,.PIECEWISE_BEZIER_KNOTS.);
#8842 = CARTESIAN_POINT('',(1.35,-0.6925,0.775));
#8843 = CARTESIAN_POINT('',(1.283243103516,-0.659121551758,1.25));
#8844 = CARTESIAN_POINT('',(1.2675,-0.775,0.775));
#8845 = CARTESIAN_POINT('',(1.234121551758,-0.708243103516,1.25));
#8846 = ADVANCED_FACE('',(#8847),#8864,.F.);
#8847 = FACE_BOUND('',#8848,.F.);
#8848 = EDGE_LOOP('',(#8849,#8850,#8857,#8863));
#8849 = ORIENTED_EDGE('',*,*,#8556,.T.);
#8850 = ORIENTED_EDGE('',*,*,#8851,.T.);
#8851 = EDGE_CURVE('',#8550,#8852,#8854,.T.);
#8852 = VERTEX_POINT('',#8853);
#8853 = CARTESIAN_POINT('',(-1.2675,-0.775,0.775));
#8854 = B_SPLINE_CURVE_WITH_KNOTS('',1,(#8855,#8856),.UNSPECIFIED.,.F.,
  .F.,(2,2),(0.,1.),.PIECEWISE_BEZIER_KNOTS.);
#8855 = CARTESIAN_POINT('',(-1.28,-0.8,0.775));
#8856 = CARTESIAN_POINT('',(-1.2675,-0.775,0.775));
#8857 = ORIENTED_EDGE('',*,*,#8858,.F.);
#8858 = EDGE_CURVE('',#8527,#8852,#8859,.T.);
#8859 = LINE('',#8860,#8861);
#8860 = CARTESIAN_POINT('',(1.2675,-0.775,0.775));
#8861 = VECTOR('',#8862,1.);
#8862 = DIRECTION('',(-1.,0.,0.));
#8863 = ORIENTED_EDGE('',*,*,#8526,.F.);
#8864 = B_SPLINE_SURFACE_WITH_KNOTS('',1,1,(
    (#8865,#8866)
    ,(#8867,#8868
    )),.UNSPECIFIED.,.F.,.F.,.F.,(2,2),(2,2),(0.,2.56),(0.,1.),
  .PIECEWISE_BEZIER_KNOTS.);
#8865 = CARTESIAN_POINT('',(1.28,-0.8,0.775));
#8866 = CARTESIAN_POINT('',(1.2675,-0.775,0.775));
#8867 = CARTESIAN_POINT('',(-1.28,-0.8,0.775));
#8868 = CARTESIAN_POINT('',(-1.2675,-0.775,0.775));
#8869 = ADVANCED_FACE('',(#8870),#8894,.F.);
#8870 = FACE_BOUND('',#8871,.F.);
#8871 = EDGE_LOOP('',(#8872,#8879,#8880,#8888));
#8872 = ORIENTED_EDGE('',*,*,#8873,.F.);
#8873 = EDGE_CURVE('',#8572,#8874,#8876,.T.);
#8874 = VERTEX_POINT('',#8875);
#8875 = CARTESIAN_POINT('',(-1.35,-0.6925,0.775));
#8876 = B_SPLINE_CURVE_WITH_KNOTS('',1,(#8877,#8878),.UNSPECIFIED.,.F.,
  .F.,(2,2),(0.,1.),.PIECEWISE_BEZIER_KNOTS.);
#8877 = CARTESIAN_POINT('',(-1.375,-0.705,0.775));
#8878 = CARTESIAN_POINT('',(-1.35,-0.6925,0.775));
#8879 = ORIENTED_EDGE('',*,*,#8587,.T.);
#8880 = ORIENTED_EDGE('',*,*,#8881,.T.);
#8881 = EDGE_CURVE('',#8580,#8882,#8884,.T.);
#8882 = VERTEX_POINT('',#8883);
#8883 = CARTESIAN_POINT('',(-1.35,-0.325,0.775));
#8884 = LINE('',#8885,#8886);
#8885 = CARTESIAN_POINT('',(-1.375,-0.325,0.775));
#8886 = VECTOR('',#8887,1.);
#8887 = DIRECTION('',(1.,-1.110223024625E-16,0.));
#8888 = ORIENTED_EDGE('',*,*,#8889,.F.);
#8889 = EDGE_CURVE('',#8874,#8882,#8890,.T.);
#8890 = LINE('',#8891,#8892);
#8891 = CARTESIAN_POINT('',(-1.35,-0.6925,0.775));
#8892 = VECTOR('',#8893,1.);
#8893 = DIRECTION('',(0.,1.,0.));
#8894 = B_SPLINE_SURFACE_WITH_KNOTS('',1,1,(
    (#8895,#8896)
    ,(#8897,#8898
    )),.UNSPECIFIED.,.F.,.F.,.F.,(2,2),(2,2),(0.,1.41),(0.,1.),
  .PIECEWISE_BEZIER_KNOTS.);
#8895 = CARTESIAN_POINT('',(-1.375,-0.705,0.775));
#8896 = CARTESIAN_POINT('',(-1.35,-0.6925,0.775));
#8897 = CARTESIAN_POINT('',(-1.375,0.705,0.775));
#8898 = CARTESIAN_POINT('',(-1.35,0.6925,0.775));
#8899 = ADVANCED_FACE('',(#8900),#8969,.F.);
#8900 = FACE_BOUND('',#8901,.F.);
#8901 = EDGE_LOOP('',(#8902,#8903,#8904,#8912,#8921,#8929,#8937,#8945,
    #8954,#8962));
#8902 = ORIENTED_EDGE('',*,*,#8579,.F.);
#8903 = ORIENTED_EDGE('',*,*,#8649,.T.);
#8904 = ORIENTED_EDGE('',*,*,#8905,.T.);
#8905 = EDGE_CURVE('',#8642,#8906,#8908,.T.);
#8906 = VERTEX_POINT('',#8907);
#8907 = CARTESIAN_POINT('',(-1.495,-0.325,0.32));
#8908 = LINE('',#8909,#8910);
#8909 = CARTESIAN_POINT('',(-1.495,-0.325,0.455));
#8910 = VECTOR('',#8911,1.);
#8911 = DIRECTION('',(0.,0.,-1.));
#8912 = ORIENTED_EDGE('',*,*,#8913,.T.);
#8913 = EDGE_CURVE('',#8906,#8914,#8916,.T.);
#8914 = VERTEX_POINT('',#8915);
#8915 = CARTESIAN_POINT('',(-1.815,-0.325,-5.551115123126E-17));
#8916 = CIRCLE('',#8917,0.32);
#8917 = AXIS2_PLACEMENT_3D('',#8918,#8919,#8920);
#8918 = CARTESIAN_POINT('',(-1.815,-0.325,0.32));
#8919 = DIRECTION('',(1.110223024625E-16,1.,0.));
#8920 = DIRECTION('',(1.,-1.110223024625E-16,-8.673617379884E-16));
#8921 = ORIENTED_EDGE('',*,*,#8922,.T.);
#8922 = EDGE_CURVE('',#8914,#8923,#8925,.T.);
#8923 = VERTEX_POINT('',#8924);
#8924 = CARTESIAN_POINT('',(-1.9,-0.325,-5.551115123126E-17));
#8925 = LINE('',#8926,#8927);
#8926 = CARTESIAN_POINT('',(-1.815,-0.325,-5.551115123126E-17));
#8927 = VECTOR('',#8928,1.);
#8928 = DIRECTION('',(-1.,1.110223024625E-16,0.));
#8929 = ORIENTED_EDGE('',*,*,#8930,.T.);
#8930 = EDGE_CURVE('',#8923,#8931,#8933,.T.);
#8931 = VERTEX_POINT('',#8932);
#8932 = CARTESIAN_POINT('',(-1.9,-0.325,0.2));
#8933 = LINE('',#8934,#8935);
#8934 = CARTESIAN_POINT('',(-1.9,-0.325,-5.551115123126E-17));
#8935 = VECTOR('',#8936,1.);
#8936 = DIRECTION('',(0.,0.,1.));
#8937 = ORIENTED_EDGE('',*,*,#8938,.T.);
#8938 = EDGE_CURVE('',#8931,#8939,#8941,.T.);
#8939 = VERTEX_POINT('',#8940);
#8940 = CARTESIAN_POINT('',(-1.815,-0.325,0.2));
#8941 = LINE('',#8942,#8943);
#8942 = CARTESIAN_POINT('',(-1.9,-0.325,0.2));
#8943 = VECTOR('',#8944,1.);
#8944 = DIRECTION('',(1.,-1.110223024625E-16,0.));
#8945 = ORIENTED_EDGE('',*,*,#8946,.T.);
#8946 = EDGE_CURVE('',#8939,#8947,#8949,.T.);
#8947 = VERTEX_POINT('',#8948);
#8948 = CARTESIAN_POINT('',(-1.695,-0.325,0.32));
#8949 = CIRCLE('',#8950,0.12);
#8950 = AXIS2_PLACEMENT_3D('',#8951,#8952,#8953);
#8951 = CARTESIAN_POINT('',(-1.815,-0.325,0.32));
#8952 = DIRECTION('',(-1.110223024625E-16,-1.,0.));
#8953 = DIRECTION('',(1.850371707709E-15,-2.054325274013E-31,-1.));
#8954 = ORIENTED_EDGE('',*,*,#8955,.T.);
#8955 = EDGE_CURVE('',#8947,#8956,#8958,.T.);
#8956 = VERTEX_POINT('',#8957);
#8957 = CARTESIAN_POINT('',(-1.695,-0.325,0.455));
#8958 = LINE('',#8959,#8960);
#8959 = CARTESIAN_POINT('',(-1.695,-0.325,0.32));
#8960 = VECTOR('',#8961,1.);
#8961 = DIRECTION('',(0.,0.,1.));
#8962 = ORIENTED_EDGE('',*,*,#8963,.T.);
#8963 = EDGE_CURVE('',#8956,#8580,#8964,.T.);
#8964 = CIRCLE('',#8965,0.32);
#8965 = AXIS2_PLACEMENT_3D('',#8966,#8967,#8968);
#8966 = CARTESIAN_POINT('',(-1.375,-0.325,0.455));
#8967 = DIRECTION('',(1.110223024625E-16,1.,0.));
#8968 = DIRECTION('',(-1.,1.110223024625E-16,1.387778780781E-15));
#8969 = PLANE('',#8970);
#8970 = AXIS2_PLACEMENT_3D('',#8971,#8972,#8973);
#8971 = CARTESIAN_POINT('',(-1.606759913636,-0.325,0.378774902786));
#8972 = DIRECTION('',(1.110223024625E-16,1.,0.));
#8973 = DIRECTION('',(0.,-0.,1.));
#8974 = ADVANCED_FACE('',(#8975),#9044,.T.);
#8975 = FACE_BOUND('',#8976,.T.);
#8976 = EDGE_LOOP('',(#8977,#8978,#8979,#8987,#8996,#9004,#9012,#9020,
    #9029,#9037));
#8977 = ORIENTED_EDGE('',*,*,#8601,.F.);
#8978 = ORIENTED_EDGE('',*,*,#8632,.T.);
#8979 = ORIENTED_EDGE('',*,*,#8980,.T.);
#8980 = EDGE_CURVE('',#8633,#8981,#8983,.T.);
#8981 = VERTEX_POINT('',#8982);
#8982 = CARTESIAN_POINT('',(-1.495,0.325,0.32));
#8983 = LINE('',#8984,#8985);
#8984 = CARTESIAN_POINT('',(-1.495,0.325,0.455));
#8985 = VECTOR('',#8986,1.);
#8986 = DIRECTION('',(0.,0.,-1.));
#8987 = ORIENTED_EDGE('',*,*,#8988,.T.);
#8988 = EDGE_CURVE('',#8981,#8989,#8991,.T.);
#8989 = VERTEX_POINT('',#8990);
#8990 = CARTESIAN_POINT('',(-1.815,0.325,-5.551115123126E-17));
#8991 = CIRCLE('',#8992,0.32);
#8992 = AXIS2_PLACEMENT_3D('',#8993,#8994,#8995);
#8993 = CARTESIAN_POINT('',(-1.815,0.325,0.32));
#8994 = DIRECTION('',(1.110223024625E-16,1.,0.));
#8995 = DIRECTION('',(1.,-1.110223024625E-16,-8.673617379884E-16));
#8996 = ORIENTED_EDGE('',*,*,#8997,.T.);
#8997 = EDGE_CURVE('',#8989,#8998,#9000,.T.);
#8998 = VERTEX_POINT('',#8999);
#8999 = CARTESIAN_POINT('',(-1.9,0.325,-5.551115123126E-17));
#9000 = LINE('',#9001,#9002);
#9001 = CARTESIAN_POINT('',(-1.815,0.325,-5.551115123126E-17));
#9002 = VECTOR('',#9003,1.);
#9003 = DIRECTION('',(-1.,1.110223024625E-16,0.));
#9004 = ORIENTED_EDGE('',*,*,#9005,.T.);
#9005 = EDGE_CURVE('',#8998,#9006,#9008,.T.);
#9006 = VERTEX_POINT('',#9007);
#9007 = CARTESIAN_POINT('',(-1.9,0.325,0.2));
#9008 = LINE('',#9009,#9010);
#9009 = CARTESIAN_POINT('',(-1.9,0.325,-5.551115123126E-17));
#9010 = VECTOR('',#9011,1.);
#9011 = DIRECTION('',(0.,0.,1.));
#9012 = ORIENTED_EDGE('',*,*,#9013,.T.);
#9013 = EDGE_CURVE('',#9006,#9014,#9016,.T.);
#9014 = VERTEX_POINT('',#9015);
#9015 = CARTESIAN_POINT('',(-1.815,0.325,0.2));
#9016 = LINE('',#9017,#9018);
#9017 = CARTESIAN_POINT('',(-1.9,0.325,0.2));
#9018 = VECTOR('',#9019,1.);
#9019 = DIRECTION('',(1.,-1.110223024625E-16,0.));
#9020 = ORIENTED_EDGE('',*,*,#9021,.T.);
#9021 = EDGE_CURVE('',#9014,#9022,#9024,.T.);
#9022 = VERTEX_POINT('',#9023);
#9023 = CARTESIAN_POINT('',(-1.695,0.325,0.32));
#9024 = CIRCLE('',#9025,0.12);
#9025 = AXIS2_PLACEMENT_3D('',#9026,#9027,#9028);
#9026 = CARTESIAN_POINT('',(-1.815,0.325,0.32));
#9027 = DIRECTION('',(-1.110223024625E-16,-1.,0.));
#9028 = DIRECTION('',(1.850371707709E-15,-2.054325274013E-31,-1.));
#9029 = ORIENTED_EDGE('',*,*,#9030,.T.);
#9030 = EDGE_CURVE('',#9022,#9031,#9033,.T.);
#9031 = VERTEX_POINT('',#9032);
#9032 = CARTESIAN_POINT('',(-1.695,0.325,0.455));
#9033 = LINE('',#9034,#9035);
#9034 = CARTESIAN_POINT('',(-1.695,0.325,0.32));
#9035 = VECTOR('',#9036,1.);
#9036 = DIRECTION('',(0.,0.,1.));
#9037 = ORIENTED_EDGE('',*,*,#9038,.T.);
#9038 = EDGE_CURVE('',#9031,#8602,#9039,.T.);
#9039 = CIRCLE('',#9040,0.32);
#9040 = AXIS2_PLACEMENT_3D('',#9041,#9042,#9043);
#9041 = CARTESIAN_POINT('',(-1.375,0.325,0.455));
#9042 = DIRECTION('',(1.110223024625E-16,1.,0.));
#9043 = DIRECTION('',(-1.,1.110223024625E-16,1.387778780781E-15));
#9044 = PLANE('',#9045);
#9045 = AXIS2_PLACEMENT_3D('',#9046,#9047,#9048);
#9046 = CARTESIAN_POINT('',(-1.606759913636,0.325,0.378774902786));
#9047 = DIRECTION('',(1.110223024625E-16,1.,0.));
#9048 = DIRECTION('',(0.,-0.,1.));
#9049 = ADVANCED_FACE('',(#9050),#9074,.F.);
#9050 = FACE_BOUND('',#9051,.F.);
#9051 = EDGE_LOOP('',(#9052,#9060,#9061,#9068));
#9052 = ORIENTED_EDGE('',*,*,#9053,.F.);
#9053 = EDGE_CURVE('',#8602,#9054,#9056,.T.);
#9054 = VERTEX_POINT('',#9055);
#9055 = CARTESIAN_POINT('',(-1.35,0.325,0.775));
#9056 = LINE('',#9057,#9058);
#9057 = CARTESIAN_POINT('',(-1.375,0.325,0.775));
#9058 = VECTOR('',#9059,1.);
#9059 = DIRECTION('',(1.,-1.110223024625E-16,0.));
#9060 = ORIENTED_EDGE('',*,*,#8617,.T.);
#9061 = ORIENTED_EDGE('',*,*,#9062,.T.);
#9062 = EDGE_CURVE('',#8611,#9063,#9065,.T.);
#9063 = VERTEX_POINT('',#9064);
#9064 = CARTESIAN_POINT('',(-1.35,0.6925,0.775));
#9065 = B_SPLINE_CURVE_WITH_KNOTS('',1,(#9066,#9067),.UNSPECIFIED.,.F.,
  .F.,(2,2),(0.,1.),.PIECEWISE_BEZIER_KNOTS.);
#9066 = CARTESIAN_POINT('',(-1.375,0.705,0.775));
#9067 = CARTESIAN_POINT('',(-1.35,0.6925,0.775));
#9068 = ORIENTED_EDGE('',*,*,#9069,.F.);
#9069 = EDGE_CURVE('',#9054,#9063,#9070,.T.);
#9070 = LINE('',#9071,#9072);
#9071 = CARTESIAN_POINT('',(-1.35,-0.6925,0.775));
#9072 = VECTOR('',#9073,1.);
#9073 = DIRECTION('',(0.,1.,0.));
#9074 = B_SPLINE_SURFACE_WITH_KNOTS('',1,1,(
    (#9075,#9076)
    ,(#9077,#9078
    )),.UNSPECIFIED.,.F.,.F.,.F.,(2,2),(2,2),(0.,1.41),(0.,1.),
  .PIECEWISE_BEZIER_KNOTS.);
#9075 = CARTESIAN_POINT('',(-1.375,-0.705,0.775));
#9076 = CARTESIAN_POINT('',(-1.35,-0.6925,0.775));
#9077 = CARTESIAN_POINT('',(-1.375,0.705,0.775));
#9078 = CARTESIAN_POINT('',(-1.35,0.6925,0.775));
#9079 = ADVANCED_FACE('',(#9080),#9091,.F.);
#9080 = FACE_BOUND('',#9081,.F.);
#9081 = EDGE_LOOP('',(#9082,#9083,#9084,#9090));
#9082 = ORIENTED_EDGE('',*,*,#8641,.T.);
#9083 = ORIENTED_EDGE('',*,*,#8980,.T.);
#9084 = ORIENTED_EDGE('',*,*,#9085,.F.);
#9085 = EDGE_CURVE('',#8906,#8981,#9086,.T.);
#9086 = LINE('',#9087,#9088);
#9087 = CARTESIAN_POINT('',(-1.495,-0.325,0.32));
#9088 = VECTOR('',#9089,1.);
#9089 = DIRECTION('',(1.110223024625E-16,1.,0.));
#9090 = ORIENTED_EDGE('',*,*,#8905,.F.);
#9091 = PLANE('',#9092);
#9092 = AXIS2_PLACEMENT_3D('',#9093,#9094,#9095);
#9093 = CARTESIAN_POINT('',(-1.495,-0.325,0.455));
#9094 = DIRECTION('',(-1.,1.110223024625E-16,0.));
#9095 = DIRECTION('',(0.,0.,-1.));
#9096 = ADVANCED_FACE('',(#9097),#9108,.F.);
#9097 = FACE_BOUND('',#9098,.F.);
#9098 = EDGE_LOOP('',(#9099,#9100,#9101,#9107));
#9099 = ORIENTED_EDGE('',*,*,#8666,.T.);
#9100 = ORIENTED_EDGE('',*,*,#8731,.T.);
#9101 = ORIENTED_EDGE('',*,*,#9102,.F.);
#9102 = EDGE_CURVE('',#9063,#8724,#9103,.T.);
#9103 = LINE('',#9104,#9105);
#9104 = CARTESIAN_POINT('',(-1.35,0.6925,0.775));
#9105 = VECTOR('',#9106,1.);
#9106 = DIRECTION('',(0.707106781187,0.707106781187,0.));
#9107 = ORIENTED_EDGE('',*,*,#9062,.F.);
#9108 = B_SPLINE_SURFACE_WITH_KNOTS('',1,1,(
    (#9109,#9110)
    ,(#9111,#9112
    )),.UNSPECIFIED.,.F.,.F.,.F.,(2,2),(2,2),(0.,0.134350288425),(0.,1.)
  ,.PIECEWISE_BEZIER_KNOTS.);
#9109 = CARTESIAN_POINT('',(-1.375,0.705,0.775));
#9110 = CARTESIAN_POINT('',(-1.35,0.6925,0.775));
#9111 = CARTESIAN_POINT('',(-1.28,0.8,0.775));
#9112 = CARTESIAN_POINT('',(-1.2675,0.775,0.775));
#9113 = ADVANCED_FACE('',(#9114),#9125,.F.);
#9114 = FACE_BOUND('',#9115,.F.);
#9115 = EDGE_LOOP('',(#9116,#9117,#9118,#9124));
#9116 = ORIENTED_EDGE('',*,*,#8683,.T.);
#9117 = ORIENTED_EDGE('',*,*,#8873,.T.);
#9118 = ORIENTED_EDGE('',*,*,#9119,.F.);
#9119 = EDGE_CURVE('',#8852,#8874,#9120,.T.);
#9120 = LINE('',#9121,#9122);
#9121 = CARTESIAN_POINT('',(-1.2675,-0.775,0.775));
#9122 = VECTOR('',#9123,1.);
#9123 = DIRECTION('',(-0.707106781187,0.707106781187,0.));
#9124 = ORIENTED_EDGE('',*,*,#8851,.F.);
#9125 = B_SPLINE_SURFACE_WITH_KNOTS('',1,1,(
    (#9126,#9127)
    ,(#9128,#9129
    )),.UNSPECIFIED.,.F.,.F.,.F.,(2,2),(2,2),(0.,0.134350288425),(0.,1.)
  ,.PIECEWISE_BEZIER_KNOTS.);
#9126 = CARTESIAN_POINT('',(-1.28,-0.8,0.775));
#9127 = CARTESIAN_POINT('',(-1.2675,-0.775,0.775));
#9128 = CARTESIAN_POINT('',(-1.375,-0.705,0.775));
#9129 = CARTESIAN_POINT('',(-1.35,-0.6925,0.775));
#9130 = ADVANCED_FACE('',(#9131),#9141,.F.);
#9131 = FACE_BOUND('',#9132,.F.);
#9132 = EDGE_LOOP('',(#9133,#9134,#9135,#9136));
#9133 = ORIENTED_EDGE('',*,*,#8723,.T.);
#9134 = ORIENTED_EDGE('',*,*,#8708,.T.);
#9135 = ORIENTED_EDGE('',*,*,#8778,.F.);
#9136 = ORIENTED_EDGE('',*,*,#9137,.F.);
#9137 = EDGE_CURVE('',#8724,#8779,#9138,.T.);
#9138 = B_SPLINE_CURVE_WITH_KNOTS('',1,(#9139,#9140),.UNSPECIFIED.,.F.,
  .F.,(2,2),(0.,1.),.PIECEWISE_BEZIER_KNOTS.);
#9139 = CARTESIAN_POINT('',(-1.2675,0.775,0.775));
#9140 = CARTESIAN_POINT('',(-1.234121551758,0.708243103516,1.25));
#9141 = B_SPLINE_SURFACE_WITH_KNOTS('',1,1,(
    (#9142,#9143)
    ,(#9144,#9145
    )),.UNSPECIFIED.,.F.,.F.,.F.,(2,2),(2,2),(0.,2.535),(0.,1.),
  .PIECEWISE_BEZIER_KNOTS.);
#9142 = CARTESIAN_POINT('',(-1.2675,0.775,0.775));
#9143 = CARTESIAN_POINT('',(-1.234121551758,0.708243103516,1.25));
#9144 = CARTESIAN_POINT('',(1.2675,0.775,0.775));
#9145 = CARTESIAN_POINT('',(1.234121551758,0.708243103516,1.25));
#9146 = ADVANCED_FACE('',(#9147),#9168,.F.);
#9147 = FACE_BOUND('',#9148,.F.);
#9148 = EDGE_LOOP('',(#9149,#9150,#9156,#9157,#9162,#9163));
#9149 = ORIENTED_EDGE('',*,*,#8889,.T.);
#9150 = ORIENTED_EDGE('',*,*,#9151,.T.);
#9151 = EDGE_CURVE('',#8882,#9054,#9152,.T.);
#9152 = LINE('',#9153,#9154);
#9153 = CARTESIAN_POINT('',(-1.35,-0.6925,0.775));
#9154 = VECTOR('',#9155,1.);
#9155 = DIRECTION('',(0.,1.,0.));
#9156 = ORIENTED_EDGE('',*,*,#9069,.T.);
#9157 = ORIENTED_EDGE('',*,*,#9158,.T.);
#9158 = EDGE_CURVE('',#9063,#8747,#9159,.T.);
#9159 = B_SPLINE_CURVE_WITH_KNOTS('',1,(#9160,#9161),.UNSPECIFIED.,.F.,
  .F.,(2,2),(0.,1.),.PIECEWISE_BEZIER_KNOTS.);
#9160 = CARTESIAN_POINT('',(-1.35,0.6925,0.775));
#9161 = CARTESIAN_POINT('',(-1.283243103516,0.659121551758,1.25));
#9162 = ORIENTED_EDGE('',*,*,#8744,.F.);
#9163 = ORIENTED_EDGE('',*,*,#9164,.F.);
#9164 = EDGE_CURVE('',#8874,#8745,#9165,.T.);
#9165 = B_SPLINE_CURVE_WITH_KNOTS('',1,(#9166,#9167),.UNSPECIFIED.,.F.,
  .F.,(2,2),(0.,1.),.PIECEWISE_BEZIER_KNOTS.);
#9166 = CARTESIAN_POINT('',(-1.35,-0.6925,0.775));
#9167 = CARTESIAN_POINT('',(-1.283243103516,-0.659121551758,1.25));
#9168 = B_SPLINE_SURFACE_WITH_KNOTS('',1,1,(
    (#9169,#9170)
    ,(#9171,#9172
    )),.UNSPECIFIED.,.F.,.F.,.F.,(2,2),(2,2),(0.,1.385),(0.,1.),
  .PIECEWISE_BEZIER_KNOTS.);
#9169 = CARTESIAN_POINT('',(-1.35,-0.6925,0.775));
#9170 = CARTESIAN_POINT('',(-1.283243103516,-0.659121551758,1.25));
#9171 = CARTESIAN_POINT('',(-1.35,0.6925,0.775));
#9172 = CARTESIAN_POINT('',(-1.283243103516,0.659121551758,1.25));
#9173 = ADVANCED_FACE('',(#9174),#9184,.F.);
#9174 = FACE_BOUND('',#9175,.F.);
#9175 = EDGE_LOOP('',(#9176,#9177,#9178,#9179));
#9176 = ORIENTED_EDGE('',*,*,#9119,.T.);
#9177 = ORIENTED_EDGE('',*,*,#9164,.T.);
#9178 = ORIENTED_EDGE('',*,*,#8754,.F.);
#9179 = ORIENTED_EDGE('',*,*,#9180,.F.);
#9180 = EDGE_CURVE('',#8852,#8755,#9181,.T.);
#9181 = B_SPLINE_CURVE_WITH_KNOTS('',1,(#9182,#9183),.UNSPECIFIED.,.F.,
  .F.,(2,2),(0.,1.),.PIECEWISE_BEZIER_KNOTS.);
#9182 = CARTESIAN_POINT('',(-1.2675,-0.775,0.775));
#9183 = CARTESIAN_POINT('',(-1.234121551758,-0.708243103516,1.25));
#9184 = B_SPLINE_SURFACE_WITH_KNOTS('',1,1,(
    (#9185,#9186)
    ,(#9187,#9188
    )),.UNSPECIFIED.,.F.,.F.,.F.,(2,2),(2,2),(0.,0.116672618896),(0.,1.)
  ,.PIECEWISE_BEZIER_KNOTS.);
#9185 = CARTESIAN_POINT('',(-1.2675,-0.775,0.775));
#9186 = CARTESIAN_POINT('',(-1.234121551758,-0.708243103516,1.25));
#9187 = CARTESIAN_POINT('',(-1.35,-0.6925,0.775));
#9188 = CARTESIAN_POINT('',(-1.283243103516,-0.659121551758,1.25));
#9189 = ADVANCED_FACE('',(#9190),#9196,.F.);
#9190 = FACE_BOUND('',#9191,.F.);
#9191 = EDGE_LOOP('',(#9192,#9193,#9194,#9195));
#9192 = ORIENTED_EDGE('',*,*,#9102,.T.);
#9193 = ORIENTED_EDGE('',*,*,#9137,.T.);
#9194 = ORIENTED_EDGE('',*,*,#8786,.F.);
#9195 = ORIENTED_EDGE('',*,*,#9158,.F.);
#9196 = B_SPLINE_SURFACE_WITH_KNOTS('',1,1,(
    (#9197,#9198)
    ,(#9199,#9200
    )),.UNSPECIFIED.,.F.,.F.,.F.,(2,2),(2,2),(0.,0.116672618896),(0.,1.)
  ,.PIECEWISE_BEZIER_KNOTS.);
#9197 = CARTESIAN_POINT('',(-1.35,0.6925,0.775));
#9198 = CARTESIAN_POINT('',(-1.283243103516,0.659121551758,1.25));
#9199 = CARTESIAN_POINT('',(-1.2675,0.775,0.775));
#9200 = CARTESIAN_POINT('',(-1.234121551758,0.708243103516,1.25));
#9201 = ADVANCED_FACE('',(#9202),#9208,.F.);
#9202 = FACE_BOUND('',#9203,.F.);
#9203 = EDGE_LOOP('',(#9204,#9205,#9206,#9207));
#9204 = ORIENTED_EDGE('',*,*,#8858,.T.);
#9205 = ORIENTED_EDGE('',*,*,#9180,.T.);
#9206 = ORIENTED_EDGE('',*,*,#8762,.F.);
#9207 = ORIENTED_EDGE('',*,*,#8835,.F.);
#9208 = B_SPLINE_SURFACE_WITH_KNOTS('',1,1,(
    (#9209,#9210)
    ,(#9211,#9212
    )),.UNSPECIFIED.,.F.,.F.,.F.,(2,2),(2,2),(0.,2.535),(0.,1.),
  .PIECEWISE_BEZIER_KNOTS.);
#9209 = CARTESIAN_POINT('',(1.2675,-0.775,0.775));
#9210 = CARTESIAN_POINT('',(1.234121551758,-0.708243103516,1.25));
#9211 = CARTESIAN_POINT('',(-1.2675,-0.775,0.775));
#9212 = CARTESIAN_POINT('',(-1.234121551758,-0.708243103516,1.25));
#9213 = ADVANCED_FACE('',(#9214),#9239,.T.);
#9214 = FACE_BOUND('',#9215,.T.);
#9215 = EDGE_LOOP('',(#9216,#9224,#9232,#9238));
#9216 = ORIENTED_EDGE('',*,*,#9217,.F.);
#9217 = EDGE_CURVE('',#9218,#8795,#9220,.T.);
#9218 = VERTEX_POINT('',#9219);
#9219 = CARTESIAN_POINT('',(-0.683243103516,-0.608243103516,1.24));
#9220 = LINE('',#9221,#9222);
#9221 = CARTESIAN_POINT('',(-0.683243103516,-0.608243103516,1.24));
#9222 = VECTOR('',#9223,1.);
#9223 = DIRECTION('',(0.,0.,1.));
#9224 = ORIENTED_EDGE('',*,*,#9225,.F.);
#9225 = EDGE_CURVE('',#9226,#9218,#9228,.T.);
#9226 = VERTEX_POINT('',#9227);
#9227 = CARTESIAN_POINT('',(-1.183243103516,-0.608243103516,1.24));
#9228 = LINE('',#9229,#9230);
#9229 = CARTESIAN_POINT('',(-1.183243103516,-0.608243103516,1.24));
#9230 = VECTOR('',#9231,1.);
#9231 = DIRECTION('',(1.,0.,0.));
#9232 = ORIENTED_EDGE('',*,*,#9233,.T.);
#9233 = EDGE_CURVE('',#9226,#8797,#9234,.T.);
#9234 = LINE('',#9235,#9236);
#9235 = CARTESIAN_POINT('',(-1.183243103516,-0.608243103516,1.24));
#9236 = VECTOR('',#9237,1.);
#9237 = DIRECTION('',(0.,0.,1.));
#9238 = ORIENTED_EDGE('',*,*,#8794,.F.);
#9239 = PLANE('',#9240);
#9240 = AXIS2_PLACEMENT_3D('',#9241,#9242,#9243);
#9241 = CARTESIAN_POINT('',(-1.183243103516,-0.608243103516,1.24));
#9242 = DIRECTION('',(0.,1.,0.));
#9243 = DIRECTION('',(0.,-0.,1.));
#9244 = ADVANCED_FACE('',(#9245),#9263,.F.);
#9245 = FACE_BOUND('',#9246,.F.);
#9246 = EDGE_LOOP('',(#9247,#9248,#9256,#9262));
#9247 = ORIENTED_EDGE('',*,*,#9217,.F.);
#9248 = ORIENTED_EDGE('',*,*,#9249,.T.);
#9249 = EDGE_CURVE('',#9218,#9250,#9252,.T.);
#9250 = VERTEX_POINT('',#9251);
#9251 = CARTESIAN_POINT('',(-0.683243103516,0.608243103516,1.24));
#9252 = LINE('',#9253,#9254);
#9253 = CARTESIAN_POINT('',(-0.683243103516,-0.608243103516,1.24));
#9254 = VECTOR('',#9255,1.);
#9255 = DIRECTION('',(0.,1.,0.));
#9256 = ORIENTED_EDGE('',*,*,#9257,.T.);
#9257 = EDGE_CURVE('',#9250,#8813,#9258,.T.);
#9258 = LINE('',#9259,#9260);
#9259 = CARTESIAN_POINT('',(-0.683243103516,0.608243103516,1.24));
#9260 = VECTOR('',#9261,1.);
#9261 = DIRECTION('',(0.,0.,1.));
#9262 = ORIENTED_EDGE('',*,*,#8820,.F.);
#9263 = PLANE('',#9264);
#9264 = AXIS2_PLACEMENT_3D('',#9265,#9266,#9267);
#9265 = CARTESIAN_POINT('',(-0.683243103516,-0.608243103516,1.24));
#9266 = DIRECTION('',(1.,0.,0.));
#9267 = DIRECTION('',(0.,0.,1.));
#9268 = ADVANCED_FACE('',(#9269),#9287,.F.);
#9269 = FACE_BOUND('',#9270,.F.);
#9270 = EDGE_LOOP('',(#9271,#9272,#9280,#9286));
#9271 = ORIENTED_EDGE('',*,*,#9257,.F.);
#9272 = ORIENTED_EDGE('',*,*,#9273,.F.);
#9273 = EDGE_CURVE('',#9274,#9250,#9276,.T.);
#9274 = VERTEX_POINT('',#9275);
#9275 = CARTESIAN_POINT('',(-1.183243103516,0.608243103516,1.24));
#9276 = LINE('',#9277,#9278);
#9277 = CARTESIAN_POINT('',(-1.183243103516,0.608243103516,1.24));
#9278 = VECTOR('',#9279,1.);
#9279 = DIRECTION('',(1.,0.,0.));
#9280 = ORIENTED_EDGE('',*,*,#9281,.T.);
#9281 = EDGE_CURVE('',#9274,#8805,#9282,.T.);
#9282 = LINE('',#9283,#9284);
#9283 = CARTESIAN_POINT('',(-1.183243103516,0.608243103516,1.24));
#9284 = VECTOR('',#9285,1.);
#9285 = DIRECTION('',(0.,0.,1.));
#9286 = ORIENTED_EDGE('',*,*,#8812,.F.);
#9287 = PLANE('',#9288);
#9288 = AXIS2_PLACEMENT_3D('',#9289,#9290,#9291);
#9289 = CARTESIAN_POINT('',(-1.183243103516,0.608243103516,1.24));
#9290 = DIRECTION('',(0.,1.,0.));
#9291 = DIRECTION('',(0.,-0.,1.));
#9292 = ADVANCED_FACE('',(#9293),#9304,.T.);
#9293 = FACE_BOUND('',#9294,.T.);
#9294 = EDGE_LOOP('',(#9295,#9296,#9302,#9303));
#9295 = ORIENTED_EDGE('',*,*,#9233,.F.);
#9296 = ORIENTED_EDGE('',*,*,#9297,.T.);
#9297 = EDGE_CURVE('',#9226,#9274,#9298,.T.);
#9298 = LINE('',#9299,#9300);
#9299 = CARTESIAN_POINT('',(-1.183243103516,-0.608243103516,1.24));
#9300 = VECTOR('',#9301,1.);
#9301 = DIRECTION('',(0.,1.,0.));
#9302 = ORIENTED_EDGE('',*,*,#9281,.T.);
#9303 = ORIENTED_EDGE('',*,*,#8804,.F.);
#9304 = PLANE('',#9305);
#9305 = AXIS2_PLACEMENT_3D('',#9306,#9307,#9308);
#9306 = CARTESIAN_POINT('',(-1.183243103516,-0.608243103516,1.24));
#9307 = DIRECTION('',(1.,0.,0.));
#9308 = DIRECTION('',(0.,0.,1.));
#9309 = ADVANCED_FACE('',(#9310),#9321,.F.);
#9310 = FACE_BOUND('',#9311,.F.);
#9311 = EDGE_LOOP('',(#9312,#9313,#9319,#9320));
#9312 = ORIENTED_EDGE('',*,*,#8881,.F.);
#9313 = ORIENTED_EDGE('',*,*,#9314,.T.);
#9314 = EDGE_CURVE('',#8580,#8602,#9315,.T.);
#9315 = LINE('',#9316,#9317);
#9316 = CARTESIAN_POINT('',(-1.375,-0.325,0.775));
#9317 = VECTOR('',#9318,1.);
#9318 = DIRECTION('',(1.110223024625E-16,1.,0.));
#9319 = ORIENTED_EDGE('',*,*,#9053,.T.);
#9320 = ORIENTED_EDGE('',*,*,#9151,.F.);
#9321 = PLANE('',#9322);
#9322 = AXIS2_PLACEMENT_3D('',#9323,#9324,#9325);
#9323 = CARTESIAN_POINT('',(-1.375,-0.325,0.775));
#9324 = DIRECTION('',(0.,0.,-1.));
#9325 = DIRECTION('',(1.,-1.110223024625E-16,0.));
#9326 = ADVANCED_FACE('',(#9327),#9338,.T.);
#9327 = FACE_BOUND('',#9328,.T.);
#9328 = EDGE_LOOP('',(#9329,#9330,#9331,#9332));
#9329 = ORIENTED_EDGE('',*,*,#8963,.T.);
#9330 = ORIENTED_EDGE('',*,*,#9314,.T.);
#9331 = ORIENTED_EDGE('',*,*,#9038,.F.);
#9332 = ORIENTED_EDGE('',*,*,#9333,.F.);
#9333 = EDGE_CURVE('',#8956,#9031,#9334,.T.);
#9334 = LINE('',#9335,#9336);
#9335 = CARTESIAN_POINT('',(-1.695,-0.325,0.455));
#9336 = VECTOR('',#9337,1.);
#9337 = DIRECTION('',(1.110223024625E-16,1.,0.));
#9338 = CYLINDRICAL_SURFACE('',#9339,0.32);
#9339 = AXIS2_PLACEMENT_3D('',#9340,#9341,#9342);
#9340 = CARTESIAN_POINT('',(-1.375,-0.325,0.455));
#9341 = DIRECTION('',(-1.110223024625E-16,-1.,-0.));
#9342 = DIRECTION('',(-1.,1.110223024625E-16,1.387778780781E-15));
#9343 = ADVANCED_FACE('',(#9344),#9355,.F.);
#9344 = FACE_BOUND('',#9345,.F.);
#9345 = EDGE_LOOP('',(#9346,#9352,#9353,#9354));
#9346 = ORIENTED_EDGE('',*,*,#9347,.T.);
#9347 = EDGE_CURVE('',#8947,#9022,#9348,.T.);
#9348 = LINE('',#9349,#9350);
#9349 = CARTESIAN_POINT('',(-1.695,-0.325,0.32));
#9350 = VECTOR('',#9351,1.);
#9351 = DIRECTION('',(1.110223024625E-16,1.,0.));
#9352 = ORIENTED_EDGE('',*,*,#9030,.T.);
#9353 = ORIENTED_EDGE('',*,*,#9333,.F.);
#9354 = ORIENTED_EDGE('',*,*,#8955,.F.);
#9355 = PLANE('',#9356);
#9356 = AXIS2_PLACEMENT_3D('',#9357,#9358,#9359);
#9357 = CARTESIAN_POINT('',(-1.695,-0.325,0.32));
#9358 = DIRECTION('',(1.,-1.110223024625E-16,0.));
#9359 = DIRECTION('',(0.,0.,1.));
#9360 = ADVANCED_FACE('',(#9361),#9372,.F.);
#9361 = FACE_BOUND('',#9362,.F.);
#9362 = EDGE_LOOP('',(#9363,#9369,#9370,#9371));
#9363 = ORIENTED_EDGE('',*,*,#9364,.T.);
#9364 = EDGE_CURVE('',#8939,#9014,#9365,.T.);
#9365 = LINE('',#9366,#9367);
#9366 = CARTESIAN_POINT('',(-1.815,-0.325,0.2));
#9367 = VECTOR('',#9368,1.);
#9368 = DIRECTION('',(1.110223024625E-16,1.,0.));
#9369 = ORIENTED_EDGE('',*,*,#9021,.T.);
#9370 = ORIENTED_EDGE('',*,*,#9347,.F.);
#9371 = ORIENTED_EDGE('',*,*,#8946,.F.);
#9372 = CYLINDRICAL_SURFACE('',#9373,0.12);
#9373 = AXIS2_PLACEMENT_3D('',#9374,#9375,#9376);
#9374 = CARTESIAN_POINT('',(-1.815,-0.325,0.32));
#9375 = DIRECTION('',(-1.110223024625E-16,-1.,0.));
#9376 = DIRECTION('',(1.850371707709E-15,-2.054325274013E-31,-1.));
#9377 = ADVANCED_FACE('',(#9378),#9389,.F.);
#9378 = FACE_BOUND('',#9379,.F.);
#9379 = EDGE_LOOP('',(#9380,#9386,#9387,#9388));
#9380 = ORIENTED_EDGE('',*,*,#9381,.T.);
#9381 = EDGE_CURVE('',#8931,#9006,#9382,.T.);
#9382 = LINE('',#9383,#9384);
#9383 = CARTESIAN_POINT('',(-1.9,-0.325,0.2));
#9384 = VECTOR('',#9385,1.);
#9385 = DIRECTION('',(1.110223024625E-16,1.,0.));
#9386 = ORIENTED_EDGE('',*,*,#9013,.T.);
#9387 = ORIENTED_EDGE('',*,*,#9364,.F.);
#9388 = ORIENTED_EDGE('',*,*,#8938,.F.);
#9389 = PLANE('',#9390);
#9390 = AXIS2_PLACEMENT_3D('',#9391,#9392,#9393);
#9391 = CARTESIAN_POINT('',(-1.9,-0.325,0.2));
#9392 = DIRECTION('',(0.,0.,-1.));
#9393 = DIRECTION('',(1.,-1.110223024625E-16,0.));
#9394 = ADVANCED_FACE('',(#9395),#9406,.F.);
#9395 = FACE_BOUND('',#9396,.F.);
#9396 = EDGE_LOOP('',(#9397,#9403,#9404,#9405));
#9397 = ORIENTED_EDGE('',*,*,#9398,.T.);
#9398 = EDGE_CURVE('',#8923,#8998,#9399,.T.);
#9399 = LINE('',#9400,#9401);
#9400 = CARTESIAN_POINT('',(-1.9,-0.325,-5.551115123126E-17));
#9401 = VECTOR('',#9402,1.);
#9402 = DIRECTION('',(1.110223024625E-16,1.,0.));
#9403 = ORIENTED_EDGE('',*,*,#9005,.T.);
#9404 = ORIENTED_EDGE('',*,*,#9381,.F.);
#9405 = ORIENTED_EDGE('',*,*,#8930,.F.);
#9406 = PLANE('',#9407);
#9407 = AXIS2_PLACEMENT_3D('',#9408,#9409,#9410);
#9408 = CARTESIAN_POINT('',(-1.9,-0.325,-5.551115123126E-17));
#9409 = DIRECTION('',(1.,-1.110223024625E-16,0.));
#9410 = DIRECTION('',(0.,0.,1.));
#9411 = ADVANCED_FACE('',(#9412),#9423,.F.);
#9412 = FACE_BOUND('',#9413,.F.);
#9413 = EDGE_LOOP('',(#9414,#9420,#9421,#9422));
#9414 = ORIENTED_EDGE('',*,*,#9415,.T.);
#9415 = EDGE_CURVE('',#8914,#8989,#9416,.T.);
#9416 = LINE('',#9417,#9418);
#9417 = CARTESIAN_POINT('',(-1.815,-0.325,-5.551115123126E-17));
#9418 = VECTOR('',#9419,1.);
#9419 = DIRECTION('',(1.110223024625E-16,1.,0.));
#9420 = ORIENTED_EDGE('',*,*,#8997,.T.);
#9421 = ORIENTED_EDGE('',*,*,#9398,.F.);
#9422 = ORIENTED_EDGE('',*,*,#8922,.F.);
#9423 = PLANE('',#9424);
#9424 = AXIS2_PLACEMENT_3D('',#9425,#9426,#9427);
#9425 = CARTESIAN_POINT('',(-1.815,-0.325,-5.551115123126E-17));
#9426 = DIRECTION('',(0.,0.,1.));
#9427 = DIRECTION('',(-1.,1.110223024625E-16,0.));
#9428 = ADVANCED_FACE('',(#9429),#9435,.T.);
#9429 = FACE_BOUND('',#9430,.T.);
#9430 = EDGE_LOOP('',(#9431,#9432,#9433,#9434));
#9431 = ORIENTED_EDGE('',*,*,#8913,.T.);
#9432 = ORIENTED_EDGE('',*,*,#9415,.T.);
#9433 = ORIENTED_EDGE('',*,*,#8988,.F.);
#9434 = ORIENTED_EDGE('',*,*,#9085,.F.);
#9435 = CYLINDRICAL_SURFACE('',#9436,0.32);
#9436 = AXIS2_PLACEMENT_3D('',#9437,#9438,#9439);
#9437 = CARTESIAN_POINT('',(-1.815,-0.325,0.32));
#9438 = DIRECTION('',(-1.110223024625E-16,-1.,-0.));
#9439 = DIRECTION('',(1.,-1.110223024625E-16,-8.673617379884E-16));
#9440 = ADVANCED_FACE('',(#9441),#9447,.T.);
#9441 = FACE_BOUND('',#9442,.T.);
#9442 = EDGE_LOOP('',(#9443,#9444,#9445,#9446));
#9443 = ORIENTED_EDGE('',*,*,#9297,.F.);
#9444 = ORIENTED_EDGE('',*,*,#9225,.T.);
#9445 = ORIENTED_EDGE('',*,*,#9249,.T.);
#9446 = ORIENTED_EDGE('',*,*,#9273,.F.);
#9447 = PLANE('',#9448);
#9448 = AXIS2_PLACEMENT_3D('',#9449,#9450,#9451);
#9449 = CARTESIAN_POINT('',(-1.183243103516,-0.608243103516,1.24));
#9450 = DIRECTION('',(0.,0.,1.));
#9451 = DIRECTION('',(1.,0.,-0.));
#9452 = ( GEOMETRIC_REPRESENTATION_CONTEXT(3) 
GLOBAL_UNCERTAINTY_ASSIGNED_CONTEXT((#9456)) 
GLOBAL_UNIT_ASSIGNED_CONTEXT((#9453,#9454,#9455)) REPRESENTATION_CONTEXT
('Context #1','3D Context with UNIT and UNCERTAINTY') );
#9453 = ( LENGTH_UNIT() NAMED_UNIT(*) SI_UNIT(.MILLI.,.METRE.) );
#9454 = ( NAMED_UNIT(*) PLANE_ANGLE_UNIT() SI_UNIT($,.RADIAN.) );
#9455 = ( NAMED_UNIT(*) SI_UNIT($,.STERADIAN.) SOLID_ANGLE_UNIT() );
#9456 = UNCERTAINTY_MEASURE_WITH_UNIT(LENGTH_MEASURE(2.E-06),#9453,
  'distance_accuracy_value','confusion accuracy');
#9457 = CONTEXT_DEPENDENT_SHAPE_REPRESENTATION(#9458,#9460);
#9458 = ( REPRESENTATION_RELATIONSHIP('','',#7651,#7628) 
REPRESENTATION_RELATIONSHIP_WITH_TRANSFORMATION(#9459) 
SHAPE_REPRESENTATION_RELATIONSHIP() );
#9459 = ITEM_DEFINED_TRANSFORMATION('','',#11,#7629);
#9460 = PRODUCT_DEFINITION_SHAPE('Placement','Placement of an item',
  #9461);
#9461 = NEXT_ASSEMBLY_USAGE_OCCURRENCE('13','=>[0:1:1:11]','',#7623,
  #7646,$);
#9462 = PRODUCT_RELATED_PRODUCT_CATEGORY('part',$,(#7648));
#9463 = CONTEXT_DEPENDENT_SHAPE_REPRESENTATION(#9464,#9466);
#9464 = ( REPRESENTATION_RELATIONSHIP('','',#184,#10) 
REPRESENTATION_RELATIONSHIP_WITH_TRANSFORMATION(#9465) 
SHAPE_REPRESENTATION_RELATIONSHIP() );
#9465 = ITEM_DEFINED_TRANSFORMATION('','',#11,#51);
#9466 = PRODUCT_DEFINITION_SHAPE('Placement','Placement of an item',
  #9467);
#9467 = NEXT_ASSEMBLY_USAGE_OCCURRENCE('15','R4','',#5,#179,$);
#9468 = CONTEXT_DEPENDENT_SHAPE_REPRESENTATION(#9469,#9471);
#9469 = ( REPRESENTATION_RELATIONSHIP('','',#184,#10) 
REPRESENTATION_RELATIONSHIP_WITH_TRANSFORMATION(#9470) 
SHAPE_REPRESENTATION_RELATIONSHIP() );
#9470 = ITEM_DEFINED_TRANSFORMATION('','',#11,#55);
#9471 = PRODUCT_DEFINITION_SHAPE('Placement','Placement of an item',
  #9472);
#9472 = NEXT_ASSEMBLY_USAGE_OCCURRENCE('16','R7','',#5,#179,$);
#9473 = CONTEXT_DEPENDENT_SHAPE_REPRESENTATION(#9474,#9476);
#9474 = ( REPRESENTATION_RELATIONSHIP('','',#3142,#10) 
REPRESENTATION_RELATIONSHIP_WITH_TRANSFORMATION(#9475) 
SHAPE_REPRESENTATION_RELATIONSHIP() );
#9475 = ITEM_DEFINED_TRANSFORMATION('','',#11,#59);
#9476 = PRODUCT_DEFINITION_SHAPE('Placement','Placement of an item',
  #9477);
#9477 = NEXT_ASSEMBLY_USAGE_OCCURRENCE('17','C13','',#5,#3137,$);
#9478 = CONTEXT_DEPENDENT_SHAPE_REPRESENTATION(#9479,#9481);
#9479 = ( REPRESENTATION_RELATIONSHIP('','',#184,#10) 
REPRESENTATION_RELATIONSHIP_WITH_TRANSFORMATION(#9480) 
SHAPE_REPRESENTATION_RELATIONSHIP() );
#9480 = ITEM_DEFINED_TRANSFORMATION('','',#11,#63);
#9481 = PRODUCT_DEFINITION_SHAPE('Placement','Placement of an item',
  #9482);
#9482 = NEXT_ASSEMBLY_USAGE_OCCURRENCE('18','R2','',#5,#179,$);
#9483 = CONTEXT_DEPENDENT_SHAPE_REPRESENTATION(#9484,#9486);
#9484 = ( REPRESENTATION_RELATIONSHIP('','',#3142,#10) 
REPRESENTATION_RELATIONSHIP_WITH_TRANSFORMATION(#9485) 
SHAPE_REPRESENTATION_RELATIONSHIP() );
#9485 = ITEM_DEFINED_TRANSFORMATION('','',#11,#67);
#9486 = PRODUCT_DEFINITION_SHAPE('Placement','Placement of an item',
  #9487);
#9487 = NEXT_ASSEMBLY_USAGE_OCCURRENCE('19','C6','',#5,#3137,$);
#9488 = CONTEXT_DEPENDENT_SHAPE_REPRESENTATION(#9489,#9491);
#9489 = ( REPRESENTATION_RELATIONSHIP('','',#184,#10) 
REPRESENTATION_RELATIONSHIP_WITH_TRANSFORMATION(#9490) 
SHAPE_REPRESENTATION_RELATIONSHIP() );
#9490 = ITEM_DEFINED_TRANSFORMATION('','',#11,#71);
#9491 = PRODUCT_DEFINITION_SHAPE('Placement','Placement of an item',
  #9492);
#9492 = NEXT_ASSEMBLY_USAGE_OCCURRENCE('20','R17','',#5,#179,$);
#9493 = CONTEXT_DEPENDENT_SHAPE_REPRESENTATION(#9494,#9496);
#9494 = ( REPRESENTATION_RELATIONSHIP('','',#3142,#10) 
REPRESENTATION_RELATIONSHIP_WITH_TRANSFORMATION(#9495) 
SHAPE_REPRESENTATION_RELATIONSHIP() );
#9495 = ITEM_DEFINED_TRANSFORMATION('','',#11,#75);
#9496 = PRODUCT_DEFINITION_SHAPE('Placement','Placement of an item',
  #9497);
#9497 = NEXT_ASSEMBLY_USAGE_OCCURRENCE('21','C4','',#5,#3137,$);
#9498 = CONTEXT_DEPENDENT_SHAPE_REPRESENTATION(#9499,#9501);
#9499 = ( REPRESENTATION_RELATIONSHIP('','',#184,#10) 
REPRESENTATION_RELATIONSHIP_WITH_TRANSFORMATION(#9500) 
SHAPE_REPRESENTATION_RELATIONSHIP() );
#9500 = ITEM_DEFINED_TRANSFORMATION('','',#11,#79);
#9501 = PRODUCT_DEFINITION_SHAPE('Placement','Placement of an item',
  #9502);
#9502 = NEXT_ASSEMBLY_USAGE_OCCURRENCE('22','R19','',#5,#179,$);
#9503 = CONTEXT_DEPENDENT_SHAPE_REPRESENTATION(#9504,#9506);
#9504 = ( REPRESENTATION_RELATIONSHIP('','',#184,#10) 
REPRESENTATION_RELATIONSHIP_WITH_TRANSFORMATION(#9505) 
SHAPE_REPRESENTATION_RELATIONSHIP() );
#9505 = ITEM_DEFINED_TRANSFORMATION('','',#11,#83);
#9506 = PRODUCT_DEFINITION_SHAPE('Placement','Placement of an item',
  #9507);
#9507 = NEXT_ASSEMBLY_USAGE_OCCURRENCE('23','R25','',#5,#179,$);
#9508 = CONTEXT_DEPENDENT_SHAPE_REPRESENTATION(#9509,#9511);
#9509 = ( REPRESENTATION_RELATIONSHIP('','',#7628,#10) 
REPRESENTATION_RELATIONSHIP_WITH_TRANSFORMATION(#9510) 
SHAPE_REPRESENTATION_RELATIONSHIP() );
#9510 = ITEM_DEFINED_TRANSFORMATION('','',#11,#87);
#9511 = PRODUCT_DEFINITION_SHAPE('Placement','Placement of an item',
  #9512);
#9512 = NEXT_ASSEMBLY_USAGE_OCCURRENCE('24','D4','',#5,#7623,$);
#9513 = CONTEXT_DEPENDENT_SHAPE_REPRESENTATION(#9514,#9516);
#9514 = ( REPRESENTATION_RELATIONSHIP('','',#3142,#10) 
REPRESENTATION_RELATIONSHIP_WITH_TRANSFORMATION(#9515) 
SHAPE_REPRESENTATION_RELATIONSHIP() );
#9515 = ITEM_DEFINED_TRANSFORMATION('','',#11,#91);
#9516 = PRODUCT_DEFINITION_SHAPE('Placement','Placement of an item',
  #9517);
#9517 = NEXT_ASSEMBLY_USAGE_OCCURRENCE('25','C3','',#5,#3137,$);
#9518 = CONTEXT_DEPENDENT_SHAPE_REPRESENTATION(#9519,#9521);
#9519 = ( REPRESENTATION_RELATIONSHIP('','',#3142,#10) 
REPRESENTATION_RELATIONSHIP_WITH_TRANSFORMATION(#9520) 
SHAPE_REPRESENTATION_RELATIONSHIP() );
#9520 = ITEM_DEFINED_TRANSFORMATION('','',#11,#95);
#9521 = PRODUCT_DEFINITION_SHAPE('Placement','Placement of an item',
  #9522);
#9522 = NEXT_ASSEMBLY_USAGE_OCCURRENCE('26','C5','',#5,#3137,$);
#9523 = CONTEXT_DEPENDENT_SHAPE_REPRESENTATION(#9524,#9526);
#9524 = ( REPRESENTATION_RELATIONSHIP('','',#184,#10) 
REPRESENTATION_RELATIONSHIP_WITH_TRANSFORMATION(#9525) 
SHAPE_REPRESENTATION_RELATIONSHIP() );
#9525 = ITEM_DEFINED_TRANSFORMATION('','',#11,#99);
#9526 = PRODUCT_DEFINITION_SHAPE('Placement','Placement of an item',
  #9527);
#9527 = NEXT_ASSEMBLY_USAGE_OCCURRENCE('27','R12','',#5,#179,$);
#9528 = CONTEXT_DEPENDENT_SHAPE_REPRESENTATION(#9529,#9531);
#9529 = ( REPRESENTATION_RELATIONSHIP('','',#1021,#10) 
REPRESENTATION_RELATIONSHIP_WITH_TRANSFORMATION(#9530) 
SHAPE_REPRESENTATION_RELATIONSHIP() );
#9530 = ITEM_DEFINED_TRANSFORMATION('','',#11,#103);
#9531 = PRODUCT_DEFINITION_SHAPE('Placement','Placement of an item',
  #9532);
#9532 = NEXT_ASSEMBLY_USAGE_OCCURRENCE('28','Q6','',#5,#1016,$);
#9533 = CONTEXT_DEPENDENT_SHAPE_REPRESENTATION(#9534,#9536);
#9534 = ( REPRESENTATION_RELATIONSHIP('','',#3142,#10) 
REPRESENTATION_RELATIONSHIP_WITH_TRANSFORMATION(#9535) 
SHAPE_REPRESENTATION_RELATIONSHIP() );
#9535 = ITEM_DEFINED_TRANSFORMATION('','',#11,#107);
#9536 = PRODUCT_DEFINITION_SHAPE('Placement','Placement of an item',
  #9537);
#9537 = NEXT_ASSEMBLY_USAGE_OCCURRENCE('29','C1','',#5,#3137,$);
#9538 = CONTEXT_DEPENDENT_SHAPE_REPRESENTATION(#9539,#9541);
#9539 = ( REPRESENTATION_RELATIONSHIP('','',#3142,#10) 
REPRESENTATION_RELATIONSHIP_WITH_TRANSFORMATION(#9540) 
SHAPE_REPRESENTATION_RELATIONSHIP() );
#9540 = ITEM_DEFINED_TRANSFORMATION('','',#11,#111);
#9541 = PRODUCT_DEFINITION_SHAPE('Placement','Placement of an item',
  #9542);
#9542 = NEXT_ASSEMBLY_USAGE_OCCURRENCE('30','C10','',#5,#3137,$);
#9543 = CONTEXT_DEPENDENT_SHAPE_REPRESENTATION(#9544,#9546);
#9544 = ( REPRESENTATION_RELATIONSHIP('','',#1021,#10) 
REPRESENTATION_RELATIONSHIP_WITH_TRANSFORMATION(#9545) 
SHAPE_REPRESENTATION_RELATIONSHIP() );
#9545 = ITEM_DEFINED_TRANSFORMATION('','',#11,#115);
#9546 = PRODUCT_DEFINITION_SHAPE('Placement','Placement of an item',
  #9547);
#9547 = NEXT_ASSEMBLY_USAGE_OCCURRENCE('31','Q1','',#5,#1016,$);
#9548 = CONTEXT_DEPENDENT_SHAPE_REPRESENTATION(#9549,#9551);
#9549 = ( REPRESENTATION_RELATIONSHIP('','',#4043,#10) 
REPRESENTATION_RELATIONSHIP_WITH_TRANSFORMATION(#9550) 
SHAPE_REPRESENTATION_RELATIONSHIP() );
#9550 = ITEM_DEFINED_TRANSFORMATION('','',#11,#119);
#9551 = PRODUCT_DEFINITION_SHAPE('Placement','Placement of an item',
  #9552);
#9552 = NEXT_ASSEMBLY_USAGE_OCCURRENCE('32','U1','',#5,#4038,$);
#9553 = CONTEXT_DEPENDENT_SHAPE_REPRESENTATION(#9554,#9556);
#9554 = ( REPRESENTATION_RELATIONSHIP('','',#184,#10) 
REPRESENTATION_RELATIONSHIP_WITH_TRANSFORMATION(#9555) 
SHAPE_REPRESENTATION_RELATIONSHIP() );
#9555 = ITEM_DEFINED_TRANSFORMATION('','',#11,#123);
#9556 = PRODUCT_DEFINITION_SHAPE('Placement','Placement of an item',
  #9557);
#9557 = NEXT_ASSEMBLY_USAGE_OCCURRENCE('33','R24','',#5,#179,$);
#9558 = CONTEXT_DEPENDENT_SHAPE_REPRESENTATION(#9559,#9561);
#9559 = ( REPRESENTATION_RELATIONSHIP('','',#1021,#10) 
REPRESENTATION_RELATIONSHIP_WITH_TRANSFORMATION(#9560) 
SHAPE_REPRESENTATION_RELATIONSHIP() );
#9560 = ITEM_DEFINED_TRANSFORMATION('','',#11,#127);
#9561 = PRODUCT_DEFINITION_SHAPE('Placement','Placement of an item',
  #9562);
#9562 = NEXT_ASSEMBLY_USAGE_OCCURRENCE('34','D5','',#5,#1016,$);
#9563 = CONTEXT_DEPENDENT_SHAPE_REPRESENTATION(#9564,#9566);
#9564 = ( REPRESENTATION_RELATIONSHIP('','',#184,#10) 
REPRESENTATION_RELATIONSHIP_WITH_TRANSFORMATION(#9565) 
SHAPE_REPRESENTATION_RELATIONSHIP() );
#9565 = ITEM_DEFINED_TRANSFORMATION('','',#11,#131);
#9566 = PRODUCT_DEFINITION_SHAPE('Placement','Placement of an item',
  #9567);
#9567 = NEXT_ASSEMBLY_USAGE_OCCURRENCE('35','R16','',#5,#179,$);
#9568 = CONTEXT_DEPENDENT_SHAPE_REPRESENTATION(#9569,#9571);
#9569 = ( REPRESENTATION_RELATIONSHIP('','',#3142,#10) 
REPRESENTATION_RELATIONSHIP_WITH_TRANSFORMATION(#9570) 
SHAPE_REPRESENTATION_RELATIONSHIP() );
#9570 = ITEM_DEFINED_TRANSFORMATION('','',#11,#135);
#9571 = PRODUCT_DEFINITION_SHAPE('Placement','Placement of an item',
  #9572);
#9572 = NEXT_ASSEMBLY_USAGE_OCCURRENCE('36','C9','',#5,#3137,$);
#9573 = CONTEXT_DEPENDENT_SHAPE_REPRESENTATION(#9574,#9576);
#9574 = ( REPRESENTATION_RELATIONSHIP('','',#3142,#10) 
REPRESENTATION_RELATIONSHIP_WITH_TRANSFORMATION(#9575) 
SHAPE_REPRESENTATION_RELATIONSHIP() );
#9575 = ITEM_DEFINED_TRANSFORMATION('','',#11,#139);
#9576 = PRODUCT_DEFINITION_SHAPE('Placement','Placement of an item',
  #9577);
#9577 = NEXT_ASSEMBLY_USAGE_OCCURRENCE('37','C11','',#5,#3137,$);
#9578 = CONTEXT_DEPENDENT_SHAPE_REPRESENTATION(#9579,#9581);
#9579 = ( REPRESENTATION_RELATIONSHIP('','',#184,#10) 
REPRESENTATION_RELATIONSHIP_WITH_TRANSFORMATION(#9580) 
SHAPE_REPRESENTATION_RELATIONSHIP() );
#9580 = ITEM_DEFINED_TRANSFORMATION('','',#11,#143);
#9581 = PRODUCT_DEFINITION_SHAPE('Placement','Placement of an item',
  #9582);
#9582 = NEXT_ASSEMBLY_USAGE_OCCURRENCE('38','R15','',#5,#179,$);
#9583 = SHAPE_DEFINITION_REPRESENTATION(#9584,#9590);
#9584 = PRODUCT_DEFINITION_SHAPE('','',#9585);
#9585 = PRODUCT_DEFINITION('design','',#9586,#9589);
#9586 = PRODUCT_DEFINITION_FORMATION('','',#9587);
#9587 = PRODUCT('SOT-89-3','SOT-89-3','',(#9588));
#9588 = PRODUCT_CONTEXT('',#2,'mechanical');
#9589 = PRODUCT_DEFINITION_CONTEXT('part definition',#2,'design');
#9590 = SHAPE_REPRESENTATION('',(#11,#9591),#9595);
#9591 = AXIS2_PLACEMENT_3D('',#9592,#9593,#9594);
#9592 = CARTESIAN_POINT('',(0.,0.,0.));
#9593 = DIRECTION('',(0.,0.,1.));
#9594 = DIRECTION('',(1.,0.,-0.));
#9595 = ( GEOMETRIC_REPRESENTATION_CONTEXT(3) 
GLOBAL_UNCERTAINTY_ASSIGNED_CONTEXT((#9599)) 
GLOBAL_UNIT_ASSIGNED_CONTEXT((#9596,#9597,#9598)) REPRESENTATION_CONTEXT
('Context #1','3D Context with UNIT and UNCERTAINTY') );
#9596 = ( LENGTH_UNIT() NAMED_UNIT(*) SI_UNIT(.MILLI.,.METRE.) );
#9597 = ( NAMED_UNIT(*) PLANE_ANGLE_UNIT() SI_UNIT($,.RADIAN.) );
#9598 = ( NAMED_UNIT(*) SI_UNIT($,.STERADIAN.) SOLID_ANGLE_UNIT() );
#9599 = UNCERTAINTY_MEASURE_WITH_UNIT(LENGTH_MEASURE(1.E-07),#9596,
  'distance_accuracy_value','confusion accuracy');
#9600 = CONTEXT_DEPENDENT_SHAPE_REPRESENTATION(#9601,#9603);
#9601 = ( REPRESENTATION_RELATIONSHIP('','',#9590,#10) 
REPRESENTATION_RELATIONSHIP_WITH_TRANSFORMATION(#9602) 
SHAPE_REPRESENTATION_RELATIONSHIP() );
#9602 = ITEM_DEFINED_TRANSFORMATION('','',#11,#147);
#9603 = PRODUCT_DEFINITION_SHAPE('Placement','Placement of an item',
  #9604);
#9604 = NEXT_ASSEMBLY_USAGE_OCCURRENCE('40','U3','',#5,#9585,$);
#9605 = PRODUCT_RELATED_PRODUCT_CATEGORY('part',$,(#9587));
#9606 = SHAPE_DEFINITION_REPRESENTATION(#9607,#9613);
#9607 = PRODUCT_DEFINITION_SHAPE('','',#9608);
#9608 = PRODUCT_DEFINITION('design','',#9609,#9612);
#9609 = PRODUCT_DEFINITION_FORMATION('','',#9610);
#9610 = PRODUCT('CQ assembly','CQ assembly','',(#9611));
#9611 = PRODUCT_CONTEXT('',#2,'mechanical');
#9612 = PRODUCT_DEFINITION_CONTEXT('part definition',#2,'design');
#9613 = SHAPE_REPRESENTATION('',(#11,#9614,#9905,#10253,#10403,#10553),
  #10703);
#9614 = MANIFOLD_SOLID_BREP('',#9615);
#9615 = CLOSED_SHELL('',(#9616,#9656,#9687,#9718,#9742,#9766,#9783,#9807
    ,#9842,#9859,#9871,#9896));
#9616 = ADVANCED_FACE('',(#9617),#9651,.F.);
#9617 = FACE_BOUND('',#9618,.F.);
#9618 = EDGE_LOOP('',(#9619,#9629,#9637,#9645));
#9619 = ORIENTED_EDGE('',*,*,#9620,.T.);
#9620 = EDGE_CURVE('',#9621,#9623,#9625,.T.);
#9621 = VERTEX_POINT('',#9622);
#9622 = CARTESIAN_POINT('',(-1.25,-2.25,2.E-02));
#9623 = VERTEX_POINT('',#9624);
#9624 = CARTESIAN_POINT('',(-1.25,-2.25,0.42));
#9625 = LINE('',#9626,#9627);
#9626 = CARTESIAN_POINT('',(-1.25,-2.25,2.E-02));
#9627 = VECTOR('',#9628,1.);
#9628 = DIRECTION('',(0.,0.,1.));
#9629 = ORIENTED_EDGE('',*,*,#9630,.T.);
#9630 = EDGE_CURVE('',#9623,#9631,#9633,.T.);
#9631 = VERTEX_POINT('',#9632);
#9632 = CARTESIAN_POINT('',(1.25,-2.25,0.42));
#9633 = LINE('',#9634,#9635);
#9634 = CARTESIAN_POINT('',(-1.25,-2.25,0.42));
#9635 = VECTOR('',#9636,1.);
#9636 = DIRECTION('',(1.,0.,0.));
#9637 = ORIENTED_EDGE('',*,*,#9638,.F.);
#9638 = EDGE_CURVE('',#9639,#9631,#9641,.T.);
#9639 = VERTEX_POINT('',#9640);
#9640 = CARTESIAN_POINT('',(1.25,-2.25,2.E-02));
#9641 = LINE('',#9642,#9643);
#9642 = CARTESIAN_POINT('',(1.25,-2.25,2.E-02));
#9643 = VECTOR('',#9644,1.);
#9644 = DIRECTION('',(0.,0.,1.));
#9645 = ORIENTED_EDGE('',*,*,#9646,.F.);
#9646 = EDGE_CURVE('',#9621,#9639,#9647,.T.);
#9647 = LINE('',#9648,#9649);
#9648 = CARTESIAN_POINT('',(-1.25,-2.25,2.E-02));
#9649 = VECTOR('',#9650,1.);
#9650 = DIRECTION('',(1.,0.,0.));
#9651 = PLANE('',#9652);
#9652 = AXIS2_PLACEMENT_3D('',#9653,#9654,#9655);
#9653 = CARTESIAN_POINT('',(-1.25,-2.25,2.E-02));
#9654 = DIRECTION('',(0.,1.,0.));
#9655 = DIRECTION('',(1.,0.,0.));
#9656 = ADVANCED_FACE('',(#9657),#9682,.F.);
#9657 = FACE_BOUND('',#9658,.F.);
#9658 = EDGE_LOOP('',(#9659,#9669,#9675,#9676));
#9659 = ORIENTED_EDGE('',*,*,#9660,.T.);
#9660 = EDGE_CURVE('',#9661,#9663,#9665,.T.);
#9661 = VERTEX_POINT('',#9662);
#9662 = CARTESIAN_POINT('',(-1.25,2.25,2.E-02));
#9663 = VERTEX_POINT('',#9664);
#9664 = CARTESIAN_POINT('',(-1.25,2.25,0.42));
#9665 = LINE('',#9666,#9667);
#9666 = CARTESIAN_POINT('',(-1.25,2.25,2.E-02));
#9667 = VECTOR('',#9668,1.);
#9668 = DIRECTION('',(0.,0.,1.));
#9669 = ORIENTED_EDGE('',*,*,#9670,.T.);
#9670 = EDGE_CURVE('',#9663,#9623,#9671,.T.);
#9671 = LINE('',#9672,#9673);
#9672 = CARTESIAN_POINT('',(-1.25,2.25,0.42));
#9673 = VECTOR('',#9674,1.);
#9674 = DIRECTION('',(0.,-1.,0.));
#9675 = ORIENTED_EDGE('',*,*,#9620,.F.);
#9676 = ORIENTED_EDGE('',*,*,#9677,.F.);
#9677 = EDGE_CURVE('',#9661,#9621,#9678,.T.);
#9678 = LINE('',#9679,#9680);
#9679 = CARTESIAN_POINT('',(-1.25,2.25,2.E-02));
#9680 = VECTOR('',#9681,1.);
#9681 = DIRECTION('',(0.,-1.,0.));
#9682 = PLANE('',#9683);
#9683 = AXIS2_PLACEMENT_3D('',#9684,#9685,#9686);
#9684 = CARTESIAN_POINT('',(-1.25,2.25,2.E-02));
#9685 = DIRECTION('',(1.,0.,0.));
#9686 = DIRECTION('',(0.,-1.,0.));
#9687 = ADVANCED_FACE('',(#9688),#9713,.F.);
#9688 = FACE_BOUND('',#9689,.T.);
#9689 = EDGE_LOOP('',(#9690,#9698,#9699,#9707));
#9690 = ORIENTED_EDGE('',*,*,#9691,.F.);
#9691 = EDGE_CURVE('',#9623,#9692,#9694,.T.);
#9692 = VERTEX_POINT('',#9693);
#9693 = CARTESIAN_POINT('',(-1.15,-2.15,1.52));
#9694 = LINE('',#9695,#9696);
#9695 = CARTESIAN_POINT('',(-1.182113821138,-2.182113821138,
    1.16674796748));
#9696 = VECTOR('',#9697,1.);
#9697 = DIRECTION('',(9.016696346676E-02,9.016696346676E-02,
    0.991836598134));
#9698 = ORIENTED_EDGE('',*,*,#9630,.T.);
#9699 = ORIENTED_EDGE('',*,*,#9700,.T.);
#9700 = EDGE_CURVE('',#9631,#9701,#9703,.T.);
#9701 = VERTEX_POINT('',#9702);
#9702 = CARTESIAN_POINT('',(1.15,-2.15,1.52));
#9703 = LINE('',#9704,#9705);
#9704 = CARTESIAN_POINT('',(1.190243902439,-2.190243902439,
    1.077317073171));
#9705 = VECTOR('',#9706,1.);
#9706 = DIRECTION('',(-9.016696346676E-02,9.016696346676E-02,
    0.991836598134));
#9707 = ORIENTED_EDGE('',*,*,#9708,.F.);
#9708 = EDGE_CURVE('',#9692,#9701,#9709,.T.);
#9709 = LINE('',#9710,#9711);
#9710 = CARTESIAN_POINT('',(-1.25,-2.15,1.52));
#9711 = VECTOR('',#9712,1.);
#9712 = DIRECTION('',(1.,0.,0.));
#9713 = PLANE('',#9714);
#9714 = AXIS2_PLACEMENT_3D('',#9715,#9716,#9717);
#9715 = CARTESIAN_POINT('',(-1.25,-2.2,0.97));
#9716 = DIRECTION('',(-1.745273210035E-18,0.995893206468,
    -9.053574604249E-02));
#9717 = DIRECTION('',(-1.,-1.738105733304E-18,1.580096121185E-19));
#9718 = ADVANCED_FACE('',(#9719),#9737,.F.);
#9719 = FACE_BOUND('',#9720,.F.);
#9720 = EDGE_LOOP('',(#9721,#9722,#9730,#9736));
#9721 = ORIENTED_EDGE('',*,*,#9646,.T.);
#9722 = ORIENTED_EDGE('',*,*,#9723,.T.);
#9723 = EDGE_CURVE('',#9639,#9724,#9726,.T.);
#9724 = VERTEX_POINT('',#9725);
#9725 = CARTESIAN_POINT('',(1.25,2.25,2.E-02));
#9726 = LINE('',#9727,#9728);
#9727 = CARTESIAN_POINT('',(1.25,-2.25,2.E-02));
#9728 = VECTOR('',#9729,1.);
#9729 = DIRECTION('',(0.,1.,0.));
#9730 = ORIENTED_EDGE('',*,*,#9731,.T.);
#9731 = EDGE_CURVE('',#9724,#9661,#9732,.T.);
#9732 = LINE('',#9733,#9734);
#9733 = CARTESIAN_POINT('',(1.25,2.25,2.E-02));
#9734 = VECTOR('',#9735,1.);
#9735 = DIRECTION('',(-1.,0.,0.));
#9736 = ORIENTED_EDGE('',*,*,#9677,.T.);
#9737 = PLANE('',#9738);
#9738 = AXIS2_PLACEMENT_3D('',#9739,#9740,#9741);
#9739 = CARTESIAN_POINT('',(0.,0.,2.E-02));
#9740 = DIRECTION('',(0.,0.,1.));
#9741 = DIRECTION('',(1.,0.,0.));
#9742 = ADVANCED_FACE('',(#9743),#9761,.F.);
#9743 = FACE_BOUND('',#9744,.F.);
#9744 = EDGE_LOOP('',(#9745,#9746,#9754,#9760));
#9745 = ORIENTED_EDGE('',*,*,#9638,.T.);
#9746 = ORIENTED_EDGE('',*,*,#9747,.T.);
#9747 = EDGE_CURVE('',#9631,#9748,#9750,.T.);
#9748 = VERTEX_POINT('',#9749);
#9749 = CARTESIAN_POINT('',(1.25,2.25,0.42));
#9750 = LINE('',#9751,#9752);
#9751 = CARTESIAN_POINT('',(1.25,-2.25,0.42));
#9752 = VECTOR('',#9753,1.);
#9753 = DIRECTION('',(0.,1.,0.));
#9754 = ORIENTED_EDGE('',*,*,#9755,.F.);
#9755 = EDGE_CURVE('',#9724,#9748,#9756,.T.);
#9756 = LINE('',#9757,#9758);
#9757 = CARTESIAN_POINT('',(1.25,2.25,2.E-02));
#9758 = VECTOR('',#9759,1.);
#9759 = DIRECTION('',(0.,0.,1.));
#9760 = ORIENTED_EDGE('',*,*,#9723,.F.);
#9761 = PLANE('',#9762);
#9762 = AXIS2_PLACEMENT_3D('',#9763,#9764,#9765);
#9763 = CARTESIAN_POINT('',(1.25,-2.25,2.E-02));
#9764 = DIRECTION('',(-1.,0.,0.));
#9765 = DIRECTION('',(0.,1.,0.));
#9766 = ADVANCED_FACE('',(#9767),#9778,.F.);
#9767 = FACE_BOUND('',#9768,.F.);
#9768 = EDGE_LOOP('',(#9769,#9770,#9776,#9777));
#9769 = ORIENTED_EDGE('',*,*,#9755,.T.);
#9770 = ORIENTED_EDGE('',*,*,#9771,.T.);
#9771 = EDGE_CURVE('',#9748,#9663,#9772,.T.);
#9772 = LINE('',#9773,#9774);
#9773 = CARTESIAN_POINT('',(1.25,2.25,0.42));
#9774 = VECTOR('',#9775,1.);
#9775 = DIRECTION('',(-1.,0.,0.));
#9776 = ORIENTED_EDGE('',*,*,#9660,.F.);
#9777 = ORIENTED_EDGE('',*,*,#9731,.F.);
#9778 = PLANE('',#9779);
#9779 = AXIS2_PLACEMENT_3D('',#9780,#9781,#9782);
#9780 = CARTESIAN_POINT('',(1.25,2.25,2.E-02));
#9781 = DIRECTION('',(0.,-1.,0.));
#9782 = DIRECTION('',(-1.,0.,0.));
#9783 = ADVANCED_FACE('',(#9784),#9802,.F.);
#9784 = FACE_BOUND('',#9785,.T.);
#9785 = EDGE_LOOP('',(#9786,#9794,#9795,#9796));
#9786 = ORIENTED_EDGE('',*,*,#9787,.F.);
#9787 = EDGE_CURVE('',#9663,#9788,#9790,.T.);
#9788 = VERTEX_POINT('',#9789);
#9789 = CARTESIAN_POINT('',(-1.15,2.15,1.52));
#9790 = LINE('',#9791,#9792);
#9791 = CARTESIAN_POINT('',(-1.190243902439,2.190243902439,
    1.077317073171));
#9792 = VECTOR('',#9793,1.);
#9793 = DIRECTION('',(9.016696346676E-02,-9.016696346676E-02,
    0.991836598134));
#9794 = ORIENTED_EDGE('',*,*,#9670,.T.);
#9795 = ORIENTED_EDGE('',*,*,#9691,.T.);
#9796 = ORIENTED_EDGE('',*,*,#9797,.F.);
#9797 = EDGE_CURVE('',#9788,#9692,#9798,.T.);
#9798 = LINE('',#9799,#9800);
#9799 = CARTESIAN_POINT('',(-1.15,2.25,1.52));
#9800 = VECTOR('',#9801,1.);
#9801 = DIRECTION('',(0.,-1.,0.));
#9802 = PLANE('',#9803);
#9803 = AXIS2_PLACEMENT_3D('',#9804,#9805,#9806);
#9804 = CARTESIAN_POINT('',(-1.2,2.25,0.97));
#9805 = DIRECTION('',(0.995893206468,1.745273210035E-18,
    -9.053574604249E-02));
#9806 = DIRECTION('',(-1.738105733304E-18,1.,1.580096121185E-19));
#9807 = ADVANCED_FACE('',(#9808,#9826),#9837,.T.);
#9808 = FACE_BOUND('',#9809,.T.);
#9809 = EDGE_LOOP('',(#9810,#9811,#9819,#9825));
#9810 = ORIENTED_EDGE('',*,*,#9708,.T.);
#9811 = ORIENTED_EDGE('',*,*,#9812,.T.);
#9812 = EDGE_CURVE('',#9701,#9813,#9815,.T.);
#9813 = VERTEX_POINT('',#9814);
#9814 = CARTESIAN_POINT('',(1.15,2.15,1.52));
#9815 = LINE('',#9816,#9817);
#9816 = CARTESIAN_POINT('',(1.15,-2.25,1.52));
#9817 = VECTOR('',#9818,1.);
#9818 = DIRECTION('',(0.,1.,0.));
#9819 = ORIENTED_EDGE('',*,*,#9820,.T.);
#9820 = EDGE_CURVE('',#9813,#9788,#9821,.T.);
#9821 = LINE('',#9822,#9823);
#9822 = CARTESIAN_POINT('',(1.25,2.15,1.52));
#9823 = VECTOR('',#9824,1.);
#9824 = DIRECTION('',(-1.,0.,0.));
#9825 = ORIENTED_EDGE('',*,*,#9797,.T.);
#9826 = FACE_BOUND('',#9827,.T.);
#9827 = EDGE_LOOP('',(#9828));
#9828 = ORIENTED_EDGE('',*,*,#9829,.T.);
#9829 = EDGE_CURVE('',#9830,#9830,#9832,.T.);
#9830 = VERTEX_POINT('',#9831);
#9831 = CARTESIAN_POINT('',(-0.35,-1.573295482264E-17,1.52));
#9832 = CIRCLE('',#9833,0.35);
#9833 = AXIS2_PLACEMENT_3D('',#9834,#9835,#9836);
#9834 = CARTESIAN_POINT('',(-1.908195823574E-17,6.999232111767E-17,1.52)
  );
#9835 = DIRECTION('',(0.,0.,-1.));
#9836 = DIRECTION('',(-1.,0.,0.));
#9837 = PLANE('',#9838);
#9838 = AXIS2_PLACEMENT_3D('',#9839,#9840,#9841);
#9839 = CARTESIAN_POINT('',(0.,0.,1.52));
#9840 = DIRECTION('',(0.,0.,1.));
#9841 = DIRECTION('',(1.,0.,0.));
#9842 = ADVANCED_FACE('',(#9843),#9854,.F.);
#9843 = FACE_BOUND('',#9844,.T.);
#9844 = EDGE_LOOP('',(#9845,#9846,#9847,#9853));
#9845 = ORIENTED_EDGE('',*,*,#9700,.F.);
#9846 = ORIENTED_EDGE('',*,*,#9747,.T.);
#9847 = ORIENTED_EDGE('',*,*,#9848,.T.);
#9848 = EDGE_CURVE('',#9748,#9813,#9849,.T.);
#9849 = LINE('',#9850,#9851);
#9850 = CARTESIAN_POINT('',(1.182113821138,2.182113821138,1.16674796748)
  );
#9851 = VECTOR('',#9852,1.);
#9852 = DIRECTION('',(-9.016696346676E-02,-9.016696346676E-02,
    0.991836598134));
#9853 = ORIENTED_EDGE('',*,*,#9812,.F.);
#9854 = PLANE('',#9855);
#9855 = AXIS2_PLACEMENT_3D('',#9856,#9857,#9858);
#9856 = CARTESIAN_POINT('',(1.2,-2.25,0.97));
#9857 = DIRECTION('',(-0.995893206468,-1.745273210035E-18,
    -9.053574604249E-02));
#9858 = DIRECTION('',(1.738105733304E-18,-1.,1.580096121185E-19));
#9859 = ADVANCED_FACE('',(#9860),#9866,.F.);
#9860 = FACE_BOUND('',#9861,.T.);
#9861 = EDGE_LOOP('',(#9862,#9863,#9864,#9865));
#9862 = ORIENTED_EDGE('',*,*,#9848,.F.);
#9863 = ORIENTED_EDGE('',*,*,#9771,.T.);
#9864 = ORIENTED_EDGE('',*,*,#9787,.T.);
#9865 = ORIENTED_EDGE('',*,*,#9820,.F.);
#9866 = PLANE('',#9867);
#9867 = AXIS2_PLACEMENT_3D('',#9868,#9869,#9870);
#9868 = CARTESIAN_POINT('',(1.25,2.2,0.97));
#9869 = DIRECTION('',(1.745273210035E-18,-0.995893206468,
    -9.053574604249E-02));
#9870 = DIRECTION('',(1.,1.738105733304E-18,1.580096121185E-19));
#9871 = ADVANCED_FACE('',(#9872),#9891,.F.);
#9872 = FACE_BOUND('',#9873,.F.);
#9873 = EDGE_LOOP('',(#9874,#9883,#9889,#9890));
#9874 = ORIENTED_EDGE('',*,*,#9875,.F.);
#9875 = EDGE_CURVE('',#9876,#9876,#9878,.T.);
#9876 = VERTEX_POINT('',#9877);
#9877 = CARTESIAN_POINT('',(-0.35,-1.573295482264E-17,1.42));
#9878 = CIRCLE('',#9879,0.35);
#9879 = AXIS2_PLACEMENT_3D('',#9880,#9881,#9882);
#9880 = CARTESIAN_POINT('',(-1.908195823574E-17,6.999232111767E-17,1.42)
  );
#9881 = DIRECTION('',(0.,0.,-1.));
#9882 = DIRECTION('',(-1.,0.,0.));
#9883 = ORIENTED_EDGE('',*,*,#9884,.F.);
#9884 = EDGE_CURVE('',#9830,#9876,#9885,.T.);
#9885 = LINE('',#9886,#9887);
#9886 = CARTESIAN_POINT('',(-0.35,-1.573295482264E-17,1.52));
#9887 = VECTOR('',#9888,1.);
#9888 = DIRECTION('',(0.,0.,-1.));
#9889 = ORIENTED_EDGE('',*,*,#9829,.T.);
#9890 = ORIENTED_EDGE('',*,*,#9884,.T.);
#9891 = CYLINDRICAL_SURFACE('',#9892,0.35);
#9892 = AXIS2_PLACEMENT_3D('',#9893,#9894,#9895);
#9893 = CARTESIAN_POINT('',(-1.908195823574E-17,6.999232111767E-17,1.52)
  );
#9894 = DIRECTION('',(0.,0.,-1.));
#9895 = DIRECTION('',(-1.,0.,0.));
#9896 = ADVANCED_FACE('',(#9897),#9900,.F.);
#9897 = FACE_BOUND('',#9898,.F.);
#9898 = EDGE_LOOP('',(#9899));
#9899 = ORIENTED_EDGE('',*,*,#9875,.T.);
#9900 = PLANE('',#9901);
#9901 = AXIS2_PLACEMENT_3D('',#9902,#9903,#9904);
#9902 = CARTESIAN_POINT('',(-1.908195823574E-17,6.999232111767E-17,1.42)
  );
#9903 = DIRECTION('',(0.,0.,-1.));
#9904 = DIRECTION('',(-1.,0.,0.));
#9905 = MANIFOLD_SOLID_BREP('',#9906);
#9906 = CLOSED_SHELL('',(#9907,#9947,#9978,#10009,#10040,#10071,#10102,
    #10133,#10164,#10195,#10217,#10235));
#9907 = ADVANCED_FACE('',(#9908),#9942,.T.);
#9908 = FACE_BOUND('',#9909,.T.);
#9909 = EDGE_LOOP('',(#9910,#9920,#9928,#9936));
#9910 = ORIENTED_EDGE('',*,*,#9911,.F.);
#9911 = EDGE_CURVE('',#9912,#9914,#9916,.T.);
#9912 = VERTEX_POINT('',#9913);
#9913 = CARTESIAN_POINT('',(1.75,-0.56,0.));
#9914 = VERTEX_POINT('',#9915);
#9915 = CARTESIAN_POINT('',(1.75,-0.56,0.4));
#9916 = LINE('',#9917,#9918);
#9917 = CARTESIAN_POINT('',(1.75,-0.56,0.));
#9918 = VECTOR('',#9919,1.);
#9919 = DIRECTION('',(0.,0.,1.));
#9920 = ORIENTED_EDGE('',*,*,#9921,.T.);
#9921 = EDGE_CURVE('',#9912,#9922,#9924,.T.);
#9922 = VERTEX_POINT('',#9923);
#9923 = CARTESIAN_POINT('',(1.75,0.56,0.));
#9924 = LINE('',#9925,#9926);
#9925 = CARTESIAN_POINT('',(1.75,-0.56,0.));
#9926 = VECTOR('',#9927,1.);
#9927 = DIRECTION('',(0.,1.,0.));
#9928 = ORIENTED_EDGE('',*,*,#9929,.T.);
#9929 = EDGE_CURVE('',#9922,#9930,#9932,.T.);
#9930 = VERTEX_POINT('',#9931);
#9931 = CARTESIAN_POINT('',(1.75,0.56,0.4));
#9932 = LINE('',#9933,#9934);
#9933 = CARTESIAN_POINT('',(1.75,0.56,0.));
#9934 = VECTOR('',#9935,1.);
#9935 = DIRECTION('',(0.,0.,1.));
#9936 = ORIENTED_EDGE('',*,*,#9937,.T.);
#9937 = EDGE_CURVE('',#9930,#9914,#9938,.T.);
#9938 = LINE('',#9939,#9940);
#9939 = CARTESIAN_POINT('',(1.75,0.56,0.4));
#9940 = VECTOR('',#9941,1.);
#9941 = DIRECTION('',(0.,-1.,0.));
#9942 = PLANE('',#9943);
#9943 = AXIS2_PLACEMENT_3D('',#9944,#9945,#9946);
#9944 = CARTESIAN_POINT('',(1.75,0.,0.));
#9945 = DIRECTION('',(1.,0.,0.));
#9946 = DIRECTION('',(0.,-1.,0.));
#9947 = ADVANCED_FACE('',(#9948),#9973,.T.);
#9948 = FACE_BOUND('',#9949,.T.);
#9949 = EDGE_LOOP('',(#9950,#9951,#9959,#9967));
#9950 = ORIENTED_EDGE('',*,*,#9911,.T.);
#9951 = ORIENTED_EDGE('',*,*,#9952,.T.);
#9952 = EDGE_CURVE('',#9914,#9953,#9955,.T.);
#9953 = VERTEX_POINT('',#9954);
#9954 = CARTESIAN_POINT('',(1.6,-0.8,0.4));
#9955 = LINE('',#9956,#9957);
#9956 = CARTESIAN_POINT('',(1.75,-0.56,0.4));
#9957 = VECTOR('',#9958,1.);
#9958 = DIRECTION('',(-0.529998940003,-0.847998304005,0.));
#9959 = ORIENTED_EDGE('',*,*,#9960,.F.);
#9960 = EDGE_CURVE('',#9961,#9953,#9963,.T.);
#9961 = VERTEX_POINT('',#9962);
#9962 = CARTESIAN_POINT('',(1.6,-0.8,0.));
#9963 = LINE('',#9964,#9965);
#9964 = CARTESIAN_POINT('',(1.6,-0.8,0.));
#9965 = VECTOR('',#9966,1.);
#9966 = DIRECTION('',(0.,0.,1.));
#9967 = ORIENTED_EDGE('',*,*,#9968,.F.);
#9968 = EDGE_CURVE('',#9912,#9961,#9969,.T.);
#9969 = LINE('',#9970,#9971);
#9970 = CARTESIAN_POINT('',(1.75,-0.56,0.));
#9971 = VECTOR('',#9972,1.);
#9972 = DIRECTION('',(-0.529998940003,-0.847998304005,0.));
#9973 = PLANE('',#9974);
#9974 = AXIS2_PLACEMENT_3D('',#9975,#9976,#9977);
#9975 = CARTESIAN_POINT('',(1.75,-0.56,0.));
#9976 = DIRECTION('',(0.847998304005,-0.529998940003,0.));
#9977 = DIRECTION('',(-0.529998940003,-0.847998304005,0.));
#9978 = ADVANCED_FACE('',(#9979),#10004,.T.);
#9979 = FACE_BOUND('',#9980,.T.);
#9980 = EDGE_LOOP('',(#9981,#9982,#9990,#9998));
#9981 = ORIENTED_EDGE('',*,*,#9960,.T.);
#9982 = ORIENTED_EDGE('',*,*,#9983,.T.);
#9983 = EDGE_CURVE('',#9953,#9984,#9986,.T.);
#9984 = VERTEX_POINT('',#9985);
#9985 = CARTESIAN_POINT('',(1.25,-0.8,0.4));
#9986 = LINE('',#9987,#9988);
#9987 = CARTESIAN_POINT('',(1.6,-0.8,0.4));
#9988 = VECTOR('',#9989,1.);
#9989 = DIRECTION('',(-1.,0.,0.));
#9990 = ORIENTED_EDGE('',*,*,#9991,.F.);
#9991 = EDGE_CURVE('',#9992,#9984,#9994,.T.);
#9992 = VERTEX_POINT('',#9993);
#9993 = CARTESIAN_POINT('',(1.25,-0.8,0.));
#9994 = LINE('',#9995,#9996);
#9995 = CARTESIAN_POINT('',(1.25,-0.8,0.));
#9996 = VECTOR('',#9997,1.);
#9997 = DIRECTION('',(0.,0.,1.));
#9998 = ORIENTED_EDGE('',*,*,#9999,.F.);
#9999 = EDGE_CURVE('',#9961,#9992,#10000,.T.);
#10000 = LINE('',#10001,#10002);
#10001 = CARTESIAN_POINT('',(1.6,-0.8,0.));
#10002 = VECTOR('',#10003,1.);
#10003 = DIRECTION('',(-1.,0.,0.));
#10004 = PLANE('',#10005);
#10005 = AXIS2_PLACEMENT_3D('',#10006,#10007,#10008);
#10006 = CARTESIAN_POINT('',(1.6,-0.8,0.));
#10007 = DIRECTION('',(0.,-1.,0.));
#10008 = DIRECTION('',(-1.,0.,0.));
#10009 = ADVANCED_FACE('',(#10010),#10035,.T.);
#10010 = FACE_BOUND('',#10011,.T.);
#10011 = EDGE_LOOP('',(#10012,#10013,#10021,#10029));
#10012 = ORIENTED_EDGE('',*,*,#9991,.T.);
#10013 = ORIENTED_EDGE('',*,*,#10014,.T.);
#10014 = EDGE_CURVE('',#9984,#10015,#10017,.T.);
#10015 = VERTEX_POINT('',#10016);
#10016 = CARTESIAN_POINT('',(1.25,-0.64,0.4));
#10017 = LINE('',#10018,#10019);
#10018 = CARTESIAN_POINT('',(1.25,-0.8,0.4));
#10019 = VECTOR('',#10020,1.);
#10020 = DIRECTION('',(0.,1.,0.));
#10021 = ORIENTED_EDGE('',*,*,#10022,.F.);
#10022 = EDGE_CURVE('',#10023,#10015,#10025,.T.);
#10023 = VERTEX_POINT('',#10024);
#10024 = CARTESIAN_POINT('',(1.25,-0.64,0.));
#10025 = LINE('',#10026,#10027);
#10026 = CARTESIAN_POINT('',(1.25,-0.64,0.));
#10027 = VECTOR('',#10028,1.);
#10028 = DIRECTION('',(0.,0.,1.));
#10029 = ORIENTED_EDGE('',*,*,#10030,.F.);
#10030 = EDGE_CURVE('',#9992,#10023,#10031,.T.);
#10031 = LINE('',#10032,#10033);
#10032 = CARTESIAN_POINT('',(1.25,-0.8,0.));
#10033 = VECTOR('',#10034,1.);
#10034 = DIRECTION('',(0.,1.,0.));
#10035 = PLANE('',#10036);
#10036 = AXIS2_PLACEMENT_3D('',#10037,#10038,#10039);
#10037 = CARTESIAN_POINT('',(1.25,-0.8,0.));
#10038 = DIRECTION('',(-1.,0.,0.));
#10039 = DIRECTION('',(0.,1.,0.));
#10040 = ADVANCED_FACE('',(#10041),#10066,.T.);
#10041 = FACE_BOUND('',#10042,.T.);
#10042 = EDGE_LOOP('',(#10043,#10044,#10052,#10060));
#10043 = ORIENTED_EDGE('',*,*,#10022,.T.);
#10044 = ORIENTED_EDGE('',*,*,#10045,.T.);
#10045 = EDGE_CURVE('',#10015,#10046,#10048,.T.);
#10046 = VERTEX_POINT('',#10047);
#10047 = CARTESIAN_POINT('',(-0.75,-0.64,0.4));
#10048 = LINE('',#10049,#10050);
#10049 = CARTESIAN_POINT('',(1.25,-0.64,0.4));
#10050 = VECTOR('',#10051,1.);
#10051 = DIRECTION('',(-1.,0.,0.));
#10052 = ORIENTED_EDGE('',*,*,#10053,.F.);
#10053 = EDGE_CURVE('',#10054,#10046,#10056,.T.);
#10054 = VERTEX_POINT('',#10055);
#10055 = CARTESIAN_POINT('',(-0.75,-0.64,0.));
#10056 = LINE('',#10057,#10058);
#10057 = CARTESIAN_POINT('',(-0.75,-0.64,0.));
#10058 = VECTOR('',#10059,1.);
#10059 = DIRECTION('',(0.,0.,1.));
#10060 = ORIENTED_EDGE('',*,*,#10061,.F.);
#10061 = EDGE_CURVE('',#10023,#10054,#10062,.T.);
#10062 = LINE('',#10063,#10064);
#10063 = CARTESIAN_POINT('',(1.25,-0.64,0.));
#10064 = VECTOR('',#10065,1.);
#10065 = DIRECTION('',(-1.,0.,0.));
#10066 = PLANE('',#10067);
#10067 = AXIS2_PLACEMENT_3D('',#10068,#10069,#10070);
#10068 = CARTESIAN_POINT('',(1.25,-0.64,0.));
#10069 = DIRECTION('',(0.,-1.,0.));
#10070 = DIRECTION('',(-1.,0.,0.));
#10071 = ADVANCED_FACE('',(#10072),#10097,.T.);
#10072 = FACE_BOUND('',#10073,.T.);
#10073 = EDGE_LOOP('',(#10074,#10075,#10083,#10091));
#10074 = ORIENTED_EDGE('',*,*,#10053,.T.);
#10075 = ORIENTED_EDGE('',*,*,#10076,.T.);
#10076 = EDGE_CURVE('',#10046,#10077,#10079,.T.);
#10077 = VERTEX_POINT('',#10078);
#10078 = CARTESIAN_POINT('',(-0.75,0.64,0.4));
#10079 = LINE('',#10080,#10081);
#10080 = CARTESIAN_POINT('',(-0.75,-0.64,0.4));
#10081 = VECTOR('',#10082,1.);
#10082 = DIRECTION('',(0.,1.,0.));
#10083 = ORIENTED_EDGE('',*,*,#10084,.F.);
#10084 = EDGE_CURVE('',#10085,#10077,#10087,.T.);
#10085 = VERTEX_POINT('',#10086);
#10086 = CARTESIAN_POINT('',(-0.75,0.64,0.));
#10087 = LINE('',#10088,#10089);
#10088 = CARTESIAN_POINT('',(-0.75,0.64,0.));
#10089 = VECTOR('',#10090,1.);
#10090 = DIRECTION('',(0.,0.,1.));
#10091 = ORIENTED_EDGE('',*,*,#10092,.F.);
#10092 = EDGE_CURVE('',#10054,#10085,#10093,.T.);
#10093 = LINE('',#10094,#10095);
#10094 = CARTESIAN_POINT('',(-0.75,-0.64,0.));
#10095 = VECTOR('',#10096,1.);
#10096 = DIRECTION('',(0.,1.,0.));
#10097 = PLANE('',#10098);
#10098 = AXIS2_PLACEMENT_3D('',#10099,#10100,#10101);
#10099 = CARTESIAN_POINT('',(-0.75,-0.64,0.));
#10100 = DIRECTION('',(-1.,0.,0.));
#10101 = DIRECTION('',(0.,1.,0.));
#10102 = ADVANCED_FACE('',(#10103),#10128,.T.);
#10103 = FACE_BOUND('',#10104,.T.);
#10104 = EDGE_LOOP('',(#10105,#10106,#10114,#10122));
#10105 = ORIENTED_EDGE('',*,*,#10084,.T.);
#10106 = ORIENTED_EDGE('',*,*,#10107,.T.);
#10107 = EDGE_CURVE('',#10077,#10108,#10110,.T.);
#10108 = VERTEX_POINT('',#10109);
#10109 = CARTESIAN_POINT('',(1.25,0.64,0.4));
#10110 = LINE('',#10111,#10112);
#10111 = CARTESIAN_POINT('',(-0.75,0.64,0.4));
#10112 = VECTOR('',#10113,1.);
#10113 = DIRECTION('',(1.,0.,0.));
#10114 = ORIENTED_EDGE('',*,*,#10115,.F.);
#10115 = EDGE_CURVE('',#10116,#10108,#10118,.T.);
#10116 = VERTEX_POINT('',#10117);
#10117 = CARTESIAN_POINT('',(1.25,0.64,0.));
#10118 = LINE('',#10119,#10120);
#10119 = CARTESIAN_POINT('',(1.25,0.64,0.));
#10120 = VECTOR('',#10121,1.);
#10121 = DIRECTION('',(0.,0.,1.));
#10122 = ORIENTED_EDGE('',*,*,#10123,.F.);
#10123 = EDGE_CURVE('',#10085,#10116,#10124,.T.);
#10124 = LINE('',#10125,#10126);
#10125 = CARTESIAN_POINT('',(-0.75,0.64,0.));
#10126 = VECTOR('',#10127,1.);
#10127 = DIRECTION('',(1.,0.,0.));
#10128 = PLANE('',#10129);
#10129 = AXIS2_PLACEMENT_3D('',#10130,#10131,#10132);
#10130 = CARTESIAN_POINT('',(-0.75,0.64,0.));
#10131 = DIRECTION('',(0.,1.,0.));
#10132 = DIRECTION('',(1.,0.,0.));
#10133 = ADVANCED_FACE('',(#10134),#10159,.T.);
#10134 = FACE_BOUND('',#10135,.T.);
#10135 = EDGE_LOOP('',(#10136,#10137,#10145,#10153));
#10136 = ORIENTED_EDGE('',*,*,#10115,.T.);
#10137 = ORIENTED_EDGE('',*,*,#10138,.T.);
#10138 = EDGE_CURVE('',#10108,#10139,#10141,.T.);
#10139 = VERTEX_POINT('',#10140);
#10140 = CARTESIAN_POINT('',(1.25,0.8,0.4));
#10141 = LINE('',#10142,#10143);
#10142 = CARTESIAN_POINT('',(1.25,0.64,0.4));
#10143 = VECTOR('',#10144,1.);
#10144 = DIRECTION('',(0.,1.,0.));
#10145 = ORIENTED_EDGE('',*,*,#10146,.F.);
#10146 = EDGE_CURVE('',#10147,#10139,#10149,.T.);
#10147 = VERTEX_POINT('',#10148);
#10148 = CARTESIAN_POINT('',(1.25,0.8,0.));
#10149 = LINE('',#10150,#10151);
#10150 = CARTESIAN_POINT('',(1.25,0.8,0.));
#10151 = VECTOR('',#10152,1.);
#10152 = DIRECTION('',(0.,0.,1.));
#10153 = ORIENTED_EDGE('',*,*,#10154,.F.);
#10154 = EDGE_CURVE('',#10116,#10147,#10155,.T.);
#10155 = LINE('',#10156,#10157);
#10156 = CARTESIAN_POINT('',(1.25,0.64,0.));
#10157 = VECTOR('',#10158,1.);
#10158 = DIRECTION('',(0.,1.,0.));
#10159 = PLANE('',#10160);
#10160 = AXIS2_PLACEMENT_3D('',#10161,#10162,#10163);
#10161 = CARTESIAN_POINT('',(1.25,0.64,0.));
#10162 = DIRECTION('',(-1.,0.,0.));
#10163 = DIRECTION('',(0.,1.,0.));
#10164 = ADVANCED_FACE('',(#10165),#10190,.T.);
#10165 = FACE_BOUND('',#10166,.T.);
#10166 = EDGE_LOOP('',(#10167,#10168,#10176,#10184));
#10167 = ORIENTED_EDGE('',*,*,#10146,.T.);
#10168 = ORIENTED_EDGE('',*,*,#10169,.T.);
#10169 = EDGE_CURVE('',#10139,#10170,#10172,.T.);
#10170 = VERTEX_POINT('',#10171);
#10171 = CARTESIAN_POINT('',(1.6,0.8,0.4));
#10172 = LINE('',#10173,#10174);
#10173 = CARTESIAN_POINT('',(1.25,0.8,0.4));
#10174 = VECTOR('',#10175,1.);
#10175 = DIRECTION('',(1.,0.,0.));
#10176 = ORIENTED_EDGE('',*,*,#10177,.F.);
#10177 = EDGE_CURVE('',#10178,#10170,#10180,.T.);
#10178 = VERTEX_POINT('',#10179);
#10179 = CARTESIAN_POINT('',(1.6,0.8,0.));
#10180 = LINE('',#10181,#10182);
#10181 = CARTESIAN_POINT('',(1.6,0.8,0.));
#10182 = VECTOR('',#10183,1.);
#10183 = DIRECTION('',(0.,0.,1.));
#10184 = ORIENTED_EDGE('',*,*,#10185,.F.);
#10185 = EDGE_CURVE('',#10147,#10178,#10186,.T.);
#10186 = LINE('',#10187,#10188);
#10187 = CARTESIAN_POINT('',(1.25,0.8,0.));
#10188 = VECTOR('',#10189,1.);
#10189 = DIRECTION('',(1.,0.,0.));
#10190 = PLANE('',#10191);
#10191 = AXIS2_PLACEMENT_3D('',#10192,#10193,#10194);
#10192 = CARTESIAN_POINT('',(1.25,0.8,0.));
#10193 = DIRECTION('',(0.,1.,0.));
#10194 = DIRECTION('',(1.,0.,0.));
#10195 = ADVANCED_FACE('',(#10196),#10212,.T.);
#10196 = FACE_BOUND('',#10197,.T.);
#10197 = EDGE_LOOP('',(#10198,#10199,#10205,#10206));
#10198 = ORIENTED_EDGE('',*,*,#10177,.T.);
#10199 = ORIENTED_EDGE('',*,*,#10200,.T.);
#10200 = EDGE_CURVE('',#10170,#9930,#10201,.T.);
#10201 = LINE('',#10202,#10203);
#10202 = CARTESIAN_POINT('',(1.6,0.8,0.4));
#10203 = VECTOR('',#10204,1.);
#10204 = DIRECTION('',(0.529998940003,-0.847998304005,0.));
#10205 = ORIENTED_EDGE('',*,*,#9929,.F.);
#10206 = ORIENTED_EDGE('',*,*,#10207,.F.);
#10207 = EDGE_CURVE('',#10178,#9922,#10208,.T.);
#10208 = LINE('',#10209,#10210);
#10209 = CARTESIAN_POINT('',(1.6,0.8,0.));
#10210 = VECTOR('',#10211,1.);
#10211 = DIRECTION('',(0.529998940003,-0.847998304005,0.));
#10212 = PLANE('',#10213);
#10213 = AXIS2_PLACEMENT_3D('',#10214,#10215,#10216);
#10214 = CARTESIAN_POINT('',(1.6,0.8,0.));
#10215 = DIRECTION('',(0.847998304005,0.529998940003,0.));
#10216 = DIRECTION('',(0.529998940003,-0.847998304005,0.));
#10217 = ADVANCED_FACE('',(#10218),#10230,.T.);
#10218 = FACE_BOUND('',#10219,.T.);
#10219 = EDGE_LOOP('',(#10220,#10221,#10222,#10223,#10224,#10225,#10226,
    #10227,#10228,#10229));
#10220 = ORIENTED_EDGE('',*,*,#9921,.F.);
#10221 = ORIENTED_EDGE('',*,*,#9968,.T.);
#10222 = ORIENTED_EDGE('',*,*,#9999,.T.);
#10223 = ORIENTED_EDGE('',*,*,#10030,.T.);
#10224 = ORIENTED_EDGE('',*,*,#10061,.T.);
#10225 = ORIENTED_EDGE('',*,*,#10092,.T.);
#10226 = ORIENTED_EDGE('',*,*,#10123,.T.);
#10227 = ORIENTED_EDGE('',*,*,#10154,.T.);
#10228 = ORIENTED_EDGE('',*,*,#10185,.T.);
#10229 = ORIENTED_EDGE('',*,*,#10207,.T.);
#10230 = PLANE('',#10231);
#10231 = AXIS2_PLACEMENT_3D('',#10232,#10233,#10234);
#10232 = CARTESIAN_POINT('',(0.544151509358,1.042653663775E-17,0.));
#10233 = DIRECTION('',(-0.,-0.,-1.));
#10234 = DIRECTION('',(-1.,0.,0.));
#10235 = ADVANCED_FACE('',(#10236),#10248,.F.);
#10236 = FACE_BOUND('',#10237,.F.);
#10237 = EDGE_LOOP('',(#10238,#10239,#10240,#10241,#10242,#10243,#10244,
    #10245,#10246,#10247));
#10238 = ORIENTED_EDGE('',*,*,#9952,.T.);
#10239 = ORIENTED_EDGE('',*,*,#9983,.T.);
#10240 = ORIENTED_EDGE('',*,*,#10014,.T.);
#10241 = ORIENTED_EDGE('',*,*,#10045,.T.);
#10242 = ORIENTED_EDGE('',*,*,#10076,.T.);
#10243 = ORIENTED_EDGE('',*,*,#10107,.T.);
#10244 = ORIENTED_EDGE('',*,*,#10138,.T.);
#10245 = ORIENTED_EDGE('',*,*,#10169,.T.);
#10246 = ORIENTED_EDGE('',*,*,#10200,.T.);
#10247 = ORIENTED_EDGE('',*,*,#9937,.T.);
#10248 = PLANE('',#10249);
#10249 = AXIS2_PLACEMENT_3D('',#10250,#10251,#10252);
#10250 = CARTESIAN_POINT('',(0.544151509358,1.042653663775E-17,0.4));
#10251 = DIRECTION('',(-0.,-0.,-1.));
#10252 = DIRECTION('',(-1.,0.,0.));
#10253 = MANIFOLD_SOLID_BREP('',#10254);
#10254 = CLOSED_SHELL('',(#10255,#10295,#10326,#10357,#10379,#10391));
#10255 = ADVANCED_FACE('',(#10256),#10290,.T.);
#10256 = FACE_BOUND('',#10257,.T.);
#10257 = EDGE_LOOP('',(#10258,#10268,#10276,#10284));
#10258 = ORIENTED_EDGE('',*,*,#10259,.T.);
#10259 = EDGE_CURVE('',#10260,#10262,#10264,.T.);
#10260 = VERTEX_POINT('',#10261);
#10261 = CARTESIAN_POINT('',(-2.25,-1.3,0.4));
#10262 = VERTEX_POINT('',#10263);
#10263 = CARTESIAN_POINT('',(-2.25,-1.7,0.4));
#10264 = LINE('',#10265,#10266);
#10265 = CARTESIAN_POINT('',(-2.25,-1.3,0.4));
#10266 = VECTOR('',#10267,1.);
#10267 = DIRECTION('',(0.,-1.,0.));
#10268 = ORIENTED_EDGE('',*,*,#10269,.T.);
#10269 = EDGE_CURVE('',#10262,#10270,#10272,.T.);
#10270 = VERTEX_POINT('',#10271);
#10271 = CARTESIAN_POINT('',(-0.75,-1.7,0.4));
#10272 = LINE('',#10273,#10274);
#10273 = CARTESIAN_POINT('',(-2.25,-1.7,0.4));
#10274 = VECTOR('',#10275,1.);
#10275 = DIRECTION('',(1.,0.,0.));
#10276 = ORIENTED_EDGE('',*,*,#10277,.F.);
#10277 = EDGE_CURVE('',#10278,#10270,#10280,.T.);
#10278 = VERTEX_POINT('',#10279);
#10279 = CARTESIAN_POINT('',(-0.75,-1.3,0.4));
#10280 = LINE('',#10281,#10282);
#10281 = CARTESIAN_POINT('',(-0.75,-1.3,0.4));
#10282 = VECTOR('',#10283,1.);
#10283 = DIRECTION('',(0.,-1.,0.));
#10284 = ORIENTED_EDGE('',*,*,#10285,.F.);
#10285 = EDGE_CURVE('',#10260,#10278,#10286,.T.);
#10286 = LINE('',#10287,#10288);
#10287 = CARTESIAN_POINT('',(-2.25,-1.3,0.4));
#10288 = VECTOR('',#10289,1.);
#10289 = DIRECTION('',(1.,0.,0.));
#10290 = PLANE('',#10291);
#10291 = AXIS2_PLACEMENT_3D('',#10292,#10293,#10294);
#10292 = CARTESIAN_POINT('',(-2.25,-1.3,0.4));
#10293 = DIRECTION('',(0.,0.,1.));
#10294 = DIRECTION('',(1.,0.,0.));
#10295 = ADVANCED_FACE('',(#10296),#10321,.T.);
#10296 = FACE_BOUND('',#10297,.T.);
#10297 = EDGE_LOOP('',(#10298,#10299,#10307,#10315));
#10298 = ORIENTED_EDGE('',*,*,#10277,.T.);
#10299 = ORIENTED_EDGE('',*,*,#10300,.T.);
#10300 = EDGE_CURVE('',#10270,#10301,#10303,.T.);
#10301 = VERTEX_POINT('',#10302);
#10302 = CARTESIAN_POINT('',(-0.75,-1.7,0.));
#10303 = LINE('',#10304,#10305);
#10304 = CARTESIAN_POINT('',(-0.75,-1.7,0.4));
#10305 = VECTOR('',#10306,1.);
#10306 = DIRECTION('',(-2.775557561563E-16,0.,-1.));
#10307 = ORIENTED_EDGE('',*,*,#10308,.F.);
#10308 = EDGE_CURVE('',#10309,#10301,#10311,.T.);
#10309 = VERTEX_POINT('',#10310);
#10310 = CARTESIAN_POINT('',(-0.75,-1.3,0.));
#10311 = LINE('',#10312,#10313);
#10312 = CARTESIAN_POINT('',(-0.75,-1.3,0.));
#10313 = VECTOR('',#10314,1.);
#10314 = DIRECTION('',(0.,-1.,0.));
#10315 = ORIENTED_EDGE('',*,*,#10316,.F.);
#10316 = EDGE_CURVE('',#10278,#10309,#10317,.T.);
#10317 = LINE('',#10318,#10319);
#10318 = CARTESIAN_POINT('',(-0.75,-1.3,0.4));
#10319 = VECTOR('',#10320,1.);
#10320 = DIRECTION('',(-2.775557561563E-16,0.,-1.));
#10321 = PLANE('',#10322);
#10322 = AXIS2_PLACEMENT_3D('',#10323,#10324,#10325);
#10323 = CARTESIAN_POINT('',(-0.75,-1.3,0.4));
#10324 = DIRECTION('',(1.,0.,-2.775557561563E-16));
#10325 = DIRECTION('',(-2.775557561563E-16,0.,-1.));
#10326 = ADVANCED_FACE('',(#10327),#10352,.T.);
#10327 = FACE_BOUND('',#10328,.T.);
#10328 = EDGE_LOOP('',(#10329,#10330,#10338,#10346));
#10329 = ORIENTED_EDGE('',*,*,#10308,.T.);
#10330 = ORIENTED_EDGE('',*,*,#10331,.T.);
#10331 = EDGE_CURVE('',#10301,#10332,#10334,.T.);
#10332 = VERTEX_POINT('',#10333);
#10333 = CARTESIAN_POINT('',(-2.25,-1.7,1.836970198721E-16));
#10334 = LINE('',#10335,#10336);
#10335 = CARTESIAN_POINT('',(-0.75,-1.7,0.));
#10336 = VECTOR('',#10337,1.);
#10337 = DIRECTION('',(-1.,0.,1.224646799147E-16));
#10338 = ORIENTED_EDGE('',*,*,#10339,.F.);
#10339 = EDGE_CURVE('',#10340,#10332,#10342,.T.);
#10340 = VERTEX_POINT('',#10341);
#10341 = CARTESIAN_POINT('',(-2.25,-1.3,1.836970198721E-16));
#10342 = LINE('',#10343,#10344);
#10343 = CARTESIAN_POINT('',(-2.25,-1.3,1.836970198721E-16));
#10344 = VECTOR('',#10345,1.);
#10345 = DIRECTION('',(0.,-1.,0.));
#10346 = ORIENTED_EDGE('',*,*,#10347,.F.);
#10347 = EDGE_CURVE('',#10309,#10340,#10348,.T.);
#10348 = LINE('',#10349,#10350);
#10349 = CARTESIAN_POINT('',(-0.75,-1.3,0.));
#10350 = VECTOR('',#10351,1.);
#10351 = DIRECTION('',(-1.,0.,1.224646799147E-16));
#10352 = PLANE('',#10353);
#10353 = AXIS2_PLACEMENT_3D('',#10354,#10355,#10356);
#10354 = CARTESIAN_POINT('',(-0.75,-1.3,0.));
#10355 = DIRECTION('',(-1.224646799147E-16,-0.,-1.));
#10356 = DIRECTION('',(-1.,0.,1.224646799147E-16));
#10357 = ADVANCED_FACE('',(#10358),#10374,.T.);
#10358 = FACE_BOUND('',#10359,.T.);
#10359 = EDGE_LOOP('',(#10360,#10361,#10367,#10368));
#10360 = ORIENTED_EDGE('',*,*,#10339,.T.);
#10361 = ORIENTED_EDGE('',*,*,#10362,.T.);
#10362 = EDGE_CURVE('',#10332,#10262,#10363,.T.);
#10363 = LINE('',#10364,#10365);
#10364 = CARTESIAN_POINT('',(-2.25,-1.7,1.836970198721E-16));
#10365 = VECTOR('',#10366,1.);
#10366 = DIRECTION('',(0.,0.,1.));
#10367 = ORIENTED_EDGE('',*,*,#10259,.F.);
#10368 = ORIENTED_EDGE('',*,*,#10369,.F.);
#10369 = EDGE_CURVE('',#10340,#10260,#10370,.T.);
#10370 = LINE('',#10371,#10372);
#10371 = CARTESIAN_POINT('',(-2.25,-1.3,1.836970198721E-16));
#10372 = VECTOR('',#10373,1.);
#10373 = DIRECTION('',(0.,0.,1.));
#10374 = PLANE('',#10375);
#10375 = AXIS2_PLACEMENT_3D('',#10376,#10377,#10378);
#10376 = CARTESIAN_POINT('',(-2.25,-1.3,1.836970198721E-16));
#10377 = DIRECTION('',(-1.,0.,0.));
#10378 = DIRECTION('',(0.,0.,1.));
#10379 = ADVANCED_FACE('',(#10380),#10386,.T.);
#10380 = FACE_BOUND('',#10381,.T.);
#10381 = EDGE_LOOP('',(#10382,#10383,#10384,#10385));
#10382 = ORIENTED_EDGE('',*,*,#10285,.T.);
#10383 = ORIENTED_EDGE('',*,*,#10316,.T.);
#10384 = ORIENTED_EDGE('',*,*,#10347,.T.);
#10385 = ORIENTED_EDGE('',*,*,#10369,.T.);
#10386 = PLANE('',#10387);
#10387 = AXIS2_PLACEMENT_3D('',#10388,#10389,#10390);
#10388 = CARTESIAN_POINT('',(-1.5,-1.3,0.2));
#10389 = DIRECTION('',(0.,1.,0.));
#10390 = DIRECTION('',(0.,0.,1.));
#10391 = ADVANCED_FACE('',(#10392),#10398,.F.);
#10392 = FACE_BOUND('',#10393,.F.);
#10393 = EDGE_LOOP('',(#10394,#10395,#10396,#10397));
#10394 = ORIENTED_EDGE('',*,*,#10269,.T.);
#10395 = ORIENTED_EDGE('',*,*,#10300,.T.);
#10396 = ORIENTED_EDGE('',*,*,#10331,.T.);
#10397 = ORIENTED_EDGE('',*,*,#10362,.T.);
#10398 = PLANE('',#10399);
#10399 = AXIS2_PLACEMENT_3D('',#10400,#10401,#10402);
#10400 = CARTESIAN_POINT('',(-1.5,-1.7,0.2));
#10401 = DIRECTION('',(0.,1.,0.));
#10402 = DIRECTION('',(0.,0.,1.));
#10403 = MANIFOLD_SOLID_BREP('',#10404);
#10404 = CLOSED_SHELL('',(#10405,#10445,#10476,#10507,#10529,#10541));
#10405 = ADVANCED_FACE('',(#10406),#10440,.T.);
#10406 = FACE_BOUND('',#10407,.T.);
#10407 = EDGE_LOOP('',(#10408,#10418,#10426,#10434));
#10408 = ORIENTED_EDGE('',*,*,#10409,.T.);
#10409 = EDGE_CURVE('',#10410,#10412,#10414,.T.);
#10410 = VERTEX_POINT('',#10411);
#10411 = CARTESIAN_POINT('',(-2.25,0.2,0.4));
#10412 = VERTEX_POINT('',#10413);
#10413 = CARTESIAN_POINT('',(-2.25,-0.2,0.4));
#10414 = LINE('',#10415,#10416);
#10415 = CARTESIAN_POINT('',(-2.25,0.2,0.4));
#10416 = VECTOR('',#10417,1.);
#10417 = DIRECTION('',(0.,-1.,0.));
#10418 = ORIENTED_EDGE('',*,*,#10419,.T.);
#10419 = EDGE_CURVE('',#10412,#10420,#10422,.T.);
#10420 = VERTEX_POINT('',#10421);
#10421 = CARTESIAN_POINT('',(-0.75,-0.2,0.4));
#10422 = LINE('',#10423,#10424);
#10423 = CARTESIAN_POINT('',(-2.25,-0.2,0.4));
#10424 = VECTOR('',#10425,1.);
#10425 = DIRECTION('',(1.,0.,0.));
#10426 = ORIENTED_EDGE('',*,*,#10427,.F.);
#10427 = EDGE_CURVE('',#10428,#10420,#10430,.T.);
#10428 = VERTEX_POINT('',#10429);
#10429 = CARTESIAN_POINT('',(-0.75,0.2,0.4));
#10430 = LINE('',#10431,#10432);
#10431 = CARTESIAN_POINT('',(-0.75,0.2,0.4));
#10432 = VECTOR('',#10433,1.);
#10433 = DIRECTION('',(0.,-1.,0.));
#10434 = ORIENTED_EDGE('',*,*,#10435,.F.);
#10435 = EDGE_CURVE('',#10410,#10428,#10436,.T.);
#10436 = LINE('',#10437,#10438);
#10437 = CARTESIAN_POINT('',(-2.25,0.2,0.4));
#10438 = VECTOR('',#10439,1.);
#10439 = DIRECTION('',(1.,0.,0.));
#10440 = PLANE('',#10441);
#10441 = AXIS2_PLACEMENT_3D('',#10442,#10443,#10444);
#10442 = CARTESIAN_POINT('',(-2.25,0.2,0.4));
#10443 = DIRECTION('',(0.,0.,1.));
#10444 = DIRECTION('',(1.,0.,0.));
#10445 = ADVANCED_FACE('',(#10446),#10471,.T.);
#10446 = FACE_BOUND('',#10447,.T.);
#10447 = EDGE_LOOP('',(#10448,#10449,#10457,#10465));
#10448 = ORIENTED_EDGE('',*,*,#10427,.T.);
#10449 = ORIENTED_EDGE('',*,*,#10450,.T.);
#10450 = EDGE_CURVE('',#10420,#10451,#10453,.T.);
#10451 = VERTEX_POINT('',#10452);
#10452 = CARTESIAN_POINT('',(-0.75,-0.2,0.));
#10453 = LINE('',#10454,#10455);
#10454 = CARTESIAN_POINT('',(-0.75,-0.2,0.4));
#10455 = VECTOR('',#10456,1.);
#10456 = DIRECTION('',(-2.775557561563E-16,0.,-1.));
#10457 = ORIENTED_EDGE('',*,*,#10458,.F.);
#10458 = EDGE_CURVE('',#10459,#10451,#10461,.T.);
#10459 = VERTEX_POINT('',#10460);
#10460 = CARTESIAN_POINT('',(-0.75,0.2,0.));
#10461 = LINE('',#10462,#10463);
#10462 = CARTESIAN_POINT('',(-0.75,0.2,0.));
#10463 = VECTOR('',#10464,1.);
#10464 = DIRECTION('',(0.,-1.,0.));
#10465 = ORIENTED_EDGE('',*,*,#10466,.F.);
#10466 = EDGE_CURVE('',#10428,#10459,#10467,.T.);
#10467 = LINE('',#10468,#10469);
#10468 = CARTESIAN_POINT('',(-0.75,0.2,0.4));
#10469 = VECTOR('',#10470,1.);
#10470 = DIRECTION('',(-2.775557561563E-16,0.,-1.));
#10471 = PLANE('',#10472);
#10472 = AXIS2_PLACEMENT_3D('',#10473,#10474,#10475);
#10473 = CARTESIAN_POINT('',(-0.75,0.2,0.4));
#10474 = DIRECTION('',(1.,0.,-2.775557561563E-16));
#10475 = DIRECTION('',(-2.775557561563E-16,0.,-1.));
#10476 = ADVANCED_FACE('',(#10477),#10502,.T.);
#10477 = FACE_BOUND('',#10478,.T.);
#10478 = EDGE_LOOP('',(#10479,#10480,#10488,#10496));
#10479 = ORIENTED_EDGE('',*,*,#10458,.T.);
#10480 = ORIENTED_EDGE('',*,*,#10481,.T.);
#10481 = EDGE_CURVE('',#10451,#10482,#10484,.T.);
#10482 = VERTEX_POINT('',#10483);
#10483 = CARTESIAN_POINT('',(-2.25,-0.2,1.836970198721E-16));
#10484 = LINE('',#10485,#10486);
#10485 = CARTESIAN_POINT('',(-0.75,-0.2,0.));
#10486 = VECTOR('',#10487,1.);
#10487 = DIRECTION('',(-1.,0.,1.224646799147E-16));
#10488 = ORIENTED_EDGE('',*,*,#10489,.F.);
#10489 = EDGE_CURVE('',#10490,#10482,#10492,.T.);
#10490 = VERTEX_POINT('',#10491);
#10491 = CARTESIAN_POINT('',(-2.25,0.2,1.836970198721E-16));
#10492 = LINE('',#10493,#10494);
#10493 = CARTESIAN_POINT('',(-2.25,0.2,1.836970198721E-16));
#10494 = VECTOR('',#10495,1.);
#10495 = DIRECTION('',(0.,-1.,0.));
#10496 = ORIENTED_EDGE('',*,*,#10497,.F.);
#10497 = EDGE_CURVE('',#10459,#10490,#10498,.T.);
#10498 = LINE('',#10499,#10500);
#10499 = CARTESIAN_POINT('',(-0.75,0.2,0.));
#10500 = VECTOR('',#10501,1.);
#10501 = DIRECTION('',(-1.,0.,1.224646799147E-16));
#10502 = PLANE('',#10503);
#10503 = AXIS2_PLACEMENT_3D('',#10504,#10505,#10506);
#10504 = CARTESIAN_POINT('',(-0.75,0.2,0.));
#10505 = DIRECTION('',(-1.224646799147E-16,-0.,-1.));
#10506 = DIRECTION('',(-1.,0.,1.224646799147E-16));
#10507 = ADVANCED_FACE('',(#10508),#10524,.T.);
#10508 = FACE_BOUND('',#10509,.T.);
#10509 = EDGE_LOOP('',(#10510,#10511,#10517,#10518));
#10510 = ORIENTED_EDGE('',*,*,#10489,.T.);
#10511 = ORIENTED_EDGE('',*,*,#10512,.T.);
#10512 = EDGE_CURVE('',#10482,#10412,#10513,.T.);
#10513 = LINE('',#10514,#10515);
#10514 = CARTESIAN_POINT('',(-2.25,-0.2,1.836970198721E-16));
#10515 = VECTOR('',#10516,1.);
#10516 = DIRECTION('',(0.,0.,1.));
#10517 = ORIENTED_EDGE('',*,*,#10409,.F.);
#10518 = ORIENTED_EDGE('',*,*,#10519,.F.);
#10519 = EDGE_CURVE('',#10490,#10410,#10520,.T.);
#10520 = LINE('',#10521,#10522);
#10521 = CARTESIAN_POINT('',(-2.25,0.2,1.836970198721E-16));
#10522 = VECTOR('',#10523,1.);
#10523 = DIRECTION('',(0.,0.,1.));
#10524 = PLANE('',#10525);
#10525 = AXIS2_PLACEMENT_3D('',#10526,#10527,#10528);
#10526 = CARTESIAN_POINT('',(-2.25,0.2,1.836970198721E-16));
#10527 = DIRECTION('',(-1.,0.,0.));
#10528 = DIRECTION('',(0.,0.,1.));
#10529 = ADVANCED_FACE('',(#10530),#10536,.T.);
#10530 = FACE_BOUND('',#10531,.T.);
#10531 = EDGE_LOOP('',(#10532,#10533,#10534,#10535));
#10532 = ORIENTED_EDGE('',*,*,#10435,.T.);
#10533 = ORIENTED_EDGE('',*,*,#10466,.T.);
#10534 = ORIENTED_EDGE('',*,*,#10497,.T.);
#10535 = ORIENTED_EDGE('',*,*,#10519,.T.);
#10536 = PLANE('',#10537);
#10537 = AXIS2_PLACEMENT_3D('',#10538,#10539,#10540);
#10538 = CARTESIAN_POINT('',(-1.5,0.2,0.2));
#10539 = DIRECTION('',(0.,1.,0.));
#10540 = DIRECTION('',(0.,0.,1.));
#10541 = ADVANCED_FACE('',(#10542),#10548,.F.);
#10542 = FACE_BOUND('',#10543,.F.);
#10543 = EDGE_LOOP('',(#10544,#10545,#10546,#10547));
#10544 = ORIENTED_EDGE('',*,*,#10419,.T.);
#10545 = ORIENTED_EDGE('',*,*,#10450,.T.);
#10546 = ORIENTED_EDGE('',*,*,#10481,.T.);
#10547 = ORIENTED_EDGE('',*,*,#10512,.T.);
#10548 = PLANE('',#10549);
#10549 = AXIS2_PLACEMENT_3D('',#10550,#10551,#10552);
#10550 = CARTESIAN_POINT('',(-1.5,-0.2,0.2));
#10551 = DIRECTION('',(0.,1.,0.));
#10552 = DIRECTION('',(0.,0.,1.));
#10553 = MANIFOLD_SOLID_BREP('',#10554);
#10554 = CLOSED_SHELL('',(#10555,#10595,#10626,#10657,#10674,#10691));
#10555 = ADVANCED_FACE('',(#10556),#10590,.T.);
#10556 = FACE_BOUND('',#10557,.T.);
#10557 = EDGE_LOOP('',(#10558,#10568,#10576,#10584));
#10558 = ORIENTED_EDGE('',*,*,#10559,.T.);
#10559 = EDGE_CURVE('',#10560,#10562,#10564,.T.);
#10560 = VERTEX_POINT('',#10561);
#10561 = CARTESIAN_POINT('',(-2.25,1.7,0.4));
#10562 = VERTEX_POINT('',#10563);
#10563 = CARTESIAN_POINT('',(-2.25,1.3,0.4));
#10564 = LINE('',#10565,#10566);
#10565 = CARTESIAN_POINT('',(-2.25,1.7,0.4));
#10566 = VECTOR('',#10567,1.);
#10567 = DIRECTION('',(0.,-1.,0.));
#10568 = ORIENTED_EDGE('',*,*,#10569,.T.);
#10569 = EDGE_CURVE('',#10562,#10570,#10572,.T.);
#10570 = VERTEX_POINT('',#10571);
#10571 = CARTESIAN_POINT('',(-0.75,1.3,0.4));
#10572 = LINE('',#10573,#10574);
#10573 = CARTESIAN_POINT('',(-2.25,1.3,0.4));
#10574 = VECTOR('',#10575,1.);
#10575 = DIRECTION('',(1.,0.,0.));
#10576 = ORIENTED_EDGE('',*,*,#10577,.F.);
#10577 = EDGE_CURVE('',#10578,#10570,#10580,.T.);
#10578 = VERTEX_POINT('',#10579);
#10579 = CARTESIAN_POINT('',(-0.75,1.7,0.4));
#10580 = LINE('',#10581,#10582);
#10581 = CARTESIAN_POINT('',(-0.75,1.7,0.4));
#10582 = VECTOR('',#10583,1.);
#10583 = DIRECTION('',(0.,-1.,0.));
#10584 = ORIENTED_EDGE('',*,*,#10585,.F.);
#10585 = EDGE_CURVE('',#10560,#10578,#10586,.T.);
#10586 = LINE('',#10587,#10588);
#10587 = CARTESIAN_POINT('',(-2.25,1.7,0.4));
#10588 = VECTOR('',#10589,1.);
#10589 = DIRECTION('',(1.,0.,0.));
#10590 = PLANE('',#10591);
#10591 = AXIS2_PLACEMENT_3D('',#10592,#10593,#10594);
#10592 = CARTESIAN_POINT('',(-2.25,1.7,0.4));
#10593 = DIRECTION('',(0.,0.,1.));
#10594 = DIRECTION('',(1.,0.,0.));
#10595 = ADVANCED_FACE('',(#10596),#10621,.T.);
#10596 = FACE_BOUND('',#10597,.T.);
#10597 = EDGE_LOOP('',(#10598,#10608,#10614,#10615));
#10598 = ORIENTED_EDGE('',*,*,#10599,.T.);
#10599 = EDGE_CURVE('',#10600,#10602,#10604,.T.);
#10600 = VERTEX_POINT('',#10601);
#10601 = CARTESIAN_POINT('',(-2.25,1.7,1.836970198721E-16));
#10602 = VERTEX_POINT('',#10603);
#10603 = CARTESIAN_POINT('',(-2.25,1.3,1.836970198721E-16));
#10604 = LINE('',#10605,#10606);
#10605 = CARTESIAN_POINT('',(-2.25,1.7,1.836970198721E-16));
#10606 = VECTOR('',#10607,1.);
#10607 = DIRECTION('',(0.,-1.,0.));
#10608 = ORIENTED_EDGE('',*,*,#10609,.T.);
#10609 = EDGE_CURVE('',#10602,#10562,#10610,.T.);
#10610 = LINE('',#10611,#10612);
#10611 = CARTESIAN_POINT('',(-2.25,1.3,1.836970198721E-16));
#10612 = VECTOR('',#10613,1.);
#10613 = DIRECTION('',(0.,0.,1.));
#10614 = ORIENTED_EDGE('',*,*,#10559,.F.);
#10615 = ORIENTED_EDGE('',*,*,#10616,.F.);
#10616 = EDGE_CURVE('',#10600,#10560,#10617,.T.);
#10617 = LINE('',#10618,#10619);
#10618 = CARTESIAN_POINT('',(-2.25,1.7,1.836970198721E-16));
#10619 = VECTOR('',#10620,1.);
#10620 = DIRECTION('',(0.,0.,1.));
#10621 = PLANE('',#10622);
#10622 = AXIS2_PLACEMENT_3D('',#10623,#10624,#10625);
#10623 = CARTESIAN_POINT('',(-2.25,1.7,1.836970198721E-16));
#10624 = DIRECTION('',(-1.,0.,0.));
#10625 = DIRECTION('',(0.,0.,1.));
#10626 = ADVANCED_FACE('',(#10627),#10652,.T.);
#10627 = FACE_BOUND('',#10628,.T.);
#10628 = EDGE_LOOP('',(#10629,#10630,#10638,#10646));
#10629 = ORIENTED_EDGE('',*,*,#10577,.T.);
#10630 = ORIENTED_EDGE('',*,*,#10631,.T.);
#10631 = EDGE_CURVE('',#10570,#10632,#10634,.T.);
#10632 = VERTEX_POINT('',#10633);
#10633 = CARTESIAN_POINT('',(-0.75,1.3,0.));
#10634 = LINE('',#10635,#10636);
#10635 = CARTESIAN_POINT('',(-0.75,1.3,0.4));
#10636 = VECTOR('',#10637,1.);
#10637 = DIRECTION('',(-2.775557561563E-16,0.,-1.));
#10638 = ORIENTED_EDGE('',*,*,#10639,.F.);
#10639 = EDGE_CURVE('',#10640,#10632,#10642,.T.);
#10640 = VERTEX_POINT('',#10641);
#10641 = CARTESIAN_POINT('',(-0.75,1.7,0.));
#10642 = LINE('',#10643,#10644);
#10643 = CARTESIAN_POINT('',(-0.75,1.7,0.));
#10644 = VECTOR('',#10645,1.);
#10645 = DIRECTION('',(0.,-1.,0.));
#10646 = ORIENTED_EDGE('',*,*,#10647,.F.);
#10647 = EDGE_CURVE('',#10578,#10640,#10648,.T.);
#10648 = LINE('',#10649,#10650);
#10649 = CARTESIAN_POINT('',(-0.75,1.7,0.4));
#10650 = VECTOR('',#10651,1.);
#10651 = DIRECTION('',(-2.775557561563E-16,0.,-1.));
#10652 = PLANE('',#10653);
#10653 = AXIS2_PLACEMENT_3D('',#10654,#10655,#10656);
#10654 = CARTESIAN_POINT('',(-0.75,1.7,0.4));
#10655 = DIRECTION('',(1.,0.,-2.775557561563E-16));
#10656 = DIRECTION('',(-2.775557561563E-16,0.,-1.));
#10657 = ADVANCED_FACE('',(#10658),#10669,.T.);
#10658 = FACE_BOUND('',#10659,.T.);
#10659 = EDGE_LOOP('',(#10660,#10661,#10662,#10668));
#10660 = ORIENTED_EDGE('',*,*,#10585,.T.);
#10661 = ORIENTED_EDGE('',*,*,#10647,.T.);
#10662 = ORIENTED_EDGE('',*,*,#10663,.T.);
#10663 = EDGE_CURVE('',#10640,#10600,#10664,.T.);
#10664 = LINE('',#10665,#10666);
#10665 = CARTESIAN_POINT('',(-0.75,1.7,0.));
#10666 = VECTOR('',#10667,1.);
#10667 = DIRECTION('',(-1.,0.,1.224646799147E-16));
#10668 = ORIENTED_EDGE('',*,*,#10616,.T.);
#10669 = PLANE('',#10670);
#10670 = AXIS2_PLACEMENT_3D('',#10671,#10672,#10673);
#10671 = CARTESIAN_POINT('',(-1.5,1.7,0.2));
#10672 = DIRECTION('',(0.,1.,0.));
#10673 = DIRECTION('',(0.,0.,1.));
#10674 = ADVANCED_FACE('',(#10675),#10686,.F.);
#10675 = FACE_BOUND('',#10676,.F.);
#10676 = EDGE_LOOP('',(#10677,#10678,#10679,#10685));
#10677 = ORIENTED_EDGE('',*,*,#10569,.T.);
#10678 = ORIENTED_EDGE('',*,*,#10631,.T.);
#10679 = ORIENTED_EDGE('',*,*,#10680,.T.);
#10680 = EDGE_CURVE('',#10632,#10602,#10681,.T.);
#10681 = LINE('',#10682,#10683);
#10682 = CARTESIAN_POINT('',(-0.75,1.3,0.));
#10683 = VECTOR('',#10684,1.);
#10684 = DIRECTION('',(-1.,0.,1.224646799147E-16));
#10685 = ORIENTED_EDGE('',*,*,#10609,.T.);
#10686 = PLANE('',#10687);
#10687 = AXIS2_PLACEMENT_3D('',#10688,#10689,#10690);
#10688 = CARTESIAN_POINT('',(-1.5,1.3,0.2));
#10689 = DIRECTION('',(0.,1.,0.));
#10690 = DIRECTION('',(0.,0.,1.));
#10691 = ADVANCED_FACE('',(#10692),#10698,.T.);
#10692 = FACE_BOUND('',#10693,.T.);
#10693 = EDGE_LOOP('',(#10694,#10695,#10696,#10697));
#10694 = ORIENTED_EDGE('',*,*,#10639,.T.);
#10695 = ORIENTED_EDGE('',*,*,#10680,.T.);
#10696 = ORIENTED_EDGE('',*,*,#10599,.F.);
#10697 = ORIENTED_EDGE('',*,*,#10663,.F.);
#10698 = PLANE('',#10699);
#10699 = AXIS2_PLACEMENT_3D('',#10700,#10701,#10702);
#10700 = CARTESIAN_POINT('',(-0.75,1.7,0.));
#10701 = DIRECTION('',(-1.224646799147E-16,-0.,-1.));
#10702 = DIRECTION('',(-1.,0.,1.224646799147E-16));
#10703 = ( GEOMETRIC_REPRESENTATION_CONTEXT(3) 
GLOBAL_UNCERTAINTY_ASSIGNED_CONTEXT((#10707)) 
GLOBAL_UNIT_ASSIGNED_CONTEXT((#10704,#10705,#10706)) 
REPRESENTATION_CONTEXT('Context #1',
  '3D Context with UNIT and UNCERTAINTY') );
#10704 = ( LENGTH_UNIT() NAMED_UNIT(*) SI_UNIT(.MILLI.,.METRE.) );
#10705 = ( NAMED_UNIT(*) PLANE_ANGLE_UNIT() SI_UNIT($,.RADIAN.) );
#10706 = ( NAMED_UNIT(*) SI_UNIT($,.STERADIAN.) SOLID_ANGLE_UNIT() );
#10707 = UNCERTAINTY_MEASURE_WITH_UNIT(LENGTH_MEASURE(1.E-07),#10704,
  'distance_accuracy_value','confusion accuracy');
#10708 = CONTEXT_DEPENDENT_SHAPE_REPRESENTATION(#10709,#10711);
#10709 = ( REPRESENTATION_RELATIONSHIP('','',#9613,#9590) 
REPRESENTATION_RELATIONSHIP_WITH_TRANSFORMATION(#10710) 
SHAPE_REPRESENTATION_RELATIONSHIP() );
#10710 = ITEM_DEFINED_TRANSFORMATION('','',#11,#9591);
#10711 = PRODUCT_DEFINITION_SHAPE('Placement','Placement of an item',
  #10712);
#10712 = NEXT_ASSEMBLY_USAGE_OCCURRENCE('39','=>[0:1:1:13]','',#9585,
  #9608,$);
#10713 = PRODUCT_RELATED_PRODUCT_CATEGORY('part',$,(#9610));
#10714 = CONTEXT_DEPENDENT_SHAPE_REPRESENTATION(#10715,#10717);
#10715 = ( REPRESENTATION_RELATIONSHIP('','',#3142,#10) 
REPRESENTATION_RELATIONSHIP_WITH_TRANSFORMATION(#10716) 
SHAPE_REPRESENTATION_RELATIONSHIP() );
#10716 = ITEM_DEFINED_TRANSFORMATION('','',#11,#151);
#10717 = PRODUCT_DEFINITION_SHAPE('Placement','Placement of an item',
  #10718);
#10718 = NEXT_ASSEMBLY_USAGE_OCCURRENCE('41','C2','',#5,#3137,$);
#10719 = CONTEXT_DEPENDENT_SHAPE_REPRESENTATION(#10720,#10722);
#10720 = ( REPRESENTATION_RELATIONSHIP('','',#184,#10) 
REPRESENTATION_RELATIONSHIP_WITH_TRANSFORMATION(#10721) 
SHAPE_REPRESENTATION_RELATIONSHIP() );
#10721 = ITEM_DEFINED_TRANSFORMATION('','',#11,#155);
#10722 = PRODUCT_DEFINITION_SHAPE('Placement','Placement of an item',
  #10723);
#10723 = NEXT_ASSEMBLY_USAGE_OCCURRENCE('42','R1','',#5,#179,$);
#10724 = CONTEXT_DEPENDENT_SHAPE_REPRESENTATION(#10725,#10727);
#10725 = ( REPRESENTATION_RELATIONSHIP('','',#3142,#10) 
REPRESENTATION_RELATIONSHIP_WITH_TRANSFORMATION(#10726) 
SHAPE_REPRESENTATION_RELATIONSHIP() );
#10726 = ITEM_DEFINED_TRANSFORMATION('','',#11,#159);
#10727 = PRODUCT_DEFINITION_SHAPE('Placement','Placement of an item',
  #10728);
#10728 = NEXT_ASSEMBLY_USAGE_OCCURRENCE('43','C7','',#5,#3137,$);
#10729 = CONTEXT_DEPENDENT_SHAPE_REPRESENTATION(#10730,#10732);
#10730 = ( REPRESENTATION_RELATIONSHIP('','',#184,#10) 
REPRESENTATION_RELATIONSHIP_WITH_TRANSFORMATION(#10731) 
SHAPE_REPRESENTATION_RELATIONSHIP() );
#10731 = ITEM_DEFINED_TRANSFORMATION('','',#11,#163);
#10732 = PRODUCT_DEFINITION_SHAPE('Placement','Placement of an item',
  #10733);
#10733 = NEXT_ASSEMBLY_USAGE_OCCURRENCE('44','R13','',#5,#179,$);
#10734 = SHAPE_DEFINITION_REPRESENTATION(#10735,#10741);
#10735 = PRODUCT_DEFINITION_SHAPE('','',#10736);
#10736 = PRODUCT_DEFINITION('design','',#10737,#10740);
#10737 = PRODUCT_DEFINITION_FORMATION('','',#10738);
#10738 = PRODUCT('BSPD_PCB','BSPD_PCB','',(#10739));
#10739 = PRODUCT_CONTEXT('',#2,'mechanical');
#10740 = PRODUCT_DEFINITION_CONTEXT('part definition',#2,'design');
#10741 = ADVANCED_BREP_SHAPE_REPRESENTATION('',(#11,#10742),#12157);
#10742 = MANIFOLD_SOLID_BREP('',#10743);
#10743 = CLOSED_SHELL('',(#10744,#10786,#10817,#10848,#11182,#11516,
    #11533,#11550,#11567,#11584,#11601,#11618,#11635,#11652,#11669,
    #11686,#11703,#11720,#11737,#11754,#11771,#11788,#11805,#11822,
    #11839,#11856,#11873,#11890,#11907,#11924,#11941,#11958,#11975,
    #11992,#12009,#12026,#12043,#12060,#12077,#12094,#12111,#12128,
    #12145));
#10744 = ADVANCED_FACE('',(#10745),#10781,.T.);
#10745 = FACE_BOUND('',#10746,.T.);
#10746 = EDGE_LOOP('',(#10747,#10757,#10766,#10774));
#10747 = ORIENTED_EDGE('',*,*,#10748,.T.);
#10748 = EDGE_CURVE('',#10749,#10751,#10753,.T.);
#10749 = VERTEX_POINT('',#10750);
#10750 = CARTESIAN_POINT('',(10.16,12.7,0.));
#10751 = VERTEX_POINT('',#10752);
#10752 = CARTESIAN_POINT('',(10.16,12.7,1.6));
#10753 = LINE('',#10754,#10755);
#10754 = CARTESIAN_POINT('',(10.16,12.7,0.));
#10755 = VECTOR('',#10756,1.);
#10756 = DIRECTION('',(0.,0.,1.));
#10757 = ORIENTED_EDGE('',*,*,#10758,.T.);
#10758 = EDGE_CURVE('',#10751,#10759,#10761,.T.);
#10759 = VERTEX_POINT('',#10760);
#10760 = CARTESIAN_POINT('',(12.7,10.16,1.6));
#10761 = CIRCLE('',#10762,2.540000765514);
#10762 = AXIS2_PLACEMENT_3D('',#10763,#10764,#10765);
#10763 = CARTESIAN_POINT('',(10.159999234486,10.159999234486,1.6));
#10764 = DIRECTION('',(0.,0.,-1.));
#10765 = DIRECTION('',(3.013834432203E-07,1.,0.));
#10766 = ORIENTED_EDGE('',*,*,#10767,.F.);
#10767 = EDGE_CURVE('',#10768,#10759,#10770,.T.);
#10768 = VERTEX_POINT('',#10769);
#10769 = CARTESIAN_POINT('',(12.7,10.16,0.));
#10770 = LINE('',#10771,#10772);
#10771 = CARTESIAN_POINT('',(12.7,10.16,0.));
#10772 = VECTOR('',#10773,1.);
#10773 = DIRECTION('',(0.,0.,1.));
#10774 = ORIENTED_EDGE('',*,*,#10775,.F.);
#10775 = EDGE_CURVE('',#10749,#10768,#10776,.T.);
#10776 = CIRCLE('',#10777,2.540000765514);
#10777 = AXIS2_PLACEMENT_3D('',#10778,#10779,#10780);
#10778 = CARTESIAN_POINT('',(10.159999234486,10.159999234486,0.));
#10779 = DIRECTION('',(0.,0.,-1.));
#10780 = DIRECTION('',(3.013834432203E-07,1.,0.));
#10781 = CYLINDRICAL_SURFACE('',#10782,2.540000765514);
#10782 = AXIS2_PLACEMENT_3D('',#10783,#10784,#10785);
#10783 = CARTESIAN_POINT('',(10.159999234486,10.159999234486,0.));
#10784 = DIRECTION('',(0.,0.,-1.));
#10785 = DIRECTION('',(3.013834432203E-07,1.,0.));
#10786 = ADVANCED_FACE('',(#10787),#10812,.T.);
#10787 = FACE_BOUND('',#10788,.T.);
#10788 = EDGE_LOOP('',(#10789,#10797,#10805,#10811));
#10789 = ORIENTED_EDGE('',*,*,#10790,.F.);
#10790 = EDGE_CURVE('',#10791,#10749,#10793,.T.);
#10791 = VERTEX_POINT('',#10792);
#10792 = CARTESIAN_POINT('',(3.04,12.7,0.));
#10793 = LINE('',#10794,#10795);
#10794 = CARTESIAN_POINT('',(-9.633949,12.7,0.));
#10795 = VECTOR('',#10796,1.);
#10796 = DIRECTION('',(1.,0.,0.));
#10797 = ORIENTED_EDGE('',*,*,#10798,.F.);
#10798 = EDGE_CURVE('',#10799,#10791,#10801,.T.);
#10799 = VERTEX_POINT('',#10800);
#10800 = CARTESIAN_POINT('',(3.04,12.7,1.6));
#10801 = LINE('',#10802,#10803);
#10802 = CARTESIAN_POINT('',(3.04,12.7,-4.5E-02));
#10803 = VECTOR('',#10804,1.);
#10804 = DIRECTION('',(-0.,-0.,-1.));
#10805 = ORIENTED_EDGE('',*,*,#10806,.T.);
#10806 = EDGE_CURVE('',#10799,#10751,#10807,.T.);
#10807 = LINE('',#10808,#10809);
#10808 = CARTESIAN_POINT('',(-9.633949,12.7,1.6));
#10809 = VECTOR('',#10810,1.);
#10810 = DIRECTION('',(1.,0.,0.));
#10811 = ORIENTED_EDGE('',*,*,#10748,.F.);
#10812 = PLANE('',#10813);
#10813 = AXIS2_PLACEMENT_3D('',#10814,#10815,#10816);
#10814 = CARTESIAN_POINT('',(-9.633949,12.7,0.));
#10815 = DIRECTION('',(0.,1.,0.));
#10816 = DIRECTION('',(1.,0.,0.));
#10817 = ADVANCED_FACE('',(#10818),#10843,.T.);
#10818 = FACE_BOUND('',#10819,.T.);
#10819 = EDGE_LOOP('',(#10820,#10828,#10829,#10837));
#10820 = ORIENTED_EDGE('',*,*,#10821,.F.);
#10821 = EDGE_CURVE('',#10768,#10822,#10824,.T.);
#10822 = VERTEX_POINT('',#10823);
#10823 = CARTESIAN_POINT('',(12.7,4.31,0.));
#10824 = LINE('',#10825,#10826);
#10825 = CARTESIAN_POINT('',(12.7,10.16,0.));
#10826 = VECTOR('',#10827,1.);
#10827 = DIRECTION('',(0.,-1.,0.));
#10828 = ORIENTED_EDGE('',*,*,#10767,.T.);
#10829 = ORIENTED_EDGE('',*,*,#10830,.T.);
#10830 = EDGE_CURVE('',#10759,#10831,#10833,.T.);
#10831 = VERTEX_POINT('',#10832);
#10832 = CARTESIAN_POINT('',(12.7,4.31,1.6));
#10833 = LINE('',#10834,#10835);
#10834 = CARTESIAN_POINT('',(12.7,10.16,1.6));
#10835 = VECTOR('',#10836,1.);
#10836 = DIRECTION('',(0.,-1.,0.));
#10837 = ORIENTED_EDGE('',*,*,#10838,.T.);
#10838 = EDGE_CURVE('',#10831,#10822,#10839,.T.);
#10839 = LINE('',#10840,#10841);
#10840 = CARTESIAN_POINT('',(12.7,4.31,-4.5E-02));
#10841 = VECTOR('',#10842,1.);
#10842 = DIRECTION('',(-0.,-0.,-1.));
#10843 = PLANE('',#10844);
#10844 = AXIS2_PLACEMENT_3D('',#10845,#10846,#10847);
#10845 = CARTESIAN_POINT('',(12.7,10.16,0.));
#10846 = DIRECTION('',(1.,0.,-0.));
#10847 = DIRECTION('',(0.,-1.,0.));
#10848 = ADVANCED_FACE('',(#10849),#11177,.T.);
#10849 = FACE_BOUND('',#10850,.T.);
#10850 = EDGE_LOOP('',(#10851,#10852,#10853,#10854,#10863,#10871,#10880,
    #10888,#10897,#10905,#10914,#10922,#10931,#10939,#10948,#10956,
    #10965,#10973,#10982,#10990,#10999,#11007,#11016,#11024,#11033,
    #11041,#11050,#11058,#11067,#11075,#11084,#11092,#11101,#11109,
    #11118,#11127,#11135,#11144,#11153,#11161,#11170));
#10851 = ORIENTED_EDGE('',*,*,#10790,.T.);
#10852 = ORIENTED_EDGE('',*,*,#10775,.T.);
#10853 = ORIENTED_EDGE('',*,*,#10821,.T.);
#10854 = ORIENTED_EDGE('',*,*,#10855,.F.);
#10855 = EDGE_CURVE('',#10856,#10822,#10858,.T.);
#10856 = VERTEX_POINT('',#10857);
#10857 = CARTESIAN_POINT('',(12.7,3.31,0.));
#10858 = CIRCLE('',#10859,0.5);
#10859 = AXIS2_PLACEMENT_3D('',#10860,#10861,#10862);
#10860 = CARTESIAN_POINT('',(12.7,3.81,0.));
#10861 = DIRECTION('',(-0.,0.,-1.));
#10862 = DIRECTION('',(-0.,-1.,0.));
#10863 = ORIENTED_EDGE('',*,*,#10864,.T.);
#10864 = EDGE_CURVE('',#10856,#10865,#10867,.T.);
#10865 = VERTEX_POINT('',#10866);
#10866 = CARTESIAN_POINT('',(12.7,1.77,0.));
#10867 = LINE('',#10868,#10869);
#10868 = CARTESIAN_POINT('',(12.7,10.16,0.));
#10869 = VECTOR('',#10870,1.);
#10870 = DIRECTION('',(0.,-1.,0.));
#10871 = ORIENTED_EDGE('',*,*,#10872,.F.);
#10872 = EDGE_CURVE('',#10873,#10865,#10875,.T.);
#10873 = VERTEX_POINT('',#10874);
#10874 = CARTESIAN_POINT('',(12.7,0.77,0.));
#10875 = CIRCLE('',#10876,0.5);
#10876 = AXIS2_PLACEMENT_3D('',#10877,#10878,#10879);
#10877 = CARTESIAN_POINT('',(12.7,1.27,0.));
#10878 = DIRECTION('',(-0.,0.,-1.));
#10879 = DIRECTION('',(-0.,-1.,0.));
#10880 = ORIENTED_EDGE('',*,*,#10881,.T.);
#10881 = EDGE_CURVE('',#10873,#10882,#10884,.T.);
#10882 = VERTEX_POINT('',#10883);
#10883 = CARTESIAN_POINT('',(12.7,-0.77,0.));
#10884 = LINE('',#10885,#10886);
#10885 = CARTESIAN_POINT('',(12.7,10.16,0.));
#10886 = VECTOR('',#10887,1.);
#10887 = DIRECTION('',(0.,-1.,0.));
#10888 = ORIENTED_EDGE('',*,*,#10889,.F.);
#10889 = EDGE_CURVE('',#10890,#10882,#10892,.T.);
#10890 = VERTEX_POINT('',#10891);
#10891 = CARTESIAN_POINT('',(12.7,-1.77,0.));
#10892 = CIRCLE('',#10893,0.5);
#10893 = AXIS2_PLACEMENT_3D('',#10894,#10895,#10896);
#10894 = CARTESIAN_POINT('',(12.7,-1.27,0.));
#10895 = DIRECTION('',(-0.,0.,-1.));
#10896 = DIRECTION('',(-0.,-1.,0.));
#10897 = ORIENTED_EDGE('',*,*,#10898,.T.);
#10898 = EDGE_CURVE('',#10890,#10899,#10901,.T.);
#10899 = VERTEX_POINT('',#10900);
#10900 = CARTESIAN_POINT('',(12.7,-3.31,0.));
#10901 = LINE('',#10902,#10903);
#10902 = CARTESIAN_POINT('',(12.7,10.16,0.));
#10903 = VECTOR('',#10904,1.);
#10904 = DIRECTION('',(0.,-1.,0.));
#10905 = ORIENTED_EDGE('',*,*,#10906,.F.);
#10906 = EDGE_CURVE('',#10907,#10899,#10909,.T.);
#10907 = VERTEX_POINT('',#10908);
#10908 = CARTESIAN_POINT('',(12.7,-4.31,0.));
#10909 = CIRCLE('',#10910,0.5);
#10910 = AXIS2_PLACEMENT_3D('',#10911,#10912,#10913);
#10911 = CARTESIAN_POINT('',(12.7,-3.81,0.));
#10912 = DIRECTION('',(-0.,0.,-1.));
#10913 = DIRECTION('',(-0.,-1.,0.));
#10914 = ORIENTED_EDGE('',*,*,#10915,.T.);
#10915 = EDGE_CURVE('',#10907,#10916,#10918,.T.);
#10916 = VERTEX_POINT('',#10917);
#10917 = CARTESIAN_POINT('',(12.7,-10.16,0.));
#10918 = LINE('',#10919,#10920);
#10919 = CARTESIAN_POINT('',(12.7,10.16,0.));
#10920 = VECTOR('',#10921,1.);
#10921 = DIRECTION('',(0.,-1.,0.));
#10922 = ORIENTED_EDGE('',*,*,#10923,.T.);
#10923 = EDGE_CURVE('',#10916,#10924,#10926,.T.);
#10924 = VERTEX_POINT('',#10925);
#10925 = CARTESIAN_POINT('',(10.16,-12.7,0.));
#10926 = CIRCLE('',#10927,2.540000765514);
#10927 = AXIS2_PLACEMENT_3D('',#10928,#10929,#10930);
#10928 = CARTESIAN_POINT('',(10.159999234486,-10.15999923448,0.));
#10929 = DIRECTION('',(0.,0.,-1.));
#10930 = DIRECTION('',(1.,-3.013834432203E-07,0.));
#10931 = ORIENTED_EDGE('',*,*,#10932,.T.);
#10932 = EDGE_CURVE('',#10924,#10933,#10935,.T.);
#10933 = VERTEX_POINT('',#10934);
#10934 = CARTESIAN_POINT('',(3.04,-12.7,0.));
#10935 = LINE('',#10936,#10937);
#10936 = CARTESIAN_POINT('',(10.16,-12.7,0.));
#10937 = VECTOR('',#10938,1.);
#10938 = DIRECTION('',(-1.,0.,0.));
#10939 = ORIENTED_EDGE('',*,*,#10940,.F.);
#10940 = EDGE_CURVE('',#10941,#10933,#10943,.T.);
#10941 = VERTEX_POINT('',#10942);
#10942 = CARTESIAN_POINT('',(2.04,-12.7,0.));
#10943 = CIRCLE('',#10944,0.5);
#10944 = AXIS2_PLACEMENT_3D('',#10945,#10946,#10947);
#10945 = CARTESIAN_POINT('',(2.54,-12.7,0.));
#10946 = DIRECTION('',(-0.,0.,-1.));
#10947 = DIRECTION('',(-0.,-1.,0.));
#10948 = ORIENTED_EDGE('',*,*,#10949,.T.);
#10949 = EDGE_CURVE('',#10941,#10950,#10952,.T.);
#10950 = VERTEX_POINT('',#10951);
#10951 = CARTESIAN_POINT('',(0.5,-12.7,0.));
#10952 = LINE('',#10953,#10954);
#10953 = CARTESIAN_POINT('',(10.16,-12.7,0.));
#10954 = VECTOR('',#10955,1.);
#10955 = DIRECTION('',(-1.,0.,0.));
#10956 = ORIENTED_EDGE('',*,*,#10957,.F.);
#10957 = EDGE_CURVE('',#10958,#10950,#10960,.T.);
#10958 = VERTEX_POINT('',#10959);
#10959 = CARTESIAN_POINT('',(-0.5,-12.7,0.));
#10960 = CIRCLE('',#10961,0.5);
#10961 = AXIS2_PLACEMENT_3D('',#10962,#10963,#10964);
#10962 = CARTESIAN_POINT('',(-2.775557561563E-17,-12.7,0.));
#10963 = DIRECTION('',(-0.,0.,-1.));
#10964 = DIRECTION('',(5.551115123126E-17,-1.,-0.));
#10965 = ORIENTED_EDGE('',*,*,#10966,.T.);
#10966 = EDGE_CURVE('',#10958,#10967,#10969,.T.);
#10967 = VERTEX_POINT('',#10968);
#10968 = CARTESIAN_POINT('',(-2.04,-12.7,0.));
#10969 = LINE('',#10970,#10971);
#10970 = CARTESIAN_POINT('',(10.16,-12.7,0.));
#10971 = VECTOR('',#10972,1.);
#10972 = DIRECTION('',(-1.,0.,0.));
#10973 = ORIENTED_EDGE('',*,*,#10974,.F.);
#10974 = EDGE_CURVE('',#10975,#10967,#10977,.T.);
#10975 = VERTEX_POINT('',#10976);
#10976 = CARTESIAN_POINT('',(-3.04,-12.7,0.));
#10977 = CIRCLE('',#10978,0.5);
#10978 = AXIS2_PLACEMENT_3D('',#10979,#10980,#10981);
#10979 = CARTESIAN_POINT('',(-2.54,-12.7,0.));
#10980 = DIRECTION('',(-0.,0.,-1.));
#10981 = DIRECTION('',(-0.,-1.,0.));
#10982 = ORIENTED_EDGE('',*,*,#10983,.T.);
#10983 = EDGE_CURVE('',#10975,#10984,#10986,.T.);
#10984 = VERTEX_POINT('',#10985);
#10985 = CARTESIAN_POINT('',(-10.16,-12.7,0.));
#10986 = LINE('',#10987,#10988);
#10987 = CARTESIAN_POINT('',(10.16,-12.7,0.));
#10988 = VECTOR('',#10989,1.);
#10989 = DIRECTION('',(-1.,0.,0.));
#10990 = ORIENTED_EDGE('',*,*,#10991,.T.);
#10991 = EDGE_CURVE('',#10984,#10992,#10994,.T.);
#10992 = VERTEX_POINT('',#10993);
#10993 = CARTESIAN_POINT('',(-12.7,-10.16,0.));
#10994 = CIRCLE('',#10995,2.540000765514);
#10995 = AXIS2_PLACEMENT_3D('',#10996,#10997,#10998);
#10996 = CARTESIAN_POINT('',(-10.15999923448,-10.15999923448,0.));
#10997 = DIRECTION('',(0.,0.,-1.));
#10998 = DIRECTION('',(-3.013834432203E-07,-1.,-0.));
#10999 = ORIENTED_EDGE('',*,*,#11000,.T.);
#11000 = EDGE_CURVE('',#10992,#11001,#11003,.T.);
#11001 = VERTEX_POINT('',#11002);
#11002 = CARTESIAN_POINT('',(-12.7,-4.31,0.));
#11003 = LINE('',#11004,#11005);
#11004 = CARTESIAN_POINT('',(-12.7,-10.16,0.));
#11005 = VECTOR('',#11006,1.);
#11006 = DIRECTION('',(0.,1.,0.));
#11007 = ORIENTED_EDGE('',*,*,#11008,.F.);
#11008 = EDGE_CURVE('',#11009,#11001,#11011,.T.);
#11009 = VERTEX_POINT('',#11010);
#11010 = CARTESIAN_POINT('',(-12.7,-3.31,0.));
#11011 = CIRCLE('',#11012,0.5);
#11012 = AXIS2_PLACEMENT_3D('',#11013,#11014,#11015);
#11013 = CARTESIAN_POINT('',(-12.7,-3.81,0.));
#11014 = DIRECTION('',(-0.,0.,-1.));
#11015 = DIRECTION('',(-0.,-1.,0.));
#11016 = ORIENTED_EDGE('',*,*,#11017,.T.);
#11017 = EDGE_CURVE('',#11009,#11018,#11020,.T.);
#11018 = VERTEX_POINT('',#11019);
#11019 = CARTESIAN_POINT('',(-12.7,-1.77,0.));
#11020 = LINE('',#11021,#11022);
#11021 = CARTESIAN_POINT('',(-12.7,-10.16,0.));
#11022 = VECTOR('',#11023,1.);
#11023 = DIRECTION('',(0.,1.,0.));
#11024 = ORIENTED_EDGE('',*,*,#11025,.F.);
#11025 = EDGE_CURVE('',#11026,#11018,#11028,.T.);
#11026 = VERTEX_POINT('',#11027);
#11027 = CARTESIAN_POINT('',(-12.7,-0.77,0.));
#11028 = CIRCLE('',#11029,0.5);
#11029 = AXIS2_PLACEMENT_3D('',#11030,#11031,#11032);
#11030 = CARTESIAN_POINT('',(-12.7,-1.27,0.));
#11031 = DIRECTION('',(-0.,0.,-1.));
#11032 = DIRECTION('',(-0.,-1.,0.));
#11033 = ORIENTED_EDGE('',*,*,#11034,.T.);
#11034 = EDGE_CURVE('',#11026,#11035,#11037,.T.);
#11035 = VERTEX_POINT('',#11036);
#11036 = CARTESIAN_POINT('',(-12.7,0.77,0.));
#11037 = LINE('',#11038,#11039);
#11038 = CARTESIAN_POINT('',(-12.7,-10.16,0.));
#11039 = VECTOR('',#11040,1.);
#11040 = DIRECTION('',(0.,1.,0.));
#11041 = ORIENTED_EDGE('',*,*,#11042,.F.);
#11042 = EDGE_CURVE('',#11043,#11035,#11045,.T.);
#11043 = VERTEX_POINT('',#11044);
#11044 = CARTESIAN_POINT('',(-12.7,1.77,0.));
#11045 = CIRCLE('',#11046,0.5);
#11046 = AXIS2_PLACEMENT_3D('',#11047,#11048,#11049);
#11047 = CARTESIAN_POINT('',(-12.7,1.27,0.));
#11048 = DIRECTION('',(-0.,0.,-1.));
#11049 = DIRECTION('',(-0.,-1.,0.));
#11050 = ORIENTED_EDGE('',*,*,#11051,.T.);
#11051 = EDGE_CURVE('',#11043,#11052,#11054,.T.);
#11052 = VERTEX_POINT('',#11053);
#11053 = CARTESIAN_POINT('',(-12.7,3.31,0.));
#11054 = LINE('',#11055,#11056);
#11055 = CARTESIAN_POINT('',(-12.7,-10.16,0.));
#11056 = VECTOR('',#11057,1.);
#11057 = DIRECTION('',(0.,1.,0.));
#11058 = ORIENTED_EDGE('',*,*,#11059,.F.);
#11059 = EDGE_CURVE('',#11060,#11052,#11062,.T.);
#11060 = VERTEX_POINT('',#11061);
#11061 = CARTESIAN_POINT('',(-12.7,4.31,0.));
#11062 = CIRCLE('',#11063,0.5);
#11063 = AXIS2_PLACEMENT_3D('',#11064,#11065,#11066);
#11064 = CARTESIAN_POINT('',(-12.7,3.81,0.));
#11065 = DIRECTION('',(-0.,0.,-1.));
#11066 = DIRECTION('',(-0.,-1.,0.));
#11067 = ORIENTED_EDGE('',*,*,#11068,.T.);
#11068 = EDGE_CURVE('',#11060,#11069,#11071,.T.);
#11069 = VERTEX_POINT('',#11070);
#11070 = CARTESIAN_POINT('',(-12.7,9.633949,0.));
#11071 = LINE('',#11072,#11073);
#11072 = CARTESIAN_POINT('',(-12.7,-10.16,0.));
#11073 = VECTOR('',#11074,1.);
#11074 = DIRECTION('',(0.,1.,0.));
#11075 = ORIENTED_EDGE('',*,*,#11076,.T.);
#11076 = EDGE_CURVE('',#11069,#11077,#11079,.T.);
#11077 = VERTEX_POINT('',#11078);
#11078 = CARTESIAN_POINT('',(-12.328025,10.531975,0.));
#11079 = CIRCLE('',#11080,1.27022474127);
#11080 = AXIS2_PLACEMENT_3D('',#11081,#11082,#11083);
#11081 = CARTESIAN_POINT('',(-11.42977526215,9.633855686211,0.));
#11082 = DIRECTION('',(0.,0.,-1.));
#11083 = DIRECTION('',(-0.999999997302,7.346242432716E-05,0.));
#11084 = ORIENTED_EDGE('',*,*,#11085,.T.);
#11085 = EDGE_CURVE('',#11077,#11086,#11088,.T.);
#11086 = VERTEX_POINT('',#11087);
#11087 = CARTESIAN_POINT('',(-10.531974,12.328026,0.));
#11088 = LINE('',#11089,#11090);
#11089 = CARTESIAN_POINT('',(-12.328025,10.531975,0.));
#11090 = VECTOR('',#11091,1.);
#11091 = DIRECTION('',(0.707106781187,0.707106781187,0.));
#11092 = ORIENTED_EDGE('',*,*,#11093,.T.);
#11093 = EDGE_CURVE('',#11086,#11094,#11096,.T.);
#11094 = VERTEX_POINT('',#11095);
#11095 = CARTESIAN_POINT('',(-9.633949,12.7,0.));
#11096 = CIRCLE('',#11097,1.269810170391);
#11097 = AXIS2_PLACEMENT_3D('',#11098,#11099,#11100);
#11098 = CARTESIAN_POINT('',(-9.634027406759,11.430189832029,0.));
#11099 = DIRECTION('',(0.,0.,-1.));
#11100 = DIRECTION('',(-0.707150260865,0.707063298835,0.));
#11101 = ORIENTED_EDGE('',*,*,#11102,.T.);
#11102 = EDGE_CURVE('',#11094,#11103,#11105,.T.);
#11103 = VERTEX_POINT('',#11104);
#11104 = CARTESIAN_POINT('',(-3.04,12.7,0.));
#11105 = LINE('',#11106,#11107);
#11106 = CARTESIAN_POINT('',(-9.633949,12.7,0.));
#11107 = VECTOR('',#11108,1.);
#11108 = DIRECTION('',(1.,0.,0.));
#11109 = ORIENTED_EDGE('',*,*,#11110,.F.);
#11110 = EDGE_CURVE('',#11111,#11103,#11113,.T.);
#11111 = VERTEX_POINT('',#11112);
#11112 = CARTESIAN_POINT('',(-2.54,12.2,0.));
#11113 = CIRCLE('',#11114,0.5);
#11114 = AXIS2_PLACEMENT_3D('',#11115,#11116,#11117);
#11115 = CARTESIAN_POINT('',(-2.54,12.7,0.));
#11116 = DIRECTION('',(-0.,0.,-1.));
#11117 = DIRECTION('',(-0.,-1.,0.));
#11118 = ORIENTED_EDGE('',*,*,#11119,.F.);
#11119 = EDGE_CURVE('',#11120,#11111,#11122,.T.);
#11120 = VERTEX_POINT('',#11121);
#11121 = CARTESIAN_POINT('',(-2.04,12.7,0.));
#11122 = CIRCLE('',#11123,0.5);
#11123 = AXIS2_PLACEMENT_3D('',#11124,#11125,#11126);
#11124 = CARTESIAN_POINT('',(-2.54,12.7,0.));
#11125 = DIRECTION('',(-0.,0.,-1.));
#11126 = DIRECTION('',(-0.,-1.,0.));
#11127 = ORIENTED_EDGE('',*,*,#11128,.T.);
#11128 = EDGE_CURVE('',#11120,#11129,#11131,.T.);
#11129 = VERTEX_POINT('',#11130);
#11130 = CARTESIAN_POINT('',(-0.5,12.7,0.));
#11131 = LINE('',#11132,#11133);
#11132 = CARTESIAN_POINT('',(-9.633949,12.7,0.));
#11133 = VECTOR('',#11134,1.);
#11134 = DIRECTION('',(1.,0.,0.));
#11135 = ORIENTED_EDGE('',*,*,#11136,.F.);
#11136 = EDGE_CURVE('',#11137,#11129,#11139,.T.);
#11137 = VERTEX_POINT('',#11138);
#11138 = CARTESIAN_POINT('',(0.,12.2,0.));
#11139 = CIRCLE('',#11140,0.5);
#11140 = AXIS2_PLACEMENT_3D('',#11141,#11142,#11143);
#11141 = CARTESIAN_POINT('',(-2.775557561563E-17,12.7,0.));
#11142 = DIRECTION('',(-0.,0.,-1.));
#11143 = DIRECTION('',(5.551115123126E-17,-1.,-0.));
#11144 = ORIENTED_EDGE('',*,*,#11145,.F.);
#11145 = EDGE_CURVE('',#11146,#11137,#11148,.T.);
#11146 = VERTEX_POINT('',#11147);
#11147 = CARTESIAN_POINT('',(0.5,12.7,0.));
#11148 = CIRCLE('',#11149,0.5);
#11149 = AXIS2_PLACEMENT_3D('',#11150,#11151,#11152);
#11150 = CARTESIAN_POINT('',(-2.775557561563E-17,12.7,0.));
#11151 = DIRECTION('',(-0.,0.,-1.));
#11152 = DIRECTION('',(5.551115123126E-17,-1.,-0.));
#11153 = ORIENTED_EDGE('',*,*,#11154,.T.);
#11154 = EDGE_CURVE('',#11146,#11155,#11157,.T.);
#11155 = VERTEX_POINT('',#11156);
#11156 = CARTESIAN_POINT('',(2.04,12.7,0.));
#11157 = LINE('',#11158,#11159);
#11158 = CARTESIAN_POINT('',(-9.633949,12.7,0.));
#11159 = VECTOR('',#11160,1.);
#11160 = DIRECTION('',(1.,0.,0.));
#11161 = ORIENTED_EDGE('',*,*,#11162,.F.);
#11162 = EDGE_CURVE('',#11163,#11155,#11165,.T.);
#11163 = VERTEX_POINT('',#11164);
#11164 = CARTESIAN_POINT('',(2.54,12.2,0.));
#11165 = CIRCLE('',#11166,0.5);
#11166 = AXIS2_PLACEMENT_3D('',#11167,#11168,#11169);
#11167 = CARTESIAN_POINT('',(2.54,12.7,0.));
#11168 = DIRECTION('',(-0.,0.,-1.));
#11169 = DIRECTION('',(-0.,-1.,0.));
#11170 = ORIENTED_EDGE('',*,*,#11171,.F.);
#11171 = EDGE_CURVE('',#10791,#11163,#11172,.T.);
#11172 = CIRCLE('',#11173,0.5);
#11173 = AXIS2_PLACEMENT_3D('',#11174,#11175,#11176);
#11174 = CARTESIAN_POINT('',(2.54,12.7,0.));
#11175 = DIRECTION('',(-0.,0.,-1.));
#11176 = DIRECTION('',(-0.,-1.,0.));
#11177 = PLANE('',#11178);
#11178 = AXIS2_PLACEMENT_3D('',#11179,#11180,#11181);
#11179 = CARTESIAN_POINT('',(6.84581047412E-02,-6.845758857052E-02,0.));
#11180 = DIRECTION('',(-0.,-0.,-1.));
#11181 = DIRECTION('',(-1.,0.,0.));
#11182 = ADVANCED_FACE('',(#11183),#11511,.F.);
#11183 = FACE_BOUND('',#11184,.F.);
#11184 = EDGE_LOOP('',(#11185,#11186,#11187,#11188,#11197,#11205,#11214,
    #11222,#11231,#11239,#11248,#11256,#11265,#11273,#11282,#11290,
    #11299,#11307,#11316,#11324,#11333,#11341,#11350,#11358,#11367,
    #11375,#11384,#11392,#11401,#11409,#11418,#11426,#11435,#11443,
    #11452,#11461,#11469,#11478,#11487,#11495,#11504));
#11185 = ORIENTED_EDGE('',*,*,#10806,.T.);
#11186 = ORIENTED_EDGE('',*,*,#10758,.T.);
#11187 = ORIENTED_EDGE('',*,*,#10830,.T.);
#11188 = ORIENTED_EDGE('',*,*,#11189,.F.);
#11189 = EDGE_CURVE('',#11190,#10831,#11192,.T.);
#11190 = VERTEX_POINT('',#11191);
#11191 = CARTESIAN_POINT('',(12.7,3.31,1.6));
#11192 = CIRCLE('',#11193,0.5);
#11193 = AXIS2_PLACEMENT_3D('',#11194,#11195,#11196);
#11194 = CARTESIAN_POINT('',(12.7,3.81,1.6));
#11195 = DIRECTION('',(-0.,0.,-1.));
#11196 = DIRECTION('',(-0.,-1.,0.));
#11197 = ORIENTED_EDGE('',*,*,#11198,.T.);
#11198 = EDGE_CURVE('',#11190,#11199,#11201,.T.);
#11199 = VERTEX_POINT('',#11200);
#11200 = CARTESIAN_POINT('',(12.7,1.77,1.6));
#11201 = LINE('',#11202,#11203);
#11202 = CARTESIAN_POINT('',(12.7,10.16,1.6));
#11203 = VECTOR('',#11204,1.);
#11204 = DIRECTION('',(0.,-1.,0.));
#11205 = ORIENTED_EDGE('',*,*,#11206,.F.);
#11206 = EDGE_CURVE('',#11207,#11199,#11209,.T.);
#11207 = VERTEX_POINT('',#11208);
#11208 = CARTESIAN_POINT('',(12.7,0.77,1.6));
#11209 = CIRCLE('',#11210,0.5);
#11210 = AXIS2_PLACEMENT_3D('',#11211,#11212,#11213);
#11211 = CARTESIAN_POINT('',(12.7,1.27,1.6));
#11212 = DIRECTION('',(-0.,0.,-1.));
#11213 = DIRECTION('',(-0.,-1.,0.));
#11214 = ORIENTED_EDGE('',*,*,#11215,.T.);
#11215 = EDGE_CURVE('',#11207,#11216,#11218,.T.);
#11216 = VERTEX_POINT('',#11217);
#11217 = CARTESIAN_POINT('',(12.7,-0.77,1.6));
#11218 = LINE('',#11219,#11220);
#11219 = CARTESIAN_POINT('',(12.7,10.16,1.6));
#11220 = VECTOR('',#11221,1.);
#11221 = DIRECTION('',(0.,-1.,0.));
#11222 = ORIENTED_EDGE('',*,*,#11223,.F.);
#11223 = EDGE_CURVE('',#11224,#11216,#11226,.T.);
#11224 = VERTEX_POINT('',#11225);
#11225 = CARTESIAN_POINT('',(12.7,-1.77,1.6));
#11226 = CIRCLE('',#11227,0.5);
#11227 = AXIS2_PLACEMENT_3D('',#11228,#11229,#11230);
#11228 = CARTESIAN_POINT('',(12.7,-1.27,1.6));
#11229 = DIRECTION('',(-0.,0.,-1.));
#11230 = DIRECTION('',(-0.,-1.,0.));
#11231 = ORIENTED_EDGE('',*,*,#11232,.T.);
#11232 = EDGE_CURVE('',#11224,#11233,#11235,.T.);
#11233 = VERTEX_POINT('',#11234);
#11234 = CARTESIAN_POINT('',(12.7,-3.31,1.6));
#11235 = LINE('',#11236,#11237);
#11236 = CARTESIAN_POINT('',(12.7,10.16,1.6));
#11237 = VECTOR('',#11238,1.);
#11238 = DIRECTION('',(0.,-1.,0.));
#11239 = ORIENTED_EDGE('',*,*,#11240,.F.);
#11240 = EDGE_CURVE('',#11241,#11233,#11243,.T.);
#11241 = VERTEX_POINT('',#11242);
#11242 = CARTESIAN_POINT('',(12.7,-4.31,1.6));
#11243 = CIRCLE('',#11244,0.5);
#11244 = AXIS2_PLACEMENT_3D('',#11245,#11246,#11247);
#11245 = CARTESIAN_POINT('',(12.7,-3.81,1.6));
#11246 = DIRECTION('',(-0.,0.,-1.));
#11247 = DIRECTION('',(-0.,-1.,0.));
#11248 = ORIENTED_EDGE('',*,*,#11249,.T.);
#11249 = EDGE_CURVE('',#11241,#11250,#11252,.T.);
#11250 = VERTEX_POINT('',#11251);
#11251 = CARTESIAN_POINT('',(12.7,-10.16,1.6));
#11252 = LINE('',#11253,#11254);
#11253 = CARTESIAN_POINT('',(12.7,10.16,1.6));
#11254 = VECTOR('',#11255,1.);
#11255 = DIRECTION('',(0.,-1.,0.));
#11256 = ORIENTED_EDGE('',*,*,#11257,.T.);
#11257 = EDGE_CURVE('',#11250,#11258,#11260,.T.);
#11258 = VERTEX_POINT('',#11259);
#11259 = CARTESIAN_POINT('',(10.16,-12.7,1.6));
#11260 = CIRCLE('',#11261,2.540000765514);
#11261 = AXIS2_PLACEMENT_3D('',#11262,#11263,#11264);
#11262 = CARTESIAN_POINT('',(10.159999234486,-10.15999923448,1.6));
#11263 = DIRECTION('',(0.,0.,-1.));
#11264 = DIRECTION('',(1.,-3.013834432203E-07,0.));
#11265 = ORIENTED_EDGE('',*,*,#11266,.T.);
#11266 = EDGE_CURVE('',#11258,#11267,#11269,.T.);
#11267 = VERTEX_POINT('',#11268);
#11268 = CARTESIAN_POINT('',(3.04,-12.7,1.6));
#11269 = LINE('',#11270,#11271);
#11270 = CARTESIAN_POINT('',(10.16,-12.7,1.6));
#11271 = VECTOR('',#11272,1.);
#11272 = DIRECTION('',(-1.,0.,0.));
#11273 = ORIENTED_EDGE('',*,*,#11274,.F.);
#11274 = EDGE_CURVE('',#11275,#11267,#11277,.T.);
#11275 = VERTEX_POINT('',#11276);
#11276 = CARTESIAN_POINT('',(2.04,-12.7,1.6));
#11277 = CIRCLE('',#11278,0.5);
#11278 = AXIS2_PLACEMENT_3D('',#11279,#11280,#11281);
#11279 = CARTESIAN_POINT('',(2.54,-12.7,1.6));
#11280 = DIRECTION('',(-0.,0.,-1.));
#11281 = DIRECTION('',(-0.,-1.,0.));
#11282 = ORIENTED_EDGE('',*,*,#11283,.T.);
#11283 = EDGE_CURVE('',#11275,#11284,#11286,.T.);
#11284 = VERTEX_POINT('',#11285);
#11285 = CARTESIAN_POINT('',(0.5,-12.7,1.6));
#11286 = LINE('',#11287,#11288);
#11287 = CARTESIAN_POINT('',(10.16,-12.7,1.6));
#11288 = VECTOR('',#11289,1.);
#11289 = DIRECTION('',(-1.,0.,0.));
#11290 = ORIENTED_EDGE('',*,*,#11291,.F.);
#11291 = EDGE_CURVE('',#11292,#11284,#11294,.T.);
#11292 = VERTEX_POINT('',#11293);
#11293 = CARTESIAN_POINT('',(-0.5,-12.7,1.6));
#11294 = CIRCLE('',#11295,0.5);
#11295 = AXIS2_PLACEMENT_3D('',#11296,#11297,#11298);
#11296 = CARTESIAN_POINT('',(-2.775557561563E-17,-12.7,1.6));
#11297 = DIRECTION('',(-0.,0.,-1.));
#11298 = DIRECTION('',(5.551115123126E-17,-1.,-0.));
#11299 = ORIENTED_EDGE('',*,*,#11300,.T.);
#11300 = EDGE_CURVE('',#11292,#11301,#11303,.T.);
#11301 = VERTEX_POINT('',#11302);
#11302 = CARTESIAN_POINT('',(-2.04,-12.7,1.6));
#11303 = LINE('',#11304,#11305);
#11304 = CARTESIAN_POINT('',(10.16,-12.7,1.6));
#11305 = VECTOR('',#11306,1.);
#11306 = DIRECTION('',(-1.,0.,0.));
#11307 = ORIENTED_EDGE('',*,*,#11308,.F.);
#11308 = EDGE_CURVE('',#11309,#11301,#11311,.T.);
#11309 = VERTEX_POINT('',#11310);
#11310 = CARTESIAN_POINT('',(-3.04,-12.7,1.6));
#11311 = CIRCLE('',#11312,0.5);
#11312 = AXIS2_PLACEMENT_3D('',#11313,#11314,#11315);
#11313 = CARTESIAN_POINT('',(-2.54,-12.7,1.6));
#11314 = DIRECTION('',(-0.,0.,-1.));
#11315 = DIRECTION('',(-0.,-1.,0.));
#11316 = ORIENTED_EDGE('',*,*,#11317,.T.);
#11317 = EDGE_CURVE('',#11309,#11318,#11320,.T.);
#11318 = VERTEX_POINT('',#11319);
#11319 = CARTESIAN_POINT('',(-10.16,-12.7,1.6));
#11320 = LINE('',#11321,#11322);
#11321 = CARTESIAN_POINT('',(10.16,-12.7,1.6));
#11322 = VECTOR('',#11323,1.);
#11323 = DIRECTION('',(-1.,0.,0.));
#11324 = ORIENTED_EDGE('',*,*,#11325,.T.);
#11325 = EDGE_CURVE('',#11318,#11326,#11328,.T.);
#11326 = VERTEX_POINT('',#11327);
#11327 = CARTESIAN_POINT('',(-12.7,-10.16,1.6));
#11328 = CIRCLE('',#11329,2.540000765514);
#11329 = AXIS2_PLACEMENT_3D('',#11330,#11331,#11332);
#11330 = CARTESIAN_POINT('',(-10.15999923448,-10.15999923448,1.6));
#11331 = DIRECTION('',(0.,0.,-1.));
#11332 = DIRECTION('',(-3.013834432203E-07,-1.,-0.));
#11333 = ORIENTED_EDGE('',*,*,#11334,.T.);
#11334 = EDGE_CURVE('',#11326,#11335,#11337,.T.);
#11335 = VERTEX_POINT('',#11336);
#11336 = CARTESIAN_POINT('',(-12.7,-4.31,1.6));
#11337 = LINE('',#11338,#11339);
#11338 = CARTESIAN_POINT('',(-12.7,-10.16,1.6));
#11339 = VECTOR('',#11340,1.);
#11340 = DIRECTION('',(0.,1.,0.));
#11341 = ORIENTED_EDGE('',*,*,#11342,.F.);
#11342 = EDGE_CURVE('',#11343,#11335,#11345,.T.);
#11343 = VERTEX_POINT('',#11344);
#11344 = CARTESIAN_POINT('',(-12.7,-3.31,1.6));
#11345 = CIRCLE('',#11346,0.5);
#11346 = AXIS2_PLACEMENT_3D('',#11347,#11348,#11349);
#11347 = CARTESIAN_POINT('',(-12.7,-3.81,1.6));
#11348 = DIRECTION('',(-0.,0.,-1.));
#11349 = DIRECTION('',(-0.,-1.,0.));
#11350 = ORIENTED_EDGE('',*,*,#11351,.T.);
#11351 = EDGE_CURVE('',#11343,#11352,#11354,.T.);
#11352 = VERTEX_POINT('',#11353);
#11353 = CARTESIAN_POINT('',(-12.7,-1.77,1.6));
#11354 = LINE('',#11355,#11356);
#11355 = CARTESIAN_POINT('',(-12.7,-10.16,1.6));
#11356 = VECTOR('',#11357,1.);
#11357 = DIRECTION('',(0.,1.,0.));
#11358 = ORIENTED_EDGE('',*,*,#11359,.F.);
#11359 = EDGE_CURVE('',#11360,#11352,#11362,.T.);
#11360 = VERTEX_POINT('',#11361);
#11361 = CARTESIAN_POINT('',(-12.7,-0.77,1.6));
#11362 = CIRCLE('',#11363,0.5);
#11363 = AXIS2_PLACEMENT_3D('',#11364,#11365,#11366);
#11364 = CARTESIAN_POINT('',(-12.7,-1.27,1.6));
#11365 = DIRECTION('',(-0.,0.,-1.));
#11366 = DIRECTION('',(-0.,-1.,0.));
#11367 = ORIENTED_EDGE('',*,*,#11368,.T.);
#11368 = EDGE_CURVE('',#11360,#11369,#11371,.T.);
#11369 = VERTEX_POINT('',#11370);
#11370 = CARTESIAN_POINT('',(-12.7,0.77,1.6));
#11371 = LINE('',#11372,#11373);
#11372 = CARTESIAN_POINT('',(-12.7,-10.16,1.6));
#11373 = VECTOR('',#11374,1.);
#11374 = DIRECTION('',(0.,1.,0.));
#11375 = ORIENTED_EDGE('',*,*,#11376,.F.);
#11376 = EDGE_CURVE('',#11377,#11369,#11379,.T.);
#11377 = VERTEX_POINT('',#11378);
#11378 = CARTESIAN_POINT('',(-12.7,1.77,1.6));
#11379 = CIRCLE('',#11380,0.5);
#11380 = AXIS2_PLACEMENT_3D('',#11381,#11382,#11383);
#11381 = CARTESIAN_POINT('',(-12.7,1.27,1.6));
#11382 = DIRECTION('',(-0.,0.,-1.));
#11383 = DIRECTION('',(-0.,-1.,0.));
#11384 = ORIENTED_EDGE('',*,*,#11385,.T.);
#11385 = EDGE_CURVE('',#11377,#11386,#11388,.T.);
#11386 = VERTEX_POINT('',#11387);
#11387 = CARTESIAN_POINT('',(-12.7,3.31,1.6));
#11388 = LINE('',#11389,#11390);
#11389 = CARTESIAN_POINT('',(-12.7,-10.16,1.6));
#11390 = VECTOR('',#11391,1.);
#11391 = DIRECTION('',(0.,1.,0.));
#11392 = ORIENTED_EDGE('',*,*,#11393,.F.);
#11393 = EDGE_CURVE('',#11394,#11386,#11396,.T.);
#11394 = VERTEX_POINT('',#11395);
#11395 = CARTESIAN_POINT('',(-12.7,4.31,1.6));
#11396 = CIRCLE('',#11397,0.5);
#11397 = AXIS2_PLACEMENT_3D('',#11398,#11399,#11400);
#11398 = CARTESIAN_POINT('',(-12.7,3.81,1.6));
#11399 = DIRECTION('',(-0.,0.,-1.));
#11400 = DIRECTION('',(-0.,-1.,0.));
#11401 = ORIENTED_EDGE('',*,*,#11402,.T.);
#11402 = EDGE_CURVE('',#11394,#11403,#11405,.T.);
#11403 = VERTEX_POINT('',#11404);
#11404 = CARTESIAN_POINT('',(-12.7,9.633949,1.6));
#11405 = LINE('',#11406,#11407);
#11406 = CARTESIAN_POINT('',(-12.7,-10.16,1.6));
#11407 = VECTOR('',#11408,1.);
#11408 = DIRECTION('',(0.,1.,0.));
#11409 = ORIENTED_EDGE('',*,*,#11410,.T.);
#11410 = EDGE_CURVE('',#11403,#11411,#11413,.T.);
#11411 = VERTEX_POINT('',#11412);
#11412 = CARTESIAN_POINT('',(-12.328025,10.531975,1.6));
#11413 = CIRCLE('',#11414,1.27022474127);
#11414 = AXIS2_PLACEMENT_3D('',#11415,#11416,#11417);
#11415 = CARTESIAN_POINT('',(-11.42977526215,9.633855686211,1.6));
#11416 = DIRECTION('',(0.,0.,-1.));
#11417 = DIRECTION('',(-0.999999997302,7.346242432716E-05,0.));
#11418 = ORIENTED_EDGE('',*,*,#11419,.T.);
#11419 = EDGE_CURVE('',#11411,#11420,#11422,.T.);
#11420 = VERTEX_POINT('',#11421);
#11421 = CARTESIAN_POINT('',(-10.531974,12.328026,1.6));
#11422 = LINE('',#11423,#11424);
#11423 = CARTESIAN_POINT('',(-12.328025,10.531975,1.6));
#11424 = VECTOR('',#11425,1.);
#11425 = DIRECTION('',(0.707106781187,0.707106781187,0.));
#11426 = ORIENTED_EDGE('',*,*,#11427,.T.);
#11427 = EDGE_CURVE('',#11420,#11428,#11430,.T.);
#11428 = VERTEX_POINT('',#11429);
#11429 = CARTESIAN_POINT('',(-9.633949,12.7,1.6));
#11430 = CIRCLE('',#11431,1.269810170391);
#11431 = AXIS2_PLACEMENT_3D('',#11432,#11433,#11434);
#11432 = CARTESIAN_POINT('',(-9.634027406759,11.430189832029,1.6));
#11433 = DIRECTION('',(0.,0.,-1.));
#11434 = DIRECTION('',(-0.707150260865,0.707063298835,0.));
#11435 = ORIENTED_EDGE('',*,*,#11436,.T.);
#11436 = EDGE_CURVE('',#11428,#11437,#11439,.T.);
#11437 = VERTEX_POINT('',#11438);
#11438 = CARTESIAN_POINT('',(-3.04,12.7,1.6));
#11439 = LINE('',#11440,#11441);
#11440 = CARTESIAN_POINT('',(-9.633949,12.7,1.6));
#11441 = VECTOR('',#11442,1.);
#11442 = DIRECTION('',(1.,0.,0.));
#11443 = ORIENTED_EDGE('',*,*,#11444,.F.);
#11444 = EDGE_CURVE('',#11445,#11437,#11447,.T.);
#11445 = VERTEX_POINT('',#11446);
#11446 = CARTESIAN_POINT('',(-2.54,12.2,1.6));
#11447 = CIRCLE('',#11448,0.5);
#11448 = AXIS2_PLACEMENT_3D('',#11449,#11450,#11451);
#11449 = CARTESIAN_POINT('',(-2.54,12.7,1.6));
#11450 = DIRECTION('',(-0.,0.,-1.));
#11451 = DIRECTION('',(-0.,-1.,0.));
#11452 = ORIENTED_EDGE('',*,*,#11453,.F.);
#11453 = EDGE_CURVE('',#11454,#11445,#11456,.T.);
#11454 = VERTEX_POINT('',#11455);
#11455 = CARTESIAN_POINT('',(-2.04,12.7,1.6));
#11456 = CIRCLE('',#11457,0.5);
#11457 = AXIS2_PLACEMENT_3D('',#11458,#11459,#11460);
#11458 = CARTESIAN_POINT('',(-2.54,12.7,1.6));
#11459 = DIRECTION('',(-0.,0.,-1.));
#11460 = DIRECTION('',(-0.,-1.,0.));
#11461 = ORIENTED_EDGE('',*,*,#11462,.T.);
#11462 = EDGE_CURVE('',#11454,#11463,#11465,.T.);
#11463 = VERTEX_POINT('',#11464);
#11464 = CARTESIAN_POINT('',(-0.5,12.7,1.6));
#11465 = LINE('',#11466,#11467);
#11466 = CARTESIAN_POINT('',(-9.633949,12.7,1.6));
#11467 = VECTOR('',#11468,1.);
#11468 = DIRECTION('',(1.,0.,0.));
#11469 = ORIENTED_EDGE('',*,*,#11470,.F.);
#11470 = EDGE_CURVE('',#11471,#11463,#11473,.T.);
#11471 = VERTEX_POINT('',#11472);
#11472 = CARTESIAN_POINT('',(0.,12.2,1.6));
#11473 = CIRCLE('',#11474,0.5);
#11474 = AXIS2_PLACEMENT_3D('',#11475,#11476,#11477);
#11475 = CARTESIAN_POINT('',(-2.775557561563E-17,12.7,1.6));
#11476 = DIRECTION('',(-0.,0.,-1.));
#11477 = DIRECTION('',(5.551115123126E-17,-1.,-0.));
#11478 = ORIENTED_EDGE('',*,*,#11479,.F.);
#11479 = EDGE_CURVE('',#11480,#11471,#11482,.T.);
#11480 = VERTEX_POINT('',#11481);
#11481 = CARTESIAN_POINT('',(0.5,12.7,1.6));
#11482 = CIRCLE('',#11483,0.5);
#11483 = AXIS2_PLACEMENT_3D('',#11484,#11485,#11486);
#11484 = CARTESIAN_POINT('',(-2.775557561563E-17,12.7,1.6));
#11485 = DIRECTION('',(-0.,0.,-1.));
#11486 = DIRECTION('',(5.551115123126E-17,-1.,-0.));
#11487 = ORIENTED_EDGE('',*,*,#11488,.T.);
#11488 = EDGE_CURVE('',#11480,#11489,#11491,.T.);
#11489 = VERTEX_POINT('',#11490);
#11490 = CARTESIAN_POINT('',(2.04,12.7,1.6));
#11491 = LINE('',#11492,#11493);
#11492 = CARTESIAN_POINT('',(-9.633949,12.7,1.6));
#11493 = VECTOR('',#11494,1.);
#11494 = DIRECTION('',(1.,0.,0.));
#11495 = ORIENTED_EDGE('',*,*,#11496,.F.);
#11496 = EDGE_CURVE('',#11497,#11489,#11499,.T.);
#11497 = VERTEX_POINT('',#11498);
#11498 = CARTESIAN_POINT('',(2.54,12.2,1.6));
#11499 = CIRCLE('',#11500,0.5);
#11500 = AXIS2_PLACEMENT_3D('',#11501,#11502,#11503);
#11501 = CARTESIAN_POINT('',(2.54,12.7,1.6));
#11502 = DIRECTION('',(-0.,0.,-1.));
#11503 = DIRECTION('',(-0.,-1.,0.));
#11504 = ORIENTED_EDGE('',*,*,#11505,.F.);
#11505 = EDGE_CURVE('',#10799,#11497,#11506,.T.);
#11506 = CIRCLE('',#11507,0.5);
#11507 = AXIS2_PLACEMENT_3D('',#11508,#11509,#11510);
#11508 = CARTESIAN_POINT('',(2.54,12.7,1.6));
#11509 = DIRECTION('',(-0.,0.,-1.));
#11510 = DIRECTION('',(-0.,-1.,0.));
#11511 = PLANE('',#11512);
#11512 = AXIS2_PLACEMENT_3D('',#11513,#11514,#11515);
#11513 = CARTESIAN_POINT('',(6.84581047412E-02,-6.845758857052E-02,1.6)
  );
#11514 = DIRECTION('',(-0.,-0.,-1.));
#11515 = DIRECTION('',(-1.,0.,0.));
#11516 = ADVANCED_FACE('',(#11517),#11528,.F.);
#11517 = FACE_BOUND('',#11518,.T.);
#11518 = EDGE_LOOP('',(#11519,#11520,#11526,#11527));
#11519 = ORIENTED_EDGE('',*,*,#11171,.T.);
#11520 = ORIENTED_EDGE('',*,*,#11521,.T.);
#11521 = EDGE_CURVE('',#11163,#11497,#11522,.T.);
#11522 = LINE('',#11523,#11524);
#11523 = CARTESIAN_POINT('',(2.54,12.2,-4.5E-02));
#11524 = VECTOR('',#11525,1.);
#11525 = DIRECTION('',(0.,0.,1.));
#11526 = ORIENTED_EDGE('',*,*,#11505,.F.);
#11527 = ORIENTED_EDGE('',*,*,#10798,.T.);
#11528 = CYLINDRICAL_SURFACE('',#11529,0.5);
#11529 = AXIS2_PLACEMENT_3D('',#11530,#11531,#11532);
#11530 = CARTESIAN_POINT('',(2.54,12.7,-4.5E-02));
#11531 = DIRECTION('',(-0.,-0.,-1.));
#11532 = DIRECTION('',(-0.,-1.,0.));
#11533 = ADVANCED_FACE('',(#11534),#11545,.F.);
#11534 = FACE_BOUND('',#11535,.T.);
#11535 = EDGE_LOOP('',(#11536,#11542,#11543,#11544));
#11536 = ORIENTED_EDGE('',*,*,#11537,.F.);
#11537 = EDGE_CURVE('',#10856,#11190,#11538,.T.);
#11538 = LINE('',#11539,#11540);
#11539 = CARTESIAN_POINT('',(12.7,3.31,-4.5E-02));
#11540 = VECTOR('',#11541,1.);
#11541 = DIRECTION('',(0.,0.,1.));
#11542 = ORIENTED_EDGE('',*,*,#10855,.T.);
#11543 = ORIENTED_EDGE('',*,*,#10838,.F.);
#11544 = ORIENTED_EDGE('',*,*,#11189,.F.);
#11545 = CYLINDRICAL_SURFACE('',#11546,0.5);
#11546 = AXIS2_PLACEMENT_3D('',#11547,#11548,#11549);
#11547 = CARTESIAN_POINT('',(12.7,3.81,-4.5E-02));
#11548 = DIRECTION('',(-0.,-0.,-1.));
#11549 = DIRECTION('',(-0.,-1.,0.));
#11550 = ADVANCED_FACE('',(#11551),#11562,.F.);
#11551 = FACE_BOUND('',#11552,.T.);
#11552 = EDGE_LOOP('',(#11553,#11554,#11555,#11561));
#11553 = ORIENTED_EDGE('',*,*,#11521,.F.);
#11554 = ORIENTED_EDGE('',*,*,#11162,.T.);
#11555 = ORIENTED_EDGE('',*,*,#11556,.F.);
#11556 = EDGE_CURVE('',#11489,#11155,#11557,.T.);
#11557 = LINE('',#11558,#11559);
#11558 = CARTESIAN_POINT('',(2.04,12.7,-4.5E-02));
#11559 = VECTOR('',#11560,1.);
#11560 = DIRECTION('',(-0.,-0.,-1.));
#11561 = ORIENTED_EDGE('',*,*,#11496,.F.);
#11562 = CYLINDRICAL_SURFACE('',#11563,0.5);
#11563 = AXIS2_PLACEMENT_3D('',#11564,#11565,#11566);
#11564 = CARTESIAN_POINT('',(2.54,12.7,-4.5E-02));
#11565 = DIRECTION('',(-0.,-0.,-1.));
#11566 = DIRECTION('',(-0.,-1.,0.));
#11567 = ADVANCED_FACE('',(#11568),#11579,.T.);
#11568 = FACE_BOUND('',#11569,.T.);
#11569 = EDGE_LOOP('',(#11570,#11571,#11577,#11578));
#11570 = ORIENTED_EDGE('',*,*,#11154,.F.);
#11571 = ORIENTED_EDGE('',*,*,#11572,.F.);
#11572 = EDGE_CURVE('',#11480,#11146,#11573,.T.);
#11573 = LINE('',#11574,#11575);
#11574 = CARTESIAN_POINT('',(0.5,12.7,-4.5E-02));
#11575 = VECTOR('',#11576,1.);
#11576 = DIRECTION('',(-0.,0.,-1.));
#11577 = ORIENTED_EDGE('',*,*,#11488,.T.);
#11578 = ORIENTED_EDGE('',*,*,#11556,.T.);
#11579 = PLANE('',#11580);
#11580 = AXIS2_PLACEMENT_3D('',#11581,#11582,#11583);
#11581 = CARTESIAN_POINT('',(-9.633949,12.7,0.));
#11582 = DIRECTION('',(0.,1.,0.));
#11583 = DIRECTION('',(1.,0.,0.));
#11584 = ADVANCED_FACE('',(#11585),#11596,.F.);
#11585 = FACE_BOUND('',#11586,.T.);
#11586 = EDGE_LOOP('',(#11587,#11588,#11594,#11595));
#11587 = ORIENTED_EDGE('',*,*,#11145,.T.);
#11588 = ORIENTED_EDGE('',*,*,#11589,.T.);
#11589 = EDGE_CURVE('',#11137,#11471,#11590,.T.);
#11590 = LINE('',#11591,#11592);
#11591 = CARTESIAN_POINT('',(0.,12.2,-4.5E-02));
#11592 = VECTOR('',#11593,1.);
#11593 = DIRECTION('',(0.,0.,1.));
#11594 = ORIENTED_EDGE('',*,*,#11479,.F.);
#11595 = ORIENTED_EDGE('',*,*,#11572,.T.);
#11596 = CYLINDRICAL_SURFACE('',#11597,0.5);
#11597 = AXIS2_PLACEMENT_3D('',#11598,#11599,#11600);
#11598 = CARTESIAN_POINT('',(-2.775557561563E-17,12.7,-4.5E-02));
#11599 = DIRECTION('',(-0.,0.,-1.));
#11600 = DIRECTION('',(5.551115123126E-17,-1.,-0.));
#11601 = ADVANCED_FACE('',(#11602),#11613,.F.);
#11602 = FACE_BOUND('',#11603,.T.);
#11603 = EDGE_LOOP('',(#11604,#11605,#11606,#11612));
#11604 = ORIENTED_EDGE('',*,*,#11589,.F.);
#11605 = ORIENTED_EDGE('',*,*,#11136,.T.);
#11606 = ORIENTED_EDGE('',*,*,#11607,.F.);
#11607 = EDGE_CURVE('',#11463,#11129,#11608,.T.);
#11608 = LINE('',#11609,#11610);
#11609 = CARTESIAN_POINT('',(-0.5,12.7,-4.5E-02));
#11610 = VECTOR('',#11611,1.);
#11611 = DIRECTION('',(-0.,0.,-1.));
#11612 = ORIENTED_EDGE('',*,*,#11470,.F.);
#11613 = CYLINDRICAL_SURFACE('',#11614,0.5);
#11614 = AXIS2_PLACEMENT_3D('',#11615,#11616,#11617);
#11615 = CARTESIAN_POINT('',(-2.775557561563E-17,12.7,-4.5E-02));
#11616 = DIRECTION('',(-0.,0.,-1.));
#11617 = DIRECTION('',(5.551115123126E-17,-1.,-0.));
#11618 = ADVANCED_FACE('',(#11619),#11630,.T.);
#11619 = FACE_BOUND('',#11620,.T.);
#11620 = EDGE_LOOP('',(#11621,#11622,#11628,#11629));
#11621 = ORIENTED_EDGE('',*,*,#11128,.F.);
#11622 = ORIENTED_EDGE('',*,*,#11623,.F.);
#11623 = EDGE_CURVE('',#11454,#11120,#11624,.T.);
#11624 = LINE('',#11625,#11626);
#11625 = CARTESIAN_POINT('',(-2.04,12.7,-4.5E-02));
#11626 = VECTOR('',#11627,1.);
#11627 = DIRECTION('',(-0.,-0.,-1.));
#11628 = ORIENTED_EDGE('',*,*,#11462,.T.);
#11629 = ORIENTED_EDGE('',*,*,#11607,.T.);
#11630 = PLANE('',#11631);
#11631 = AXIS2_PLACEMENT_3D('',#11632,#11633,#11634);
#11632 = CARTESIAN_POINT('',(-9.633949,12.7,0.));
#11633 = DIRECTION('',(0.,1.,0.));
#11634 = DIRECTION('',(1.,0.,0.));
#11635 = ADVANCED_FACE('',(#11636),#11647,.F.);
#11636 = FACE_BOUND('',#11637,.T.);
#11637 = EDGE_LOOP('',(#11638,#11639,#11645,#11646));
#11638 = ORIENTED_EDGE('',*,*,#11119,.T.);
#11639 = ORIENTED_EDGE('',*,*,#11640,.T.);
#11640 = EDGE_CURVE('',#11111,#11445,#11641,.T.);
#11641 = LINE('',#11642,#11643);
#11642 = CARTESIAN_POINT('',(-2.54,12.2,-4.5E-02));
#11643 = VECTOR('',#11644,1.);
#11644 = DIRECTION('',(0.,0.,1.));
#11645 = ORIENTED_EDGE('',*,*,#11453,.F.);
#11646 = ORIENTED_EDGE('',*,*,#11623,.T.);
#11647 = CYLINDRICAL_SURFACE('',#11648,0.5);
#11648 = AXIS2_PLACEMENT_3D('',#11649,#11650,#11651);
#11649 = CARTESIAN_POINT('',(-2.54,12.7,-4.5E-02));
#11650 = DIRECTION('',(-0.,-0.,-1.));
#11651 = DIRECTION('',(-0.,-1.,0.));
#11652 = ADVANCED_FACE('',(#11653),#11664,.F.);
#11653 = FACE_BOUND('',#11654,.T.);
#11654 = EDGE_LOOP('',(#11655,#11656,#11657,#11663));
#11655 = ORIENTED_EDGE('',*,*,#11640,.F.);
#11656 = ORIENTED_EDGE('',*,*,#11110,.T.);
#11657 = ORIENTED_EDGE('',*,*,#11658,.F.);
#11658 = EDGE_CURVE('',#11437,#11103,#11659,.T.);
#11659 = LINE('',#11660,#11661);
#11660 = CARTESIAN_POINT('',(-3.04,12.7,-4.5E-02));
#11661 = VECTOR('',#11662,1.);
#11662 = DIRECTION('',(-0.,-0.,-1.));
#11663 = ORIENTED_EDGE('',*,*,#11444,.F.);
#11664 = CYLINDRICAL_SURFACE('',#11665,0.5);
#11665 = AXIS2_PLACEMENT_3D('',#11666,#11667,#11668);
#11666 = CARTESIAN_POINT('',(-2.54,12.7,-4.5E-02));
#11667 = DIRECTION('',(-0.,-0.,-1.));
#11668 = DIRECTION('',(-0.,-1.,0.));
#11669 = ADVANCED_FACE('',(#11670),#11681,.T.);
#11670 = FACE_BOUND('',#11671,.T.);
#11671 = EDGE_LOOP('',(#11672,#11673,#11679,#11680));
#11672 = ORIENTED_EDGE('',*,*,#11102,.F.);
#11673 = ORIENTED_EDGE('',*,*,#11674,.T.);
#11674 = EDGE_CURVE('',#11094,#11428,#11675,.T.);
#11675 = LINE('',#11676,#11677);
#11676 = CARTESIAN_POINT('',(-9.633949,12.7,0.));
#11677 = VECTOR('',#11678,1.);
#11678 = DIRECTION('',(0.,0.,1.));
#11679 = ORIENTED_EDGE('',*,*,#11436,.T.);
#11680 = ORIENTED_EDGE('',*,*,#11658,.T.);
#11681 = PLANE('',#11682);
#11682 = AXIS2_PLACEMENT_3D('',#11683,#11684,#11685);
#11683 = CARTESIAN_POINT('',(-9.633949,12.7,0.));
#11684 = DIRECTION('',(0.,1.,0.));
#11685 = DIRECTION('',(1.,0.,0.));
#11686 = ADVANCED_FACE('',(#11687),#11698,.T.);
#11687 = FACE_BOUND('',#11688,.T.);
#11688 = EDGE_LOOP('',(#11689,#11695,#11696,#11697));
#11689 = ORIENTED_EDGE('',*,*,#11690,.T.);
#11690 = EDGE_CURVE('',#11086,#11420,#11691,.T.);
#11691 = LINE('',#11692,#11693);
#11692 = CARTESIAN_POINT('',(-10.531974,12.328026,0.));
#11693 = VECTOR('',#11694,1.);
#11694 = DIRECTION('',(0.,0.,1.));
#11695 = ORIENTED_EDGE('',*,*,#11427,.T.);
#11696 = ORIENTED_EDGE('',*,*,#11674,.F.);
#11697 = ORIENTED_EDGE('',*,*,#11093,.F.);
#11698 = CYLINDRICAL_SURFACE('',#11699,1.269810170391);
#11699 = AXIS2_PLACEMENT_3D('',#11700,#11701,#11702);
#11700 = CARTESIAN_POINT('',(-9.634027406759,11.430189832029,0.));
#11701 = DIRECTION('',(0.,0.,-1.));
#11702 = DIRECTION('',(-0.707150260865,0.707063298835,0.));
#11703 = ADVANCED_FACE('',(#11704),#11715,.T.);
#11704 = FACE_BOUND('',#11705,.T.);
#11705 = EDGE_LOOP('',(#11706,#11712,#11713,#11714));
#11706 = ORIENTED_EDGE('',*,*,#11707,.T.);
#11707 = EDGE_CURVE('',#11077,#11411,#11708,.T.);
#11708 = LINE('',#11709,#11710);
#11709 = CARTESIAN_POINT('',(-12.328025,10.531975,0.));
#11710 = VECTOR('',#11711,1.);
#11711 = DIRECTION('',(0.,0.,1.));
#11712 = ORIENTED_EDGE('',*,*,#11419,.T.);
#11713 = ORIENTED_EDGE('',*,*,#11690,.F.);
#11714 = ORIENTED_EDGE('',*,*,#11085,.F.);
#11715 = PLANE('',#11716);
#11716 = AXIS2_PLACEMENT_3D('',#11717,#11718,#11719);
#11717 = CARTESIAN_POINT('',(-12.328025,10.531975,0.));
#11718 = DIRECTION('',(-0.707106781187,0.707106781187,0.));
#11719 = DIRECTION('',(0.707106781187,0.707106781187,0.));
#11720 = ADVANCED_FACE('',(#11721),#11732,.T.);
#11721 = FACE_BOUND('',#11722,.T.);
#11722 = EDGE_LOOP('',(#11723,#11729,#11730,#11731));
#11723 = ORIENTED_EDGE('',*,*,#11724,.T.);
#11724 = EDGE_CURVE('',#11069,#11403,#11725,.T.);
#11725 = LINE('',#11726,#11727);
#11726 = CARTESIAN_POINT('',(-12.7,9.633949,0.));
#11727 = VECTOR('',#11728,1.);
#11728 = DIRECTION('',(0.,0.,1.));
#11729 = ORIENTED_EDGE('',*,*,#11410,.T.);
#11730 = ORIENTED_EDGE('',*,*,#11707,.F.);
#11731 = ORIENTED_EDGE('',*,*,#11076,.F.);
#11732 = CYLINDRICAL_SURFACE('',#11733,1.27022474127);
#11733 = AXIS2_PLACEMENT_3D('',#11734,#11735,#11736);
#11734 = CARTESIAN_POINT('',(-11.42977526215,9.633855686211,0.));
#11735 = DIRECTION('',(0.,0.,-1.));
#11736 = DIRECTION('',(-0.999999997302,7.346242432716E-05,0.));
#11737 = ADVANCED_FACE('',(#11738),#11749,.T.);
#11738 = FACE_BOUND('',#11739,.T.);
#11739 = EDGE_LOOP('',(#11740,#11741,#11747,#11748));
#11740 = ORIENTED_EDGE('',*,*,#11068,.F.);
#11741 = ORIENTED_EDGE('',*,*,#11742,.F.);
#11742 = EDGE_CURVE('',#11394,#11060,#11743,.T.);
#11743 = LINE('',#11744,#11745);
#11744 = CARTESIAN_POINT('',(-12.7,4.31,-4.5E-02));
#11745 = VECTOR('',#11746,1.);
#11746 = DIRECTION('',(-0.,-0.,-1.));
#11747 = ORIENTED_EDGE('',*,*,#11402,.T.);
#11748 = ORIENTED_EDGE('',*,*,#11724,.F.);
#11749 = PLANE('',#11750);
#11750 = AXIS2_PLACEMENT_3D('',#11751,#11752,#11753);
#11751 = CARTESIAN_POINT('',(-12.7,-10.16,0.));
#11752 = DIRECTION('',(-1.,0.,0.));
#11753 = DIRECTION('',(0.,1.,0.));
#11754 = ADVANCED_FACE('',(#11755),#11766,.F.);
#11755 = FACE_BOUND('',#11756,.T.);
#11756 = EDGE_LOOP('',(#11757,#11758,#11764,#11765));
#11757 = ORIENTED_EDGE('',*,*,#11059,.T.);
#11758 = ORIENTED_EDGE('',*,*,#11759,.T.);
#11759 = EDGE_CURVE('',#11052,#11386,#11760,.T.);
#11760 = LINE('',#11761,#11762);
#11761 = CARTESIAN_POINT('',(-12.7,3.31,-4.5E-02));
#11762 = VECTOR('',#11763,1.);
#11763 = DIRECTION('',(0.,0.,1.));
#11764 = ORIENTED_EDGE('',*,*,#11393,.F.);
#11765 = ORIENTED_EDGE('',*,*,#11742,.T.);
#11766 = CYLINDRICAL_SURFACE('',#11767,0.5);
#11767 = AXIS2_PLACEMENT_3D('',#11768,#11769,#11770);
#11768 = CARTESIAN_POINT('',(-12.7,3.81,-4.5E-02));
#11769 = DIRECTION('',(-0.,-0.,-1.));
#11770 = DIRECTION('',(-0.,-1.,0.));
#11771 = ADVANCED_FACE('',(#11772),#11783,.T.);
#11772 = FACE_BOUND('',#11773,.T.);
#11773 = EDGE_LOOP('',(#11774,#11775,#11781,#11782));
#11774 = ORIENTED_EDGE('',*,*,#11051,.F.);
#11775 = ORIENTED_EDGE('',*,*,#11776,.F.);
#11776 = EDGE_CURVE('',#11377,#11043,#11777,.T.);
#11777 = LINE('',#11778,#11779);
#11778 = CARTESIAN_POINT('',(-12.7,1.77,-4.5E-02));
#11779 = VECTOR('',#11780,1.);
#11780 = DIRECTION('',(-0.,-0.,-1.));
#11781 = ORIENTED_EDGE('',*,*,#11385,.T.);
#11782 = ORIENTED_EDGE('',*,*,#11759,.F.);
#11783 = PLANE('',#11784);
#11784 = AXIS2_PLACEMENT_3D('',#11785,#11786,#11787);
#11785 = CARTESIAN_POINT('',(-12.7,-10.16,0.));
#11786 = DIRECTION('',(-1.,0.,0.));
#11787 = DIRECTION('',(0.,1.,0.));
#11788 = ADVANCED_FACE('',(#11789),#11800,.F.);
#11789 = FACE_BOUND('',#11790,.T.);
#11790 = EDGE_LOOP('',(#11791,#11792,#11798,#11799));
#11791 = ORIENTED_EDGE('',*,*,#11042,.T.);
#11792 = ORIENTED_EDGE('',*,*,#11793,.T.);
#11793 = EDGE_CURVE('',#11035,#11369,#11794,.T.);
#11794 = LINE('',#11795,#11796);
#11795 = CARTESIAN_POINT('',(-12.7,0.77,-4.5E-02));
#11796 = VECTOR('',#11797,1.);
#11797 = DIRECTION('',(0.,0.,1.));
#11798 = ORIENTED_EDGE('',*,*,#11376,.F.);
#11799 = ORIENTED_EDGE('',*,*,#11776,.T.);
#11800 = CYLINDRICAL_SURFACE('',#11801,0.5);
#11801 = AXIS2_PLACEMENT_3D('',#11802,#11803,#11804);
#11802 = CARTESIAN_POINT('',(-12.7,1.27,-4.5E-02));
#11803 = DIRECTION('',(-0.,-0.,-1.));
#11804 = DIRECTION('',(-0.,-1.,0.));
#11805 = ADVANCED_FACE('',(#11806),#11817,.T.);
#11806 = FACE_BOUND('',#11807,.T.);
#11807 = EDGE_LOOP('',(#11808,#11809,#11815,#11816));
#11808 = ORIENTED_EDGE('',*,*,#11034,.F.);
#11809 = ORIENTED_EDGE('',*,*,#11810,.F.);
#11810 = EDGE_CURVE('',#11360,#11026,#11811,.T.);
#11811 = LINE('',#11812,#11813);
#11812 = CARTESIAN_POINT('',(-12.7,-0.77,-4.5E-02));
#11813 = VECTOR('',#11814,1.);
#11814 = DIRECTION('',(-0.,-0.,-1.));
#11815 = ORIENTED_EDGE('',*,*,#11368,.T.);
#11816 = ORIENTED_EDGE('',*,*,#11793,.F.);
#11817 = PLANE('',#11818);
#11818 = AXIS2_PLACEMENT_3D('',#11819,#11820,#11821);
#11819 = CARTESIAN_POINT('',(-12.7,-10.16,0.));
#11820 = DIRECTION('',(-1.,0.,0.));
#11821 = DIRECTION('',(0.,1.,0.));
#11822 = ADVANCED_FACE('',(#11823),#11834,.F.);
#11823 = FACE_BOUND('',#11824,.T.);
#11824 = EDGE_LOOP('',(#11825,#11826,#11832,#11833));
#11825 = ORIENTED_EDGE('',*,*,#11025,.T.);
#11826 = ORIENTED_EDGE('',*,*,#11827,.T.);
#11827 = EDGE_CURVE('',#11018,#11352,#11828,.T.);
#11828 = LINE('',#11829,#11830);
#11829 = CARTESIAN_POINT('',(-12.7,-1.77,-4.5E-02));
#11830 = VECTOR('',#11831,1.);
#11831 = DIRECTION('',(0.,0.,1.));
#11832 = ORIENTED_EDGE('',*,*,#11359,.F.);
#11833 = ORIENTED_EDGE('',*,*,#11810,.T.);
#11834 = CYLINDRICAL_SURFACE('',#11835,0.5);
#11835 = AXIS2_PLACEMENT_3D('',#11836,#11837,#11838);
#11836 = CARTESIAN_POINT('',(-12.7,-1.27,-4.5E-02));
#11837 = DIRECTION('',(-0.,-0.,-1.));
#11838 = DIRECTION('',(-0.,-1.,0.));
#11839 = ADVANCED_FACE('',(#11840),#11851,.T.);
#11840 = FACE_BOUND('',#11841,.T.);
#11841 = EDGE_LOOP('',(#11842,#11843,#11849,#11850));
#11842 = ORIENTED_EDGE('',*,*,#11017,.F.);
#11843 = ORIENTED_EDGE('',*,*,#11844,.F.);
#11844 = EDGE_CURVE('',#11343,#11009,#11845,.T.);
#11845 = LINE('',#11846,#11847);
#11846 = CARTESIAN_POINT('',(-12.7,-3.31,-4.5E-02));
#11847 = VECTOR('',#11848,1.);
#11848 = DIRECTION('',(-0.,-0.,-1.));
#11849 = ORIENTED_EDGE('',*,*,#11351,.T.);
#11850 = ORIENTED_EDGE('',*,*,#11827,.F.);
#11851 = PLANE('',#11852);
#11852 = AXIS2_PLACEMENT_3D('',#11853,#11854,#11855);
#11853 = CARTESIAN_POINT('',(-12.7,-10.16,0.));
#11854 = DIRECTION('',(-1.,0.,0.));
#11855 = DIRECTION('',(0.,1.,0.));
#11856 = ADVANCED_FACE('',(#11857),#11868,.F.);
#11857 = FACE_BOUND('',#11858,.T.);
#11858 = EDGE_LOOP('',(#11859,#11860,#11866,#11867));
#11859 = ORIENTED_EDGE('',*,*,#11008,.T.);
#11860 = ORIENTED_EDGE('',*,*,#11861,.T.);
#11861 = EDGE_CURVE('',#11001,#11335,#11862,.T.);
#11862 = LINE('',#11863,#11864);
#11863 = CARTESIAN_POINT('',(-12.7,-4.31,-4.5E-02));
#11864 = VECTOR('',#11865,1.);
#11865 = DIRECTION('',(0.,0.,1.));
#11866 = ORIENTED_EDGE('',*,*,#11342,.F.);
#11867 = ORIENTED_EDGE('',*,*,#11844,.T.);
#11868 = CYLINDRICAL_SURFACE('',#11869,0.5);
#11869 = AXIS2_PLACEMENT_3D('',#11870,#11871,#11872);
#11870 = CARTESIAN_POINT('',(-12.7,-3.81,-4.5E-02));
#11871 = DIRECTION('',(-0.,-0.,-1.));
#11872 = DIRECTION('',(-0.,-1.,0.));
#11873 = ADVANCED_FACE('',(#11874),#11885,.T.);
#11874 = FACE_BOUND('',#11875,.T.);
#11875 = EDGE_LOOP('',(#11876,#11877,#11883,#11884));
#11876 = ORIENTED_EDGE('',*,*,#11000,.F.);
#11877 = ORIENTED_EDGE('',*,*,#11878,.T.);
#11878 = EDGE_CURVE('',#10992,#11326,#11879,.T.);
#11879 = LINE('',#11880,#11881);
#11880 = CARTESIAN_POINT('',(-12.7,-10.16,0.));
#11881 = VECTOR('',#11882,1.);
#11882 = DIRECTION('',(0.,0.,1.));
#11883 = ORIENTED_EDGE('',*,*,#11334,.T.);
#11884 = ORIENTED_EDGE('',*,*,#11861,.F.);
#11885 = PLANE('',#11886);
#11886 = AXIS2_PLACEMENT_3D('',#11887,#11888,#11889);
#11887 = CARTESIAN_POINT('',(-12.7,-10.16,0.));
#11888 = DIRECTION('',(-1.,0.,0.));
#11889 = DIRECTION('',(0.,1.,0.));
#11890 = ADVANCED_FACE('',(#11891),#11902,.T.);
#11891 = FACE_BOUND('',#11892,.T.);
#11892 = EDGE_LOOP('',(#11893,#11899,#11900,#11901));
#11893 = ORIENTED_EDGE('',*,*,#11894,.T.);
#11894 = EDGE_CURVE('',#10984,#11318,#11895,.T.);
#11895 = LINE('',#11896,#11897);
#11896 = CARTESIAN_POINT('',(-10.16,-12.7,0.));
#11897 = VECTOR('',#11898,1.);
#11898 = DIRECTION('',(0.,0.,1.));
#11899 = ORIENTED_EDGE('',*,*,#11325,.T.);
#11900 = ORIENTED_EDGE('',*,*,#11878,.F.);
#11901 = ORIENTED_EDGE('',*,*,#10991,.F.);
#11902 = CYLINDRICAL_SURFACE('',#11903,2.540000765514);
#11903 = AXIS2_PLACEMENT_3D('',#11904,#11905,#11906);
#11904 = CARTESIAN_POINT('',(-10.15999923448,-10.15999923448,0.));
#11905 = DIRECTION('',(0.,0.,-1.));
#11906 = DIRECTION('',(-3.013834432203E-07,-1.,-0.));
#11907 = ADVANCED_FACE('',(#11908),#11919,.T.);
#11908 = FACE_BOUND('',#11909,.T.);
#11909 = EDGE_LOOP('',(#11910,#11911,#11917,#11918));
#11910 = ORIENTED_EDGE('',*,*,#10983,.F.);
#11911 = ORIENTED_EDGE('',*,*,#11912,.F.);
#11912 = EDGE_CURVE('',#11309,#10975,#11913,.T.);
#11913 = LINE('',#11914,#11915);
#11914 = CARTESIAN_POINT('',(-3.04,-12.7,-4.5E-02));
#11915 = VECTOR('',#11916,1.);
#11916 = DIRECTION('',(-0.,-0.,-1.));
#11917 = ORIENTED_EDGE('',*,*,#11317,.T.);
#11918 = ORIENTED_EDGE('',*,*,#11894,.F.);
#11919 = PLANE('',#11920);
#11920 = AXIS2_PLACEMENT_3D('',#11921,#11922,#11923);
#11921 = CARTESIAN_POINT('',(10.16,-12.7,0.));
#11922 = DIRECTION('',(0.,-1.,0.));
#11923 = DIRECTION('',(-1.,0.,0.));
#11924 = ADVANCED_FACE('',(#11925),#11936,.F.);
#11925 = FACE_BOUND('',#11926,.T.);
#11926 = EDGE_LOOP('',(#11927,#11933,#11934,#11935));
#11927 = ORIENTED_EDGE('',*,*,#11928,.F.);
#11928 = EDGE_CURVE('',#11301,#10967,#11929,.T.);
#11929 = LINE('',#11930,#11931);
#11930 = CARTESIAN_POINT('',(-2.04,-12.7,-4.5E-02));
#11931 = VECTOR('',#11932,1.);
#11932 = DIRECTION('',(-0.,-0.,-1.));
#11933 = ORIENTED_EDGE('',*,*,#11308,.F.);
#11934 = ORIENTED_EDGE('',*,*,#11912,.T.);
#11935 = ORIENTED_EDGE('',*,*,#10974,.T.);
#11936 = CYLINDRICAL_SURFACE('',#11937,0.5);
#11937 = AXIS2_PLACEMENT_3D('',#11938,#11939,#11940);
#11938 = CARTESIAN_POINT('',(-2.54,-12.7,-4.5E-02));
#11939 = DIRECTION('',(-0.,-0.,-1.));
#11940 = DIRECTION('',(-0.,-1.,0.));
#11941 = ADVANCED_FACE('',(#11942),#11953,.T.);
#11942 = FACE_BOUND('',#11943,.T.);
#11943 = EDGE_LOOP('',(#11944,#11945,#11951,#11952));
#11944 = ORIENTED_EDGE('',*,*,#10966,.F.);
#11945 = ORIENTED_EDGE('',*,*,#11946,.F.);
#11946 = EDGE_CURVE('',#11292,#10958,#11947,.T.);
#11947 = LINE('',#11948,#11949);
#11948 = CARTESIAN_POINT('',(-0.5,-12.7,-4.5E-02));
#11949 = VECTOR('',#11950,1.);
#11950 = DIRECTION('',(-0.,0.,-1.));
#11951 = ORIENTED_EDGE('',*,*,#11300,.T.);
#11952 = ORIENTED_EDGE('',*,*,#11928,.T.);
#11953 = PLANE('',#11954);
#11954 = AXIS2_PLACEMENT_3D('',#11955,#11956,#11957);
#11955 = CARTESIAN_POINT('',(10.16,-12.7,0.));
#11956 = DIRECTION('',(0.,-1.,0.));
#11957 = DIRECTION('',(-1.,0.,0.));
#11958 = ADVANCED_FACE('',(#11959),#11970,.F.);
#11959 = FACE_BOUND('',#11960,.T.);
#11960 = EDGE_LOOP('',(#11961,#11967,#11968,#11969));
#11961 = ORIENTED_EDGE('',*,*,#11962,.F.);
#11962 = EDGE_CURVE('',#11284,#10950,#11963,.T.);
#11963 = LINE('',#11964,#11965);
#11964 = CARTESIAN_POINT('',(0.5,-12.7,-4.5E-02));
#11965 = VECTOR('',#11966,1.);
#11966 = DIRECTION('',(-0.,0.,-1.));
#11967 = ORIENTED_EDGE('',*,*,#11291,.F.);
#11968 = ORIENTED_EDGE('',*,*,#11946,.T.);
#11969 = ORIENTED_EDGE('',*,*,#10957,.T.);
#11970 = CYLINDRICAL_SURFACE('',#11971,0.5);
#11971 = AXIS2_PLACEMENT_3D('',#11972,#11973,#11974);
#11972 = CARTESIAN_POINT('',(-2.775557561563E-17,-12.7,-4.5E-02));
#11973 = DIRECTION('',(-0.,0.,-1.));
#11974 = DIRECTION('',(5.551115123126E-17,-1.,-0.));
#11975 = ADVANCED_FACE('',(#11976),#11987,.T.);
#11976 = FACE_BOUND('',#11977,.T.);
#11977 = EDGE_LOOP('',(#11978,#11979,#11985,#11986));
#11978 = ORIENTED_EDGE('',*,*,#10949,.F.);
#11979 = ORIENTED_EDGE('',*,*,#11980,.F.);
#11980 = EDGE_CURVE('',#11275,#10941,#11981,.T.);
#11981 = LINE('',#11982,#11983);
#11982 = CARTESIAN_POINT('',(2.04,-12.7,-4.5E-02));
#11983 = VECTOR('',#11984,1.);
#11984 = DIRECTION('',(-0.,-0.,-1.));
#11985 = ORIENTED_EDGE('',*,*,#11283,.T.);
#11986 = ORIENTED_EDGE('',*,*,#11962,.T.);
#11987 = PLANE('',#11988);
#11988 = AXIS2_PLACEMENT_3D('',#11989,#11990,#11991);
#11989 = CARTESIAN_POINT('',(10.16,-12.7,0.));
#11990 = DIRECTION('',(0.,-1.,0.));
#11991 = DIRECTION('',(-1.,0.,0.));
#11992 = ADVANCED_FACE('',(#11993),#12004,.F.);
#11993 = FACE_BOUND('',#11994,.T.);
#11994 = EDGE_LOOP('',(#11995,#12001,#12002,#12003));
#11995 = ORIENTED_EDGE('',*,*,#11996,.F.);
#11996 = EDGE_CURVE('',#11267,#10933,#11997,.T.);
#11997 = LINE('',#11998,#11999);
#11998 = CARTESIAN_POINT('',(3.04,-12.7,-4.5E-02));
#11999 = VECTOR('',#12000,1.);
#12000 = DIRECTION('',(-0.,-0.,-1.));
#12001 = ORIENTED_EDGE('',*,*,#11274,.F.);
#12002 = ORIENTED_EDGE('',*,*,#11980,.T.);
#12003 = ORIENTED_EDGE('',*,*,#10940,.T.);
#12004 = CYLINDRICAL_SURFACE('',#12005,0.5);
#12005 = AXIS2_PLACEMENT_3D('',#12006,#12007,#12008);
#12006 = CARTESIAN_POINT('',(2.54,-12.7,-4.5E-02));
#12007 = DIRECTION('',(-0.,-0.,-1.));
#12008 = DIRECTION('',(-0.,-1.,0.));
#12009 = ADVANCED_FACE('',(#12010),#12021,.T.);
#12010 = FACE_BOUND('',#12011,.T.);
#12011 = EDGE_LOOP('',(#12012,#12013,#12019,#12020));
#12012 = ORIENTED_EDGE('',*,*,#10932,.F.);
#12013 = ORIENTED_EDGE('',*,*,#12014,.T.);
#12014 = EDGE_CURVE('',#10924,#11258,#12015,.T.);
#12015 = LINE('',#12016,#12017);
#12016 = CARTESIAN_POINT('',(10.16,-12.7,0.));
#12017 = VECTOR('',#12018,1.);
#12018 = DIRECTION('',(0.,0.,1.));
#12019 = ORIENTED_EDGE('',*,*,#11266,.T.);
#12020 = ORIENTED_EDGE('',*,*,#11996,.T.);
#12021 = PLANE('',#12022);
#12022 = AXIS2_PLACEMENT_3D('',#12023,#12024,#12025);
#12023 = CARTESIAN_POINT('',(10.16,-12.7,0.));
#12024 = DIRECTION('',(0.,-1.,0.));
#12025 = DIRECTION('',(-1.,0.,0.));
#12026 = ADVANCED_FACE('',(#12027),#12038,.T.);
#12027 = FACE_BOUND('',#12028,.T.);
#12028 = EDGE_LOOP('',(#12029,#12035,#12036,#12037));
#12029 = ORIENTED_EDGE('',*,*,#12030,.T.);
#12030 = EDGE_CURVE('',#10916,#11250,#12031,.T.);
#12031 = LINE('',#12032,#12033);
#12032 = CARTESIAN_POINT('',(12.7,-10.16,0.));
#12033 = VECTOR('',#12034,1.);
#12034 = DIRECTION('',(0.,0.,1.));
#12035 = ORIENTED_EDGE('',*,*,#11257,.T.);
#12036 = ORIENTED_EDGE('',*,*,#12014,.F.);
#12037 = ORIENTED_EDGE('',*,*,#10923,.F.);
#12038 = CYLINDRICAL_SURFACE('',#12039,2.540000765514);
#12039 = AXIS2_PLACEMENT_3D('',#12040,#12041,#12042);
#12040 = CARTESIAN_POINT('',(10.159999234486,-10.15999923448,0.));
#12041 = DIRECTION('',(0.,0.,-1.));
#12042 = DIRECTION('',(1.,-3.013834432203E-07,0.));
#12043 = ADVANCED_FACE('',(#12044),#12055,.T.);
#12044 = FACE_BOUND('',#12045,.T.);
#12045 = EDGE_LOOP('',(#12046,#12047,#12053,#12054));
#12046 = ORIENTED_EDGE('',*,*,#10915,.F.);
#12047 = ORIENTED_EDGE('',*,*,#12048,.T.);
#12048 = EDGE_CURVE('',#10907,#11241,#12049,.T.);
#12049 = LINE('',#12050,#12051);
#12050 = CARTESIAN_POINT('',(12.7,-4.31,-4.5E-02));
#12051 = VECTOR('',#12052,1.);
#12052 = DIRECTION('',(0.,0.,1.));
#12053 = ORIENTED_EDGE('',*,*,#11249,.T.);
#12054 = ORIENTED_EDGE('',*,*,#12030,.F.);
#12055 = PLANE('',#12056);
#12056 = AXIS2_PLACEMENT_3D('',#12057,#12058,#12059);
#12057 = CARTESIAN_POINT('',(12.7,10.16,0.));
#12058 = DIRECTION('',(1.,0.,-0.));
#12059 = DIRECTION('',(0.,-1.,0.));
#12060 = ADVANCED_FACE('',(#12061),#12072,.F.);
#12061 = FACE_BOUND('',#12062,.T.);
#12062 = EDGE_LOOP('',(#12063,#12064,#12065,#12071));
#12063 = ORIENTED_EDGE('',*,*,#12048,.F.);
#12064 = ORIENTED_EDGE('',*,*,#10906,.T.);
#12065 = ORIENTED_EDGE('',*,*,#12066,.F.);
#12066 = EDGE_CURVE('',#11233,#10899,#12067,.T.);
#12067 = LINE('',#12068,#12069);
#12068 = CARTESIAN_POINT('',(12.7,-3.31,-4.5E-02));
#12069 = VECTOR('',#12070,1.);
#12070 = DIRECTION('',(-0.,-0.,-1.));
#12071 = ORIENTED_EDGE('',*,*,#11240,.F.);
#12072 = CYLINDRICAL_SURFACE('',#12073,0.5);
#12073 = AXIS2_PLACEMENT_3D('',#12074,#12075,#12076);
#12074 = CARTESIAN_POINT('',(12.7,-3.81,-4.5E-02));
#12075 = DIRECTION('',(-0.,-0.,-1.));
#12076 = DIRECTION('',(-0.,-1.,0.));
#12077 = ADVANCED_FACE('',(#12078),#12089,.T.);
#12078 = FACE_BOUND('',#12079,.T.);
#12079 = EDGE_LOOP('',(#12080,#12081,#12087,#12088));
#12080 = ORIENTED_EDGE('',*,*,#10898,.F.);
#12081 = ORIENTED_EDGE('',*,*,#12082,.T.);
#12082 = EDGE_CURVE('',#10890,#11224,#12083,.T.);
#12083 = LINE('',#12084,#12085);
#12084 = CARTESIAN_POINT('',(12.7,-1.77,-4.5E-02));
#12085 = VECTOR('',#12086,1.);
#12086 = DIRECTION('',(0.,0.,1.));
#12087 = ORIENTED_EDGE('',*,*,#11232,.T.);
#12088 = ORIENTED_EDGE('',*,*,#12066,.T.);
#12089 = PLANE('',#12090);
#12090 = AXIS2_PLACEMENT_3D('',#12091,#12092,#12093);
#12091 = CARTESIAN_POINT('',(12.7,10.16,0.));
#12092 = DIRECTION('',(1.,0.,-0.));
#12093 = DIRECTION('',(0.,-1.,0.));
#12094 = ADVANCED_FACE('',(#12095),#12106,.F.);
#12095 = FACE_BOUND('',#12096,.T.);
#12096 = EDGE_LOOP('',(#12097,#12098,#12099,#12105));
#12097 = ORIENTED_EDGE('',*,*,#12082,.F.);
#12098 = ORIENTED_EDGE('',*,*,#10889,.T.);
#12099 = ORIENTED_EDGE('',*,*,#12100,.F.);
#12100 = EDGE_CURVE('',#11216,#10882,#12101,.T.);
#12101 = LINE('',#12102,#12103);
#12102 = CARTESIAN_POINT('',(12.7,-0.77,-4.5E-02));
#12103 = VECTOR('',#12104,1.);
#12104 = DIRECTION('',(-0.,-0.,-1.));
#12105 = ORIENTED_EDGE('',*,*,#11223,.F.);
#12106 = CYLINDRICAL_SURFACE('',#12107,0.5);
#12107 = AXIS2_PLACEMENT_3D('',#12108,#12109,#12110);
#12108 = CARTESIAN_POINT('',(12.7,-1.27,-4.5E-02));
#12109 = DIRECTION('',(-0.,-0.,-1.));
#12110 = DIRECTION('',(-0.,-1.,0.));
#12111 = ADVANCED_FACE('',(#12112),#12123,.T.);
#12112 = FACE_BOUND('',#12113,.T.);
#12113 = EDGE_LOOP('',(#12114,#12115,#12121,#12122));
#12114 = ORIENTED_EDGE('',*,*,#10881,.F.);
#12115 = ORIENTED_EDGE('',*,*,#12116,.T.);
#12116 = EDGE_CURVE('',#10873,#11207,#12117,.T.);
#12117 = LINE('',#12118,#12119);
#12118 = CARTESIAN_POINT('',(12.7,0.77,-4.5E-02));
#12119 = VECTOR('',#12120,1.);
#12120 = DIRECTION('',(0.,0.,1.));
#12121 = ORIENTED_EDGE('',*,*,#11215,.T.);
#12122 = ORIENTED_EDGE('',*,*,#12100,.T.);
#12123 = PLANE('',#12124);
#12124 = AXIS2_PLACEMENT_3D('',#12125,#12126,#12127);
#12125 = CARTESIAN_POINT('',(12.7,10.16,0.));
#12126 = DIRECTION('',(1.,0.,-0.));
#12127 = DIRECTION('',(0.,-1.,0.));
#12128 = ADVANCED_FACE('',(#12129),#12140,.F.);
#12129 = FACE_BOUND('',#12130,.T.);
#12130 = EDGE_LOOP('',(#12131,#12132,#12133,#12139));
#12131 = ORIENTED_EDGE('',*,*,#12116,.F.);
#12132 = ORIENTED_EDGE('',*,*,#10872,.T.);
#12133 = ORIENTED_EDGE('',*,*,#12134,.F.);
#12134 = EDGE_CURVE('',#11199,#10865,#12135,.T.);
#12135 = LINE('',#12136,#12137);
#12136 = CARTESIAN_POINT('',(12.7,1.77,-4.5E-02));
#12137 = VECTOR('',#12138,1.);
#12138 = DIRECTION('',(-0.,-0.,-1.));
#12139 = ORIENTED_EDGE('',*,*,#11206,.F.);
#12140 = CYLINDRICAL_SURFACE('',#12141,0.5);
#12141 = AXIS2_PLACEMENT_3D('',#12142,#12143,#12144);
#12142 = CARTESIAN_POINT('',(12.7,1.27,-4.5E-02));
#12143 = DIRECTION('',(-0.,-0.,-1.));
#12144 = DIRECTION('',(-0.,-1.,0.));
#12145 = ADVANCED_FACE('',(#12146),#12152,.T.);
#12146 = FACE_BOUND('',#12147,.T.);
#12147 = EDGE_LOOP('',(#12148,#12149,#12150,#12151));
#12148 = ORIENTED_EDGE('',*,*,#10864,.F.);
#12149 = ORIENTED_EDGE('',*,*,#11537,.T.);
#12150 = ORIENTED_EDGE('',*,*,#11198,.T.);
#12151 = ORIENTED_EDGE('',*,*,#12134,.T.);
#12152 = PLANE('',#12153);
#12153 = AXIS2_PLACEMENT_3D('',#12154,#12155,#12156);
#12154 = CARTESIAN_POINT('',(12.7,10.16,0.));
#12155 = DIRECTION('',(1.,0.,-0.));
#12156 = DIRECTION('',(0.,-1.,0.));
#12157 = ( GEOMETRIC_REPRESENTATION_CONTEXT(3) 
GLOBAL_UNCERTAINTY_ASSIGNED_CONTEXT((#12161)) 
GLOBAL_UNIT_ASSIGNED_CONTEXT((#12158,#12159,#12160)) 
REPRESENTATION_CONTEXT('Context #1',
  '3D Context with UNIT and UNCERTAINTY') );
#12158 = ( LENGTH_UNIT() NAMED_UNIT(*) SI_UNIT(.MILLI.,.METRE.) );
#12159 = ( NAMED_UNIT(*) PLANE_ANGLE_UNIT() SI_UNIT($,.RADIAN.) );
#12160 = ( NAMED_UNIT(*) SI_UNIT($,.STERADIAN.) SOLID_ANGLE_UNIT() );
#12161 = UNCERTAINTY_MEASURE_WITH_UNIT(LENGTH_MEASURE(1.E-07),#12158,
  'distance_accuracy_value','confusion accuracy');
#12162 = CONTEXT_DEPENDENT_SHAPE_REPRESENTATION(#12163,#12165);
#12163 = ( REPRESENTATION_RELATIONSHIP('','',#10741,#10) 
REPRESENTATION_RELATIONSHIP_WITH_TRANSFORMATION(#12164) 
SHAPE_REPRESENTATION_RELATIONSHIP() );
#12164 = ITEM_DEFINED_TRANSFORMATION('','',#11,#167);
#12165 = PRODUCT_DEFINITION_SHAPE('Placement','Placement of an item',
  #12166);
#12166 = NEXT_ASSEMBLY_USAGE_OCCURRENCE('45','=>[0:1:1:14]','',#5,#10736
  ,$);
#12167 = PRODUCT_RELATED_PRODUCT_CATEGORY('part',$,(#10738));
#12168 = MECHANICAL_DESIGN_GEOMETRIC_PRESENTATION_REPRESENTATION('',(
    #12169),#12157);
#12169 = STYLED_ITEM('color',(#12170),#10742);
#12170 = PRESENTATION_STYLE_ASSIGNMENT((#12171));
#12171 = SURFACE_STYLE_USAGE(.BOTH.,#12172);
#12172 = SURFACE_SIDE_STYLE('',(#12173));
#12173 = SURFACE_STYLE_FILL_AREA(#12174);
#12174 = FILL_AREA_STYLE('',(#12175));
#12175 = FILL_AREA_STYLE_COLOUR('',#12176);
#12176 = COLOUR_RGB('',0.313304153717,0.484529207832,0.410020903123);
#12177 = MECHANICAL_DESIGN_GEOMETRIC_PRESENTATION_REPRESENTATION('',(
    #12178,#12186,#12193,#12200,#12207,#12214,#12221,#12228,#12236,
    #12243,#12250,#12257,#12264,#12271,#12279,#12286,#12293,#12300,
    #12307,#12314,#12321,#12328,#12335,#12342,#12349,#12356),#998);
#12178 = STYLED_ITEM('color',(#12179),#210);
#12179 = PRESENTATION_STYLE_ASSIGNMENT((#12180));
#12180 = SURFACE_STYLE_USAGE(.BOTH.,#12181);
#12181 = SURFACE_SIDE_STYLE('',(#12182));
#12182 = SURFACE_STYLE_FILL_AREA(#12183);
#12183 = FILL_AREA_STYLE('',(#12184));
#12184 = FILL_AREA_STYLE_COLOUR('',#12185);
#12185 = COLOUR_RGB('',0.823999987314,0.819999987296,0.781000009244);
#12186 = STYLED_ITEM('color',(#12187),#250);
#12187 = PRESENTATION_STYLE_ASSIGNMENT((#12188));
#12188 = SURFACE_STYLE_USAGE(.BOTH.,#12189);
#12189 = SURFACE_SIDE_STYLE('',(#12190));
#12190 = SURFACE_STYLE_FILL_AREA(#12191);
#12191 = FILL_AREA_STYLE('',(#12192));
#12192 = FILL_AREA_STYLE_COLOUR('',#12185);
#12193 = STYLED_ITEM('color',(#12194),#333);
#12194 = PRESENTATION_STYLE_ASSIGNMENT((#12195));
#12195 = SURFACE_STYLE_USAGE(.BOTH.,#12196);
#12196 = SURFACE_SIDE_STYLE('',(#12197));
#12197 = SURFACE_STYLE_FILL_AREA(#12198);
#12198 = FILL_AREA_STYLE('',(#12199));
#12199 = FILL_AREA_STYLE_COLOUR('',#12185);
#12200 = STYLED_ITEM('color',(#12201),#358);
#12201 = PRESENTATION_STYLE_ASSIGNMENT((#12202));
#12202 = SURFACE_STYLE_USAGE(.BOTH.,#12203);
#12203 = SURFACE_SIDE_STYLE('',(#12204));
#12204 = SURFACE_STYLE_FILL_AREA(#12205);
#12205 = FILL_AREA_STYLE('',(#12206));
#12206 = FILL_AREA_STYLE_COLOUR('',#12185);
#12207 = STYLED_ITEM('color',(#12208),#383);
#12208 = PRESENTATION_STYLE_ASSIGNMENT((#12209));
#12209 = SURFACE_STYLE_USAGE(.BOTH.,#12210);
#12210 = SURFACE_SIDE_STYLE('',(#12211));
#12211 = SURFACE_STYLE_FILL_AREA(#12212);
#12212 = FILL_AREA_STYLE('',(#12213));
#12213 = FILL_AREA_STYLE_COLOUR('',#12185);
#12214 = STYLED_ITEM('color',(#12215),#450);
#12215 = PRESENTATION_STYLE_ASSIGNMENT((#12216));
#12216 = SURFACE_STYLE_USAGE(.BOTH.,#12217);
#12217 = SURFACE_SIDE_STYLE('',(#12218));
#12218 = SURFACE_STYLE_FILL_AREA(#12219);
#12219 = FILL_AREA_STYLE('',(#12220));
#12220 = FILL_AREA_STYLE_COLOUR('',#12185);
#12221 = STYLED_ITEM('color',(#12222),#467);
#12222 = PRESENTATION_STYLE_ASSIGNMENT((#12223));
#12223 = SURFACE_STYLE_USAGE(.BOTH.,#12224);
#12224 = SURFACE_SIDE_STYLE('',(#12225));
#12225 = SURFACE_STYLE_FILL_AREA(#12226);
#12226 = FILL_AREA_STYLE('',(#12227));
#12227 = FILL_AREA_STYLE_COLOUR('',#12185);
#12228 = STYLED_ITEM('color',(#12229),#484);
#12229 = PRESENTATION_STYLE_ASSIGNMENT((#12230));
#12230 = SURFACE_STYLE_USAGE(.BOTH.,#12231);
#12231 = SURFACE_SIDE_STYLE('',(#12232));
#12232 = SURFACE_STYLE_FILL_AREA(#12233);
#12233 = FILL_AREA_STYLE('',(#12234));
#12234 = FILL_AREA_STYLE_COLOUR('',#12235);
#12235 = COLOUR_RGB('',0.894999966383,0.890999961016,0.813000030345);
#12236 = STYLED_ITEM('color',(#12237),#533);
#12237 = PRESENTATION_STYLE_ASSIGNMENT((#12238));
#12238 = SURFACE_STYLE_USAGE(.BOTH.,#12239);
#12239 = SURFACE_SIDE_STYLE('',(#12240));
#12240 = SURFACE_STYLE_FILL_AREA(#12241);
#12241 = FILL_AREA_STYLE('',(#12242));
#12242 = FILL_AREA_STYLE_COLOUR('',#12185);
#12243 = STYLED_ITEM('color',(#12244),#550);
#12244 = PRESENTATION_STYLE_ASSIGNMENT((#12245));
#12245 = SURFACE_STYLE_USAGE(.BOTH.,#12246);
#12246 = SURFACE_SIDE_STYLE('',(#12247));
#12247 = SURFACE_STYLE_FILL_AREA(#12248);
#12248 = FILL_AREA_STYLE('',(#12249));
#12249 = FILL_AREA_STYLE_COLOUR('',#12185);
#12250 = STYLED_ITEM('color',(#12251),#567);
#12251 = PRESENTATION_STYLE_ASSIGNMENT((#12252));
#12252 = SURFACE_STYLE_USAGE(.BOTH.,#12253);
#12253 = SURFACE_SIDE_STYLE('',(#12254));
#12254 = SURFACE_STYLE_FILL_AREA(#12255);
#12255 = FILL_AREA_STYLE('',(#12256));
#12256 = FILL_AREA_STYLE_COLOUR('',#12235);
#12257 = STYLED_ITEM('color',(#12258),#616);
#12258 = PRESENTATION_STYLE_ASSIGNMENT((#12259));
#12259 = SURFACE_STYLE_USAGE(.BOTH.,#12260);
#12260 = SURFACE_SIDE_STYLE('',(#12261));
#12261 = SURFACE_STYLE_FILL_AREA(#12262);
#12262 = FILL_AREA_STYLE('',(#12263));
#12263 = FILL_AREA_STYLE_COLOUR('',#12235);
#12264 = STYLED_ITEM('color',(#12265),#633);
#12265 = PRESENTATION_STYLE_ASSIGNMENT((#12266));
#12266 = SURFACE_STYLE_USAGE(.BOTH.,#12267);
#12267 = SURFACE_SIDE_STYLE('',(#12268));
#12268 = SURFACE_STYLE_FILL_AREA(#12269);
#12269 = FILL_AREA_STYLE('',(#12270));
#12270 = FILL_AREA_STYLE_COLOUR('',#12185);
#12271 = STYLED_ITEM('color',(#12272),#702);
#12272 = PRESENTATION_STYLE_ASSIGNMENT((#12273));
#12273 = SURFACE_STYLE_USAGE(.BOTH.,#12274);
#12274 = SURFACE_SIDE_STYLE('',(#12275));
#12275 = SURFACE_STYLE_FILL_AREA(#12276);
#12276 = FILL_AREA_STYLE('',(#12277));
#12277 = FILL_AREA_STYLE_COLOUR('',#12278);
#12278 = COLOUR_RGB('',8.200000279077E-02,8.600000121357E-02,
  9.399999706163E-02);
#12279 = STYLED_ITEM('color',(#12280),#733);
#12280 = PRESENTATION_STYLE_ASSIGNMENT((#12281));
#12281 = SURFACE_STYLE_USAGE(.BOTH.,#12282);
#12282 = SURFACE_SIDE_STYLE('',(#12283));
#12283 = SURFACE_STYLE_FILL_AREA(#12284);
#12284 = FILL_AREA_STYLE('',(#12285));
#12285 = FILL_AREA_STYLE_COLOUR('',#12278);
#12286 = STYLED_ITEM('color',(#12287),#757);
#12287 = PRESENTATION_STYLE_ASSIGNMENT((#12288));
#12288 = SURFACE_STYLE_USAGE(.BOTH.,#12289);
#12289 = SURFACE_SIDE_STYLE('',(#12290));
#12290 = SURFACE_STYLE_FILL_AREA(#12291);
#12291 = FILL_AREA_STYLE('',(#12292));
#12292 = FILL_AREA_STYLE_COLOUR('',#12185);
#12293 = STYLED_ITEM('color',(#12294),#826);
#12294 = PRESENTATION_STYLE_ASSIGNMENT((#12295));
#12295 = SURFACE_STYLE_USAGE(.BOTH.,#12296);
#12296 = SURFACE_SIDE_STYLE('',(#12297));
#12297 = SURFACE_STYLE_FILL_AREA(#12298);
#12298 = FILL_AREA_STYLE('',(#12299));
#12299 = FILL_AREA_STYLE_COLOUR('',#12278);
#12300 = STYLED_ITEM('color',(#12301),#850);
#12301 = PRESENTATION_STYLE_ASSIGNMENT((#12302));
#12302 = SURFACE_STYLE_USAGE(.BOTH.,#12303);
#12303 = SURFACE_SIDE_STYLE('',(#12304));
#12304 = SURFACE_STYLE_FILL_AREA(#12305);
#12305 = FILL_AREA_STYLE('',(#12306));
#12306 = FILL_AREA_STYLE_COLOUR('',#12185);
#12307 = STYLED_ITEM('color',(#12308),#867);
#12308 = PRESENTATION_STYLE_ASSIGNMENT((#12309));
#12309 = SURFACE_STYLE_USAGE(.BOTH.,#12310);
#12310 = SURFACE_SIDE_STYLE('',(#12311));
#12311 = SURFACE_STYLE_FILL_AREA(#12312);
#12312 = FILL_AREA_STYLE('',(#12313));
#12313 = FILL_AREA_STYLE_COLOUR('',#12185);
#12314 = STYLED_ITEM('color',(#12315),#884);
#12315 = PRESENTATION_STYLE_ASSIGNMENT((#12316));
#12316 = SURFACE_STYLE_USAGE(.BOTH.,#12317);
#12317 = SURFACE_SIDE_STYLE('',(#12318));
#12318 = SURFACE_STYLE_FILL_AREA(#12319);
#12319 = FILL_AREA_STYLE('',(#12320));
#12320 = FILL_AREA_STYLE_COLOUR('',#12185);
#12321 = STYLED_ITEM('color',(#12322),#901);
#12322 = PRESENTATION_STYLE_ASSIGNMENT((#12323));
#12323 = SURFACE_STYLE_USAGE(.BOTH.,#12324);
#12324 = SURFACE_SIDE_STYLE('',(#12325));
#12325 = SURFACE_STYLE_FILL_AREA(#12326);
#12326 = FILL_AREA_STYLE('',(#12327));
#12327 = FILL_AREA_STYLE_COLOUR('',#12185);
#12328 = STYLED_ITEM('color',(#12329),#918);
#12329 = PRESENTATION_STYLE_ASSIGNMENT((#12330));
#12330 = SURFACE_STYLE_USAGE(.BOTH.,#12331);
#12331 = SURFACE_SIDE_STYLE('',(#12332));
#12332 = SURFACE_STYLE_FILL_AREA(#12333);
#12333 = FILL_AREA_STYLE('',(#12334));
#12334 = FILL_AREA_STYLE_COLOUR('',#12185);
#12335 = STYLED_ITEM('color',(#12336),#935);
#12336 = PRESENTATION_STYLE_ASSIGNMENT((#12337));
#12337 = SURFACE_STYLE_USAGE(.BOTH.,#12338);
#12338 = SURFACE_SIDE_STYLE('',(#12339));
#12339 = SURFACE_STYLE_FILL_AREA(#12340);
#12340 = FILL_AREA_STYLE('',(#12341));
#12341 = FILL_AREA_STYLE_COLOUR('',#12185);
#12342 = STYLED_ITEM('color',(#12343),#952);
#12343 = PRESENTATION_STYLE_ASSIGNMENT((#12344));
#12344 = SURFACE_STYLE_USAGE(.BOTH.,#12345);
#12345 = SURFACE_SIDE_STYLE('',(#12346));
#12346 = SURFACE_STYLE_FILL_AREA(#12347);
#12347 = FILL_AREA_STYLE('',(#12348));
#12348 = FILL_AREA_STYLE_COLOUR('',#12185);
#12349 = STYLED_ITEM('color',(#12350),#969);
#12350 = PRESENTATION_STYLE_ASSIGNMENT((#12351));
#12351 = SURFACE_STYLE_USAGE(.BOTH.,#12352);
#12352 = SURFACE_SIDE_STYLE('',(#12353));
#12353 = SURFACE_STYLE_FILL_AREA(#12354);
#12354 = FILL_AREA_STYLE('',(#12355));
#12355 = FILL_AREA_STYLE_COLOUR('',#12278);
#12356 = STYLED_ITEM('color',(#12357),#986);
#12357 = PRESENTATION_STYLE_ASSIGNMENT((#12358));
#12358 = SURFACE_STYLE_USAGE(.BOTH.,#12359);
#12359 = SURFACE_SIDE_STYLE('',(#12360));
#12360 = SURFACE_STYLE_FILL_AREA(#12361);
#12361 = FILL_AREA_STYLE('',(#12362));
#12362 = FILL_AREA_STYLE_COLOUR('',#12278);
#12363 = MECHANICAL_DESIGN_GEOMETRIC_PRESENTATION_REPRESENTATION('',(
    #12364,#12371,#12378,#12385,#12393,#12400,#12407,#12414,#12421,
    #12428,#12435,#12442,#12449,#12456,#12463,#12470,#12477,#12484,
    #12491,#12498,#12505,#12512,#12519,#12526,#12533,#12540,#12547,
    #12554,#12561,#12568,#12575,#12582,#12589,#12596,#12603,#12610,
    #12617,#12624,#12631,#12638,#12645,#12652,#12659,#12666,#12673,
    #12680,#12687,#12694,#12701,#12708,#12715,#12722,#12729,#12736,
    #12743,#12750,#12757,#12764,#12771,#12778,#12785,#12792,#12799,
    #12806,#12813,#12820,#12827,#12834,#12841,#12848,#12855,#12862,
    #12869,#12876,#12883,#12890,#12897,#12904,#12911,#12918,#12925,
    #12932,#12939,#12946,#12953,#12960,#12967,#12974,#12981,#12988,
    #12995,#13002,#13009,#13016,#13023,#13030,#13037,#13044,#13051,
    #13058,#13065,#13072,#13079,#13086,#13093,#13100,#13107,#13114,
    #13121,#13129),#7605);
#12364 = STYLED_ITEM('color',(#12365),#4069);
#12365 = PRESENTATION_STYLE_ASSIGNMENT((#12366));
#12366 = SURFACE_STYLE_USAGE(.BOTH.,#12367);
#12367 = SURFACE_SIDE_STYLE('',(#12368));
#12368 = SURFACE_STYLE_FILL_AREA(#12369);
#12369 = FILL_AREA_STYLE('',(#12370));
#12370 = FILL_AREA_STYLE_COLOUR('',#12185);
#12371 = STYLED_ITEM('color',(#12372),#4109);
#12372 = PRESENTATION_STYLE_ASSIGNMENT((#12373));
#12373 = SURFACE_STYLE_USAGE(.BOTH.,#12374);
#12374 = SURFACE_SIDE_STYLE('',(#12375));
#12375 = SURFACE_STYLE_FILL_AREA(#12376);
#12376 = FILL_AREA_STYLE('',(#12377));
#12377 = FILL_AREA_STYLE_COLOUR('',#12185);
#12378 = STYLED_ITEM('color',(#12379),#4148);
#12379 = PRESENTATION_STYLE_ASSIGNMENT((#12380));
#12380 = SURFACE_STYLE_USAGE(.BOTH.,#12381);
#12381 = SURFACE_SIDE_STYLE('',(#12382));
#12382 = SURFACE_STYLE_FILL_AREA(#12383);
#12383 = FILL_AREA_STYLE('',(#12384));
#12384 = FILL_AREA_STYLE_COLOUR('',#12185);
#12385 = STYLED_ITEM('color',(#12386),#4172);
#12386 = PRESENTATION_STYLE_ASSIGNMENT((#12387));
#12387 = SURFACE_STYLE_USAGE(.BOTH.,#12388);
#12388 = SURFACE_SIDE_STYLE('',(#12389));
#12389 = SURFACE_STYLE_FILL_AREA(#12390);
#12390 = FILL_AREA_STYLE('',(#12391));
#12391 = FILL_AREA_STYLE_COLOUR('',#12392);
#12392 = COLOUR_RGB('',0.147999998088,0.144999993226,0.144999993226);
#12393 = STYLED_ITEM('color',(#12394),#4750);
#12394 = PRESENTATION_STYLE_ASSIGNMENT((#12395));
#12395 = SURFACE_STYLE_USAGE(.BOTH.,#12396);
#12396 = SURFACE_SIDE_STYLE('',(#12397));
#12397 = SURFACE_STYLE_FILL_AREA(#12398);
#12398 = FILL_AREA_STYLE('',(#12399));
#12399 = FILL_AREA_STYLE_COLOUR('',#12185);
#12400 = STYLED_ITEM('color',(#12401),#4767);
#12401 = PRESENTATION_STYLE_ASSIGNMENT((#12402));
#12402 = SURFACE_STYLE_USAGE(.BOTH.,#12403);
#12403 = SURFACE_SIDE_STYLE('',(#12404));
#12404 = SURFACE_STYLE_FILL_AREA(#12405);
#12405 = FILL_AREA_STYLE('',(#12406));
#12406 = FILL_AREA_STYLE_COLOUR('',#12185);
#12407 = STYLED_ITEM('color',(#12408),#4784);
#12408 = PRESENTATION_STYLE_ASSIGNMENT((#12409));
#12409 = SURFACE_STYLE_USAGE(.BOTH.,#12410);
#12410 = SURFACE_SIDE_STYLE('',(#12411));
#12411 = SURFACE_STYLE_FILL_AREA(#12412);
#12412 = FILL_AREA_STYLE('',(#12413));
#12413 = FILL_AREA_STYLE_COLOUR('',#12185);
#12414 = STYLED_ITEM('color',(#12415),#4796);
#12415 = PRESENTATION_STYLE_ASSIGNMENT((#12416));
#12416 = SURFACE_STYLE_USAGE(.BOTH.,#12417);
#12417 = SURFACE_SIDE_STYLE('',(#12418));
#12418 = SURFACE_STYLE_FILL_AREA(#12419);
#12419 = FILL_AREA_STYLE('',(#12420));
#12420 = FILL_AREA_STYLE_COLOUR('',#12392);
#12421 = STYLED_ITEM('color',(#12422),#4919);
#12422 = PRESENTATION_STYLE_ASSIGNMENT((#12423));
#12423 = SURFACE_STYLE_USAGE(.BOTH.,#12424);
#12424 = SURFACE_SIDE_STYLE('',(#12425));
#12425 = SURFACE_STYLE_FILL_AREA(#12426);
#12426 = FILL_AREA_STYLE('',(#12427));
#12427 = FILL_AREA_STYLE_COLOUR('',#12185);
#12428 = STYLED_ITEM('color',(#12429),#4959);
#12429 = PRESENTATION_STYLE_ASSIGNMENT((#12430));
#12430 = SURFACE_STYLE_USAGE(.BOTH.,#12431);
#12431 = SURFACE_SIDE_STYLE('',(#12432));
#12432 = SURFACE_STYLE_FILL_AREA(#12433);
#12433 = FILL_AREA_STYLE('',(#12434));
#12434 = FILL_AREA_STYLE_COLOUR('',#12185);
#12435 = STYLED_ITEM('color',(#12436),#4983);
#12436 = PRESENTATION_STYLE_ASSIGNMENT((#12437));
#12437 = SURFACE_STYLE_USAGE(.BOTH.,#12438);
#12438 = SURFACE_SIDE_STYLE('',(#12439));
#12439 = SURFACE_STYLE_FILL_AREA(#12440);
#12440 = FILL_AREA_STYLE('',(#12441));
#12441 = FILL_AREA_STYLE_COLOUR('',#12185);
#12442 = STYLED_ITEM('color',(#12443),#5016);
#12443 = PRESENTATION_STYLE_ASSIGNMENT((#12444));
#12444 = SURFACE_STYLE_USAGE(.BOTH.,#12445);
#12445 = SURFACE_SIDE_STYLE('',(#12446));
#12446 = SURFACE_STYLE_FILL_AREA(#12447);
#12447 = FILL_AREA_STYLE('',(#12448));
#12448 = FILL_AREA_STYLE_COLOUR('',#12185);
#12449 = STYLED_ITEM('color',(#12450),#5056);
#12450 = PRESENTATION_STYLE_ASSIGNMENT((#12451));
#12451 = SURFACE_STYLE_USAGE(.BOTH.,#12452);
#12452 = SURFACE_SIDE_STYLE('',(#12453));
#12453 = SURFACE_STYLE_FILL_AREA(#12454);
#12454 = FILL_AREA_STYLE('',(#12455));
#12455 = FILL_AREA_STYLE_COLOUR('',#12185);
#12456 = STYLED_ITEM('color',(#12457),#5080);
#12457 = PRESENTATION_STYLE_ASSIGNMENT((#12458));
#12458 = SURFACE_STYLE_USAGE(.BOTH.,#12459);
#12459 = SURFACE_SIDE_STYLE('',(#12460));
#12460 = SURFACE_STYLE_FILL_AREA(#12461);
#12461 = FILL_AREA_STYLE('',(#12462));
#12462 = FILL_AREA_STYLE_COLOUR('',#12185);
#12463 = STYLED_ITEM('color',(#12464),#5113);
#12464 = PRESENTATION_STYLE_ASSIGNMENT((#12465));
#12465 = SURFACE_STYLE_USAGE(.BOTH.,#12466);
#12466 = SURFACE_SIDE_STYLE('',(#12467));
#12467 = SURFACE_STYLE_FILL_AREA(#12468);
#12468 = FILL_AREA_STYLE('',(#12469));
#12469 = FILL_AREA_STYLE_COLOUR('',#12185);
#12470 = STYLED_ITEM('color',(#12471),#5153);
#12471 = PRESENTATION_STYLE_ASSIGNMENT((#12472));
#12472 = SURFACE_STYLE_USAGE(.BOTH.,#12473);
#12473 = SURFACE_SIDE_STYLE('',(#12474));
#12474 = SURFACE_STYLE_FILL_AREA(#12475);
#12475 = FILL_AREA_STYLE('',(#12476));
#12476 = FILL_AREA_STYLE_COLOUR('',#12185);
#12477 = STYLED_ITEM('color',(#12478),#5177);
#12478 = PRESENTATION_STYLE_ASSIGNMENT((#12479));
#12479 = SURFACE_STYLE_USAGE(.BOTH.,#12480);
#12480 = SURFACE_SIDE_STYLE('',(#12481));
#12481 = SURFACE_STYLE_FILL_AREA(#12482);
#12482 = FILL_AREA_STYLE('',(#12483));
#12483 = FILL_AREA_STYLE_COLOUR('',#12185);
#12484 = STYLED_ITEM('color',(#12485),#5210);
#12485 = PRESENTATION_STYLE_ASSIGNMENT((#12486));
#12486 = SURFACE_STYLE_USAGE(.BOTH.,#12487);
#12487 = SURFACE_SIDE_STYLE('',(#12488));
#12488 = SURFACE_STYLE_FILL_AREA(#12489);
#12489 = FILL_AREA_STYLE('',(#12490));
#12490 = FILL_AREA_STYLE_COLOUR('',#12185);
#12491 = STYLED_ITEM('color',(#12492),#5250);
#12492 = PRESENTATION_STYLE_ASSIGNMENT((#12493));
#12493 = SURFACE_STYLE_USAGE(.BOTH.,#12494);
#12494 = SURFACE_SIDE_STYLE('',(#12495));
#12495 = SURFACE_STYLE_FILL_AREA(#12496);
#12496 = FILL_AREA_STYLE('',(#12497));
#12497 = FILL_AREA_STYLE_COLOUR('',#12185);
#12498 = STYLED_ITEM('color',(#12499),#5274);
#12499 = PRESENTATION_STYLE_ASSIGNMENT((#12500));
#12500 = SURFACE_STYLE_USAGE(.BOTH.,#12501);
#12501 = SURFACE_SIDE_STYLE('',(#12502));
#12502 = SURFACE_STYLE_FILL_AREA(#12503);
#12503 = FILL_AREA_STYLE('',(#12504));
#12504 = FILL_AREA_STYLE_COLOUR('',#12185);
#12505 = STYLED_ITEM('color',(#12506),#5307);
#12506 = PRESENTATION_STYLE_ASSIGNMENT((#12507));
#12507 = SURFACE_STYLE_USAGE(.BOTH.,#12508);
#12508 = SURFACE_SIDE_STYLE('',(#12509));
#12509 = SURFACE_STYLE_FILL_AREA(#12510);
#12510 = FILL_AREA_STYLE('',(#12511));
#12511 = FILL_AREA_STYLE_COLOUR('',#12392);
#12512 = STYLED_ITEM('color',(#12513),#5423);
#12513 = PRESENTATION_STYLE_ASSIGNMENT((#12514));
#12514 = SURFACE_STYLE_USAGE(.BOTH.,#12515);
#12515 = SURFACE_SIDE_STYLE('',(#12516));
#12516 = SURFACE_STYLE_FILL_AREA(#12517);
#12517 = FILL_AREA_STYLE('',(#12518));
#12518 = FILL_AREA_STYLE_COLOUR('',#12185);
#12519 = STYLED_ITEM('color',(#12520),#5463);
#12520 = PRESENTATION_STYLE_ASSIGNMENT((#12521));
#12521 = SURFACE_STYLE_USAGE(.BOTH.,#12522);
#12522 = SURFACE_SIDE_STYLE('',(#12523));
#12523 = SURFACE_STYLE_FILL_AREA(#12524);
#12524 = FILL_AREA_STYLE('',(#12525));
#12525 = FILL_AREA_STYLE_COLOUR('',#12185);
#12526 = STYLED_ITEM('color',(#12527),#5487);
#12527 = PRESENTATION_STYLE_ASSIGNMENT((#12528));
#12528 = SURFACE_STYLE_USAGE(.BOTH.,#12529);
#12529 = SURFACE_SIDE_STYLE('',(#12530));
#12530 = SURFACE_STYLE_FILL_AREA(#12531);
#12531 = FILL_AREA_STYLE('',(#12532));
#12532 = FILL_AREA_STYLE_COLOUR('',#12185);
#12533 = STYLED_ITEM('color',(#12534),#5520);
#12534 = PRESENTATION_STYLE_ASSIGNMENT((#12535));
#12535 = SURFACE_STYLE_USAGE(.BOTH.,#12536);
#12536 = SURFACE_SIDE_STYLE('',(#12537));
#12537 = SURFACE_STYLE_FILL_AREA(#12538);
#12538 = FILL_AREA_STYLE('',(#12539));
#12539 = FILL_AREA_STYLE_COLOUR('',#12185);
#12540 = STYLED_ITEM('color',(#12541),#5560);
#12541 = PRESENTATION_STYLE_ASSIGNMENT((#12542));
#12542 = SURFACE_STYLE_USAGE(.BOTH.,#12543);
#12543 = SURFACE_SIDE_STYLE('',(#12544));
#12544 = SURFACE_STYLE_FILL_AREA(#12545);
#12545 = FILL_AREA_STYLE('',(#12546));
#12546 = FILL_AREA_STYLE_COLOUR('',#12185);
#12547 = STYLED_ITEM('color',(#12548),#5584);
#12548 = PRESENTATION_STYLE_ASSIGNMENT((#12549));
#12549 = SURFACE_STYLE_USAGE(.BOTH.,#12550);
#12550 = SURFACE_SIDE_STYLE('',(#12551));
#12551 = SURFACE_STYLE_FILL_AREA(#12552);
#12552 = FILL_AREA_STYLE('',(#12553));
#12553 = FILL_AREA_STYLE_COLOUR('',#12185);
#12554 = STYLED_ITEM('color',(#12555),#5617);
#12555 = PRESENTATION_STYLE_ASSIGNMENT((#12556));
#12556 = SURFACE_STYLE_USAGE(.BOTH.,#12557);
#12557 = SURFACE_SIDE_STYLE('',(#12558));
#12558 = SURFACE_STYLE_FILL_AREA(#12559);
#12559 = FILL_AREA_STYLE('',(#12560));
#12560 = FILL_AREA_STYLE_COLOUR('',#12185);
#12561 = STYLED_ITEM('color',(#12562),#5657);
#12562 = PRESENTATION_STYLE_ASSIGNMENT((#12563));
#12563 = SURFACE_STYLE_USAGE(.BOTH.,#12564);
#12564 = SURFACE_SIDE_STYLE('',(#12565));
#12565 = SURFACE_STYLE_FILL_AREA(#12566);
#12566 = FILL_AREA_STYLE('',(#12567));
#12567 = FILL_AREA_STYLE_COLOUR('',#12185);
#12568 = STYLED_ITEM('color',(#12569),#5681);
#12569 = PRESENTATION_STYLE_ASSIGNMENT((#12570));
#12570 = SURFACE_STYLE_USAGE(.BOTH.,#12571);
#12571 = SURFACE_SIDE_STYLE('',(#12572));
#12572 = SURFACE_STYLE_FILL_AREA(#12573);
#12573 = FILL_AREA_STYLE('',(#12574));
#12574 = FILL_AREA_STYLE_COLOUR('',#12185);
#12575 = STYLED_ITEM('color',(#12576),#5714);
#12576 = PRESENTATION_STYLE_ASSIGNMENT((#12577));
#12577 = SURFACE_STYLE_USAGE(.BOTH.,#12578);
#12578 = SURFACE_SIDE_STYLE('',(#12579));
#12579 = SURFACE_STYLE_FILL_AREA(#12580);
#12580 = FILL_AREA_STYLE('',(#12581));
#12581 = FILL_AREA_STYLE_COLOUR('',#12185);
#12582 = STYLED_ITEM('color',(#12583),#5754);
#12583 = PRESENTATION_STYLE_ASSIGNMENT((#12584));
#12584 = SURFACE_STYLE_USAGE(.BOTH.,#12585);
#12585 = SURFACE_SIDE_STYLE('',(#12586));
#12586 = SURFACE_STYLE_FILL_AREA(#12587);
#12587 = FILL_AREA_STYLE('',(#12588));
#12588 = FILL_AREA_STYLE_COLOUR('',#12185);
#12589 = STYLED_ITEM('color',(#12590),#5778);
#12590 = PRESENTATION_STYLE_ASSIGNMENT((#12591));
#12591 = SURFACE_STYLE_USAGE(.BOTH.,#12592);
#12592 = SURFACE_SIDE_STYLE('',(#12593));
#12593 = SURFACE_STYLE_FILL_AREA(#12594);
#12594 = FILL_AREA_STYLE('',(#12595));
#12595 = FILL_AREA_STYLE_COLOUR('',#12185);
#12596 = STYLED_ITEM('color',(#12597),#5811);
#12597 = PRESENTATION_STYLE_ASSIGNMENT((#12598));
#12598 = SURFACE_STYLE_USAGE(.BOTH.,#12599);
#12599 = SURFACE_SIDE_STYLE('',(#12600));
#12600 = SURFACE_STYLE_FILL_AREA(#12601);
#12601 = FILL_AREA_STYLE('',(#12602));
#12602 = FILL_AREA_STYLE_COLOUR('',#12392);
#12603 = STYLED_ITEM('color',(#12604),#5927);
#12604 = PRESENTATION_STYLE_ASSIGNMENT((#12605));
#12605 = SURFACE_STYLE_USAGE(.BOTH.,#12606);
#12606 = SURFACE_SIDE_STYLE('',(#12607));
#12607 = SURFACE_STYLE_FILL_AREA(#12608);
#12608 = FILL_AREA_STYLE('',(#12609));
#12609 = FILL_AREA_STYLE_COLOUR('',#12185);
#12610 = STYLED_ITEM('color',(#12611),#5967);
#12611 = PRESENTATION_STYLE_ASSIGNMENT((#12612));
#12612 = SURFACE_STYLE_USAGE(.BOTH.,#12613);
#12613 = SURFACE_SIDE_STYLE('',(#12614));
#12614 = SURFACE_STYLE_FILL_AREA(#12615);
#12615 = FILL_AREA_STYLE('',(#12616));
#12616 = FILL_AREA_STYLE_COLOUR('',#12185);
#12617 = STYLED_ITEM('color',(#12618),#5991);
#12618 = PRESENTATION_STYLE_ASSIGNMENT((#12619));
#12619 = SURFACE_STYLE_USAGE(.BOTH.,#12620);
#12620 = SURFACE_SIDE_STYLE('',(#12621));
#12621 = SURFACE_STYLE_FILL_AREA(#12622);
#12622 = FILL_AREA_STYLE('',(#12623));
#12623 = FILL_AREA_STYLE_COLOUR('',#12185);
#12624 = STYLED_ITEM('color',(#12625),#6024);
#12625 = PRESENTATION_STYLE_ASSIGNMENT((#12626));
#12626 = SURFACE_STYLE_USAGE(.BOTH.,#12627);
#12627 = SURFACE_SIDE_STYLE('',(#12628));
#12628 = SURFACE_STYLE_FILL_AREA(#12629);
#12629 = FILL_AREA_STYLE('',(#12630));
#12630 = FILL_AREA_STYLE_COLOUR('',#12185);
#12631 = STYLED_ITEM('color',(#12632),#6064);
#12632 = PRESENTATION_STYLE_ASSIGNMENT((#12633));
#12633 = SURFACE_STYLE_USAGE(.BOTH.,#12634);
#12634 = SURFACE_SIDE_STYLE('',(#12635));
#12635 = SURFACE_STYLE_FILL_AREA(#12636);
#12636 = FILL_AREA_STYLE('',(#12637));
#12637 = FILL_AREA_STYLE_COLOUR('',#12185);
#12638 = STYLED_ITEM('color',(#12639),#6088);
#12639 = PRESENTATION_STYLE_ASSIGNMENT((#12640));
#12640 = SURFACE_STYLE_USAGE(.BOTH.,#12641);
#12641 = SURFACE_SIDE_STYLE('',(#12642));
#12642 = SURFACE_STYLE_FILL_AREA(#12643);
#12643 = FILL_AREA_STYLE('',(#12644));
#12644 = FILL_AREA_STYLE_COLOUR('',#12185);
#12645 = STYLED_ITEM('color',(#12646),#6121);
#12646 = PRESENTATION_STYLE_ASSIGNMENT((#12647));
#12647 = SURFACE_STYLE_USAGE(.BOTH.,#12648);
#12648 = SURFACE_SIDE_STYLE('',(#12649));
#12649 = SURFACE_STYLE_FILL_AREA(#12650);
#12650 = FILL_AREA_STYLE('',(#12651));
#12651 = FILL_AREA_STYLE_COLOUR('',#12185);
#12652 = STYLED_ITEM('color',(#12653),#6161);
#12653 = PRESENTATION_STYLE_ASSIGNMENT((#12654));
#12654 = SURFACE_STYLE_USAGE(.BOTH.,#12655);
#12655 = SURFACE_SIDE_STYLE('',(#12656));
#12656 = SURFACE_STYLE_FILL_AREA(#12657);
#12657 = FILL_AREA_STYLE('',(#12658));
#12658 = FILL_AREA_STYLE_COLOUR('',#12185);
#12659 = STYLED_ITEM('color',(#12660),#6185);
#12660 = PRESENTATION_STYLE_ASSIGNMENT((#12661));
#12661 = SURFACE_STYLE_USAGE(.BOTH.,#12662);
#12662 = SURFACE_SIDE_STYLE('',(#12663));
#12663 = SURFACE_STYLE_FILL_AREA(#12664);
#12664 = FILL_AREA_STYLE('',(#12665));
#12665 = FILL_AREA_STYLE_COLOUR('',#12185);
#12666 = STYLED_ITEM('color',(#12667),#6218);
#12667 = PRESENTATION_STYLE_ASSIGNMENT((#12668));
#12668 = SURFACE_STYLE_USAGE(.BOTH.,#12669);
#12669 = SURFACE_SIDE_STYLE('',(#12670));
#12670 = SURFACE_STYLE_FILL_AREA(#12671);
#12671 = FILL_AREA_STYLE('',(#12672));
#12672 = FILL_AREA_STYLE_COLOUR('',#12185);
#12673 = STYLED_ITEM('color',(#12674),#6258);
#12674 = PRESENTATION_STYLE_ASSIGNMENT((#12675));
#12675 = SURFACE_STYLE_USAGE(.BOTH.,#12676);
#12676 = SURFACE_SIDE_STYLE('',(#12677));
#12677 = SURFACE_STYLE_FILL_AREA(#12678);
#12678 = FILL_AREA_STYLE('',(#12679));
#12679 = FILL_AREA_STYLE_COLOUR('',#12185);
#12680 = STYLED_ITEM('color',(#12681),#6282);
#12681 = PRESENTATION_STYLE_ASSIGNMENT((#12682));
#12682 = SURFACE_STYLE_USAGE(.BOTH.,#12683);
#12683 = SURFACE_SIDE_STYLE('',(#12684));
#12684 = SURFACE_STYLE_FILL_AREA(#12685);
#12685 = FILL_AREA_STYLE('',(#12686));
#12686 = FILL_AREA_STYLE_COLOUR('',#12185);
#12687 = STYLED_ITEM('color',(#12688),#6315);
#12688 = PRESENTATION_STYLE_ASSIGNMENT((#12689));
#12689 = SURFACE_STYLE_USAGE(.BOTH.,#12690);
#12690 = SURFACE_SIDE_STYLE('',(#12691));
#12691 = SURFACE_STYLE_FILL_AREA(#12692);
#12692 = FILL_AREA_STYLE('',(#12693));
#12693 = FILL_AREA_STYLE_COLOUR('',#12392);
#12694 = STYLED_ITEM('color',(#12695),#6424);
#12695 = PRESENTATION_STYLE_ASSIGNMENT((#12696));
#12696 = SURFACE_STYLE_USAGE(.BOTH.,#12697);
#12697 = SURFACE_SIDE_STYLE('',(#12698));
#12698 = SURFACE_STYLE_FILL_AREA(#12699);
#12699 = FILL_AREA_STYLE('',(#12700));
#12700 = FILL_AREA_STYLE_COLOUR('',#12185);
#12701 = STYLED_ITEM('color',(#12702),#6464);
#12702 = PRESENTATION_STYLE_ASSIGNMENT((#12703));
#12703 = SURFACE_STYLE_USAGE(.BOTH.,#12704);
#12704 = SURFACE_SIDE_STYLE('',(#12705));
#12705 = SURFACE_STYLE_FILL_AREA(#12706);
#12706 = FILL_AREA_STYLE('',(#12707));
#12707 = FILL_AREA_STYLE_COLOUR('',#12185);
#12708 = STYLED_ITEM('color',(#12709),#6488);
#12709 = PRESENTATION_STYLE_ASSIGNMENT((#12710));
#12710 = SURFACE_STYLE_USAGE(.BOTH.,#12711);
#12711 = SURFACE_SIDE_STYLE('',(#12712));
#12712 = SURFACE_STYLE_FILL_AREA(#12713);
#12713 = FILL_AREA_STYLE('',(#12714));
#12714 = FILL_AREA_STYLE_COLOUR('',#12185);
#12715 = STYLED_ITEM('color',(#12716),#6521);
#12716 = PRESENTATION_STYLE_ASSIGNMENT((#12717));
#12717 = SURFACE_STYLE_USAGE(.BOTH.,#12718);
#12718 = SURFACE_SIDE_STYLE('',(#12719));
#12719 = SURFACE_STYLE_FILL_AREA(#12720);
#12720 = FILL_AREA_STYLE('',(#12721));
#12721 = FILL_AREA_STYLE_COLOUR('',#12185);
#12722 = STYLED_ITEM('color',(#12723),#6561);
#12723 = PRESENTATION_STYLE_ASSIGNMENT((#12724));
#12724 = SURFACE_STYLE_USAGE(.BOTH.,#12725);
#12725 = SURFACE_SIDE_STYLE('',(#12726));
#12726 = SURFACE_STYLE_FILL_AREA(#12727);
#12727 = FILL_AREA_STYLE('',(#12728));
#12728 = FILL_AREA_STYLE_COLOUR('',#12185);
#12729 = STYLED_ITEM('color',(#12730),#6585);
#12730 = PRESENTATION_STYLE_ASSIGNMENT((#12731));
#12731 = SURFACE_STYLE_USAGE(.BOTH.,#12732);
#12732 = SURFACE_SIDE_STYLE('',(#12733));
#12733 = SURFACE_STYLE_FILL_AREA(#12734);
#12734 = FILL_AREA_STYLE('',(#12735));
#12735 = FILL_AREA_STYLE_COLOUR('',#12185);
#12736 = STYLED_ITEM('color',(#12737),#6618);
#12737 = PRESENTATION_STYLE_ASSIGNMENT((#12738));
#12738 = SURFACE_STYLE_USAGE(.BOTH.,#12739);
#12739 = SURFACE_SIDE_STYLE('',(#12740));
#12740 = SURFACE_STYLE_FILL_AREA(#12741);
#12741 = FILL_AREA_STYLE('',(#12742));
#12742 = FILL_AREA_STYLE_COLOUR('',#12185);
#12743 = STYLED_ITEM('color',(#12744),#6658);
#12744 = PRESENTATION_STYLE_ASSIGNMENT((#12745));
#12745 = SURFACE_STYLE_USAGE(.BOTH.,#12746);
#12746 = SURFACE_SIDE_STYLE('',(#12747));
#12747 = SURFACE_STYLE_FILL_AREA(#12748);
#12748 = FILL_AREA_STYLE('',(#12749));
#12749 = FILL_AREA_STYLE_COLOUR('',#12185);
#12750 = STYLED_ITEM('color',(#12751),#6682);
#12751 = PRESENTATION_STYLE_ASSIGNMENT((#12752));
#12752 = SURFACE_STYLE_USAGE(.BOTH.,#12753);
#12753 = SURFACE_SIDE_STYLE('',(#12754));
#12754 = SURFACE_STYLE_FILL_AREA(#12755);
#12755 = FILL_AREA_STYLE('',(#12756));
#12756 = FILL_AREA_STYLE_COLOUR('',#12185);
#12757 = STYLED_ITEM('color',(#12758),#6715);
#12758 = PRESENTATION_STYLE_ASSIGNMENT((#12759));
#12759 = SURFACE_STYLE_USAGE(.BOTH.,#12760);
#12760 = SURFACE_SIDE_STYLE('',(#12761));
#12761 = SURFACE_STYLE_FILL_AREA(#12762);
#12762 = FILL_AREA_STYLE('',(#12763));
#12763 = FILL_AREA_STYLE_COLOUR('',#12185);
#12764 = STYLED_ITEM('color',(#12765),#6755);
#12765 = PRESENTATION_STYLE_ASSIGNMENT((#12766));
#12766 = SURFACE_STYLE_USAGE(.BOTH.,#12767);
#12767 = SURFACE_SIDE_STYLE('',(#12768));
#12768 = SURFACE_STYLE_FILL_AREA(#12769);
#12769 = FILL_AREA_STYLE('',(#12770));
#12770 = FILL_AREA_STYLE_COLOUR('',#12185);
#12771 = STYLED_ITEM('color',(#12772),#6779);
#12772 = PRESENTATION_STYLE_ASSIGNMENT((#12773));
#12773 = SURFACE_STYLE_USAGE(.BOTH.,#12774);
#12774 = SURFACE_SIDE_STYLE('',(#12775));
#12775 = SURFACE_STYLE_FILL_AREA(#12776);
#12776 = FILL_AREA_STYLE('',(#12777));
#12777 = FILL_AREA_STYLE_COLOUR('',#12185);
#12778 = STYLED_ITEM('color',(#12779),#6812);
#12779 = PRESENTATION_STYLE_ASSIGNMENT((#12780));
#12780 = SURFACE_STYLE_USAGE(.BOTH.,#12781);
#12781 = SURFACE_SIDE_STYLE('',(#12782));
#12782 = SURFACE_STYLE_FILL_AREA(#12783);
#12783 = FILL_AREA_STYLE('',(#12784));
#12784 = FILL_AREA_STYLE_COLOUR('',#12392);
#12785 = STYLED_ITEM('color',(#12786),#6835);
#12786 = PRESENTATION_STYLE_ASSIGNMENT((#12787));
#12787 = SURFACE_STYLE_USAGE(.BOTH.,#12788);
#12788 = SURFACE_SIDE_STYLE('',(#12789));
#12789 = SURFACE_STYLE_FILL_AREA(#12790);
#12790 = FILL_AREA_STYLE('',(#12791));
#12791 = FILL_AREA_STYLE_COLOUR('',#12185);
#12792 = STYLED_ITEM('color',(#12793),#6852);
#12793 = PRESENTATION_STYLE_ASSIGNMENT((#12794));
#12794 = SURFACE_STYLE_USAGE(.BOTH.,#12795);
#12795 = SURFACE_SIDE_STYLE('',(#12796));
#12796 = SURFACE_STYLE_FILL_AREA(#12797);
#12797 = FILL_AREA_STYLE('',(#12798));
#12798 = FILL_AREA_STYLE_COLOUR('',#12185);
#12799 = STYLED_ITEM('color',(#12800),#6869);
#12800 = PRESENTATION_STYLE_ASSIGNMENT((#12801));
#12801 = SURFACE_STYLE_USAGE(.BOTH.,#12802);
#12802 = SURFACE_SIDE_STYLE('',(#12803));
#12803 = SURFACE_STYLE_FILL_AREA(#12804);
#12804 = FILL_AREA_STYLE('',(#12805));
#12805 = FILL_AREA_STYLE_COLOUR('',#12185);
#12806 = STYLED_ITEM('color',(#12807),#6886);
#12807 = PRESENTATION_STYLE_ASSIGNMENT((#12808));
#12808 = SURFACE_STYLE_USAGE(.BOTH.,#12809);
#12809 = SURFACE_SIDE_STYLE('',(#12810));
#12810 = SURFACE_STYLE_FILL_AREA(#12811);
#12811 = FILL_AREA_STYLE('',(#12812));
#12812 = FILL_AREA_STYLE_COLOUR('',#12185);
#12813 = STYLED_ITEM('color',(#12814),#6903);
#12814 = PRESENTATION_STYLE_ASSIGNMENT((#12815));
#12815 = SURFACE_STYLE_USAGE(.BOTH.,#12816);
#12816 = SURFACE_SIDE_STYLE('',(#12817));
#12817 = SURFACE_STYLE_FILL_AREA(#12818);
#12818 = FILL_AREA_STYLE('',(#12819));
#12819 = FILL_AREA_STYLE_COLOUR('',#12185);
#12820 = STYLED_ITEM('color',(#12821),#6920);
#12821 = PRESENTATION_STYLE_ASSIGNMENT((#12822));
#12822 = SURFACE_STYLE_USAGE(.BOTH.,#12823);
#12823 = SURFACE_SIDE_STYLE('',(#12824));
#12824 = SURFACE_STYLE_FILL_AREA(#12825);
#12825 = FILL_AREA_STYLE('',(#12826));
#12826 = FILL_AREA_STYLE_COLOUR('',#12185);
#12827 = STYLED_ITEM('color',(#12828),#6932);
#12828 = PRESENTATION_STYLE_ASSIGNMENT((#12829));
#12829 = SURFACE_STYLE_USAGE(.BOTH.,#12830);
#12830 = SURFACE_SIDE_STYLE('',(#12831));
#12831 = SURFACE_STYLE_FILL_AREA(#12832);
#12832 = FILL_AREA_STYLE('',(#12833));
#12833 = FILL_AREA_STYLE_COLOUR('',#12185);
#12834 = STYLED_ITEM('color',(#12835),#6949);
#12835 = PRESENTATION_STYLE_ASSIGNMENT((#12836));
#12836 = SURFACE_STYLE_USAGE(.BOTH.,#12837);
#12837 = SURFACE_SIDE_STYLE('',(#12838));
#12838 = SURFACE_STYLE_FILL_AREA(#12839);
#12839 = FILL_AREA_STYLE('',(#12840));
#12840 = FILL_AREA_STYLE_COLOUR('',#12185);
#12841 = STYLED_ITEM('color',(#12842),#6961);
#12842 = PRESENTATION_STYLE_ASSIGNMENT((#12843));
#12843 = SURFACE_STYLE_USAGE(.BOTH.,#12844);
#12844 = SURFACE_SIDE_STYLE('',(#12845));
#12845 = SURFACE_STYLE_FILL_AREA(#12846);
#12846 = FILL_AREA_STYLE('',(#12847));
#12847 = FILL_AREA_STYLE_COLOUR('',#12185);
#12848 = STYLED_ITEM('color',(#12849),#6978);
#12849 = PRESENTATION_STYLE_ASSIGNMENT((#12850));
#12850 = SURFACE_STYLE_USAGE(.BOTH.,#12851);
#12851 = SURFACE_SIDE_STYLE('',(#12852));
#12852 = SURFACE_STYLE_FILL_AREA(#12853);
#12853 = FILL_AREA_STYLE('',(#12854));
#12854 = FILL_AREA_STYLE_COLOUR('',#12185);
#12855 = STYLED_ITEM('color',(#12856),#6990);
#12856 = PRESENTATION_STYLE_ASSIGNMENT((#12857));
#12857 = SURFACE_STYLE_USAGE(.BOTH.,#12858);
#12858 = SURFACE_SIDE_STYLE('',(#12859));
#12859 = SURFACE_STYLE_FILL_AREA(#12860);
#12860 = FILL_AREA_STYLE('',(#12861));
#12861 = FILL_AREA_STYLE_COLOUR('',#12185);
#12862 = STYLED_ITEM('color',(#12863),#7007);
#12863 = PRESENTATION_STYLE_ASSIGNMENT((#12864));
#12864 = SURFACE_STYLE_USAGE(.BOTH.,#12865);
#12865 = SURFACE_SIDE_STYLE('',(#12866));
#12866 = SURFACE_STYLE_FILL_AREA(#12867);
#12867 = FILL_AREA_STYLE('',(#12868));
#12868 = FILL_AREA_STYLE_COLOUR('',#12185);
#12869 = STYLED_ITEM('color',(#12870),#7019);
#12870 = PRESENTATION_STYLE_ASSIGNMENT((#12871));
#12871 = SURFACE_STYLE_USAGE(.BOTH.,#12872);
#12872 = SURFACE_SIDE_STYLE('',(#12873));
#12873 = SURFACE_STYLE_FILL_AREA(#12874);
#12874 = FILL_AREA_STYLE('',(#12875));
#12875 = FILL_AREA_STYLE_COLOUR('',#12185);
#12876 = STYLED_ITEM('color',(#12877),#7036);
#12877 = PRESENTATION_STYLE_ASSIGNMENT((#12878));
#12878 = SURFACE_STYLE_USAGE(.BOTH.,#12879);
#12879 = SURFACE_SIDE_STYLE('',(#12880));
#12880 = SURFACE_STYLE_FILL_AREA(#12881);
#12881 = FILL_AREA_STYLE('',(#12882));
#12882 = FILL_AREA_STYLE_COLOUR('',#12185);
#12883 = STYLED_ITEM('color',(#12884),#7053);
#12884 = PRESENTATION_STYLE_ASSIGNMENT((#12885));
#12885 = SURFACE_STYLE_USAGE(.BOTH.,#12886);
#12886 = SURFACE_SIDE_STYLE('',(#12887));
#12887 = SURFACE_STYLE_FILL_AREA(#12888);
#12888 = FILL_AREA_STYLE('',(#12889));
#12889 = FILL_AREA_STYLE_COLOUR('',#12185);
#12890 = STYLED_ITEM('color',(#12891),#7070);
#12891 = PRESENTATION_STYLE_ASSIGNMENT((#12892));
#12892 = SURFACE_STYLE_USAGE(.BOTH.,#12893);
#12893 = SURFACE_SIDE_STYLE('',(#12894));
#12894 = SURFACE_STYLE_FILL_AREA(#12895);
#12895 = FILL_AREA_STYLE('',(#12896));
#12896 = FILL_AREA_STYLE_COLOUR('',#12185);
#12897 = STYLED_ITEM('color',(#12898),#7087);
#12898 = PRESENTATION_STYLE_ASSIGNMENT((#12899));
#12899 = SURFACE_STYLE_USAGE(.BOTH.,#12900);
#12900 = SURFACE_SIDE_STYLE('',(#12901));
#12901 = SURFACE_STYLE_FILL_AREA(#12902);
#12902 = FILL_AREA_STYLE('',(#12903));
#12903 = FILL_AREA_STYLE_COLOUR('',#12185);
#12904 = STYLED_ITEM('color',(#12905),#7104);
#12905 = PRESENTATION_STYLE_ASSIGNMENT((#12906));
#12906 = SURFACE_STYLE_USAGE(.BOTH.,#12907);
#12907 = SURFACE_SIDE_STYLE('',(#12908));
#12908 = SURFACE_STYLE_FILL_AREA(#12909);
#12909 = FILL_AREA_STYLE('',(#12910));
#12910 = FILL_AREA_STYLE_COLOUR('',#12185);
#12911 = STYLED_ITEM('color',(#12912),#7116);
#12912 = PRESENTATION_STYLE_ASSIGNMENT((#12913));
#12913 = SURFACE_STYLE_USAGE(.BOTH.,#12914);
#12914 = SURFACE_SIDE_STYLE('',(#12915));
#12915 = SURFACE_STYLE_FILL_AREA(#12916);
#12916 = FILL_AREA_STYLE('',(#12917));
#12917 = FILL_AREA_STYLE_COLOUR('',#12185);
#12918 = STYLED_ITEM('color',(#12919),#7133);
#12919 = PRESENTATION_STYLE_ASSIGNMENT((#12920));
#12920 = SURFACE_STYLE_USAGE(.BOTH.,#12921);
#12921 = SURFACE_SIDE_STYLE('',(#12922));
#12922 = SURFACE_STYLE_FILL_AREA(#12923);
#12923 = FILL_AREA_STYLE('',(#12924));
#12924 = FILL_AREA_STYLE_COLOUR('',#12185);
#12925 = STYLED_ITEM('color',(#12926),#7145);
#12926 = PRESENTATION_STYLE_ASSIGNMENT((#12927));
#12927 = SURFACE_STYLE_USAGE(.BOTH.,#12928);
#12928 = SURFACE_SIDE_STYLE('',(#12929));
#12929 = SURFACE_STYLE_FILL_AREA(#12930);
#12930 = FILL_AREA_STYLE('',(#12931));
#12931 = FILL_AREA_STYLE_COLOUR('',#12185);
#12932 = STYLED_ITEM('color',(#12933),#7162);
#12933 = PRESENTATION_STYLE_ASSIGNMENT((#12934));
#12934 = SURFACE_STYLE_USAGE(.BOTH.,#12935);
#12935 = SURFACE_SIDE_STYLE('',(#12936));
#12936 = SURFACE_STYLE_FILL_AREA(#12937);
#12937 = FILL_AREA_STYLE('',(#12938));
#12938 = FILL_AREA_STYLE_COLOUR('',#12185);
#12939 = STYLED_ITEM('color',(#12940),#7174);
#12940 = PRESENTATION_STYLE_ASSIGNMENT((#12941));
#12941 = SURFACE_STYLE_USAGE(.BOTH.,#12942);
#12942 = SURFACE_SIDE_STYLE('',(#12943));
#12943 = SURFACE_STYLE_FILL_AREA(#12944);
#12944 = FILL_AREA_STYLE('',(#12945));
#12945 = FILL_AREA_STYLE_COLOUR('',#12185);
#12946 = STYLED_ITEM('color',(#12947),#7191);
#12947 = PRESENTATION_STYLE_ASSIGNMENT((#12948));
#12948 = SURFACE_STYLE_USAGE(.BOTH.,#12949);
#12949 = SURFACE_SIDE_STYLE('',(#12950));
#12950 = SURFACE_STYLE_FILL_AREA(#12951);
#12951 = FILL_AREA_STYLE('',(#12952));
#12952 = FILL_AREA_STYLE_COLOUR('',#12185);
#12953 = STYLED_ITEM('color',(#12954),#7203);
#12954 = PRESENTATION_STYLE_ASSIGNMENT((#12955));
#12955 = SURFACE_STYLE_USAGE(.BOTH.,#12956);
#12956 = SURFACE_SIDE_STYLE('',(#12957));
#12957 = SURFACE_STYLE_FILL_AREA(#12958);
#12958 = FILL_AREA_STYLE('',(#12959));
#12959 = FILL_AREA_STYLE_COLOUR('',#12185);
#12960 = STYLED_ITEM('color',(#12961),#7220);
#12961 = PRESENTATION_STYLE_ASSIGNMENT((#12962));
#12962 = SURFACE_STYLE_USAGE(.BOTH.,#12963);
#12963 = SURFACE_SIDE_STYLE('',(#12964));
#12964 = SURFACE_STYLE_FILL_AREA(#12965);
#12965 = FILL_AREA_STYLE('',(#12966));
#12966 = FILL_AREA_STYLE_COLOUR('',#12185);
#12967 = STYLED_ITEM('color',(#12968),#7237);
#12968 = PRESENTATION_STYLE_ASSIGNMENT((#12969));
#12969 = SURFACE_STYLE_USAGE(.BOTH.,#12970);
#12970 = SURFACE_SIDE_STYLE('',(#12971));
#12971 = SURFACE_STYLE_FILL_AREA(#12972);
#12972 = FILL_AREA_STYLE('',(#12973));
#12973 = FILL_AREA_STYLE_COLOUR('',#12185);
#12974 = STYLED_ITEM('color',(#12975),#7254);
#12975 = PRESENTATION_STYLE_ASSIGNMENT((#12976));
#12976 = SURFACE_STYLE_USAGE(.BOTH.,#12977);
#12977 = SURFACE_SIDE_STYLE('',(#12978));
#12978 = SURFACE_STYLE_FILL_AREA(#12979);
#12979 = FILL_AREA_STYLE('',(#12980));
#12980 = FILL_AREA_STYLE_COLOUR('',#12185);
#12981 = STYLED_ITEM('color',(#12982),#7271);
#12982 = PRESENTATION_STYLE_ASSIGNMENT((#12983));
#12983 = SURFACE_STYLE_USAGE(.BOTH.,#12984);
#12984 = SURFACE_SIDE_STYLE('',(#12985));
#12985 = SURFACE_STYLE_FILL_AREA(#12986);
#12986 = FILL_AREA_STYLE('',(#12987));
#12987 = FILL_AREA_STYLE_COLOUR('',#12185);
#12988 = STYLED_ITEM('color',(#12989),#7288);
#12989 = PRESENTATION_STYLE_ASSIGNMENT((#12990));
#12990 = SURFACE_STYLE_USAGE(.BOTH.,#12991);
#12991 = SURFACE_SIDE_STYLE('',(#12992));
#12992 = SURFACE_STYLE_FILL_AREA(#12993);
#12993 = FILL_AREA_STYLE('',(#12994));
#12994 = FILL_AREA_STYLE_COLOUR('',#12185);
#12995 = STYLED_ITEM('color',(#12996),#7300);
#12996 = PRESENTATION_STYLE_ASSIGNMENT((#12997));
#12997 = SURFACE_STYLE_USAGE(.BOTH.,#12998);
#12998 = SURFACE_SIDE_STYLE('',(#12999));
#12999 = SURFACE_STYLE_FILL_AREA(#13000);
#13000 = FILL_AREA_STYLE('',(#13001));
#13001 = FILL_AREA_STYLE_COLOUR('',#12185);
#13002 = STYLED_ITEM('color',(#13003),#7317);
#13003 = PRESENTATION_STYLE_ASSIGNMENT((#13004));
#13004 = SURFACE_STYLE_USAGE(.BOTH.,#13005);
#13005 = SURFACE_SIDE_STYLE('',(#13006));
#13006 = SURFACE_STYLE_FILL_AREA(#13007);
#13007 = FILL_AREA_STYLE('',(#13008));
#13008 = FILL_AREA_STYLE_COLOUR('',#12185);
#13009 = STYLED_ITEM('color',(#13010),#7329);
#13010 = PRESENTATION_STYLE_ASSIGNMENT((#13011));
#13011 = SURFACE_STYLE_USAGE(.BOTH.,#13012);
#13012 = SURFACE_SIDE_STYLE('',(#13013));
#13013 = SURFACE_STYLE_FILL_AREA(#13014);
#13014 = FILL_AREA_STYLE('',(#13015));
#13015 = FILL_AREA_STYLE_COLOUR('',#12185);
#13016 = STYLED_ITEM('color',(#13017),#7346);
#13017 = PRESENTATION_STYLE_ASSIGNMENT((#13018));
#13018 = SURFACE_STYLE_USAGE(.BOTH.,#13019);
#13019 = SURFACE_SIDE_STYLE('',(#13020));
#13020 = SURFACE_STYLE_FILL_AREA(#13021);
#13021 = FILL_AREA_STYLE('',(#13022));
#13022 = FILL_AREA_STYLE_COLOUR('',#12185);
#13023 = STYLED_ITEM('color',(#13024),#7358);
#13024 = PRESENTATION_STYLE_ASSIGNMENT((#13025));
#13025 = SURFACE_STYLE_USAGE(.BOTH.,#13026);
#13026 = SURFACE_SIDE_STYLE('',(#13027));
#13027 = SURFACE_STYLE_FILL_AREA(#13028);
#13028 = FILL_AREA_STYLE('',(#13029));
#13029 = FILL_AREA_STYLE_COLOUR('',#12185);
#13030 = STYLED_ITEM('color',(#13031),#7375);
#13031 = PRESENTATION_STYLE_ASSIGNMENT((#13032));
#13032 = SURFACE_STYLE_USAGE(.BOTH.,#13033);
#13033 = SURFACE_SIDE_STYLE('',(#13034));
#13034 = SURFACE_STYLE_FILL_AREA(#13035);
#13035 = FILL_AREA_STYLE('',(#13036));
#13036 = FILL_AREA_STYLE_COLOUR('',#12185);
#13037 = STYLED_ITEM('color',(#13038),#7387);
#13038 = PRESENTATION_STYLE_ASSIGNMENT((#13039));
#13039 = SURFACE_STYLE_USAGE(.BOTH.,#13040);
#13040 = SURFACE_SIDE_STYLE('',(#13041));
#13041 = SURFACE_STYLE_FILL_AREA(#13042);
#13042 = FILL_AREA_STYLE('',(#13043));
#13043 = FILL_AREA_STYLE_COLOUR('',#12185);
#13044 = STYLED_ITEM('color',(#13045),#7404);
#13045 = PRESENTATION_STYLE_ASSIGNMENT((#13046));
#13046 = SURFACE_STYLE_USAGE(.BOTH.,#13047);
#13047 = SURFACE_SIDE_STYLE('',(#13048));
#13048 = SURFACE_STYLE_FILL_AREA(#13049);
#13049 = FILL_AREA_STYLE('',(#13050));
#13050 = FILL_AREA_STYLE_COLOUR('',#12185);
#13051 = STYLED_ITEM('color',(#13052),#7421);
#13052 = PRESENTATION_STYLE_ASSIGNMENT((#13053));
#13053 = SURFACE_STYLE_USAGE(.BOTH.,#13054);
#13054 = SURFACE_SIDE_STYLE('',(#13055));
#13055 = SURFACE_STYLE_FILL_AREA(#13056);
#13056 = FILL_AREA_STYLE('',(#13057));
#13057 = FILL_AREA_STYLE_COLOUR('',#12185);
#13058 = STYLED_ITEM('color',(#13059),#7438);
#13059 = PRESENTATION_STYLE_ASSIGNMENT((#13060));
#13060 = SURFACE_STYLE_USAGE(.BOTH.,#13061);
#13061 = SURFACE_SIDE_STYLE('',(#13062));
#13062 = SURFACE_STYLE_FILL_AREA(#13063);
#13063 = FILL_AREA_STYLE('',(#13064));
#13064 = FILL_AREA_STYLE_COLOUR('',#12185);
#13065 = STYLED_ITEM('color',(#13066),#7455);
#13066 = PRESENTATION_STYLE_ASSIGNMENT((#13067));
#13067 = SURFACE_STYLE_USAGE(.BOTH.,#13068);
#13068 = SURFACE_SIDE_STYLE('',(#13069));
#13069 = SURFACE_STYLE_FILL_AREA(#13070);
#13070 = FILL_AREA_STYLE('',(#13071));
#13071 = FILL_AREA_STYLE_COLOUR('',#12185);
#13072 = STYLED_ITEM('color',(#13073),#7472);
#13073 = PRESENTATION_STYLE_ASSIGNMENT((#13074));
#13074 = SURFACE_STYLE_USAGE(.BOTH.,#13075);
#13075 = SURFACE_SIDE_STYLE('',(#13076));
#13076 = SURFACE_STYLE_FILL_AREA(#13077);
#13077 = FILL_AREA_STYLE('',(#13078));
#13078 = FILL_AREA_STYLE_COLOUR('',#12185);
#13079 = STYLED_ITEM('color',(#13080),#7484);
#13080 = PRESENTATION_STYLE_ASSIGNMENT((#13081));
#13081 = SURFACE_STYLE_USAGE(.BOTH.,#13082);
#13082 = SURFACE_SIDE_STYLE('',(#13083));
#13083 = SURFACE_STYLE_FILL_AREA(#13084);
#13084 = FILL_AREA_STYLE('',(#13085));
#13085 = FILL_AREA_STYLE_COLOUR('',#12185);
#13086 = STYLED_ITEM('color',(#13087),#7501);
#13087 = PRESENTATION_STYLE_ASSIGNMENT((#13088));
#13088 = SURFACE_STYLE_USAGE(.BOTH.,#13089);
#13089 = SURFACE_SIDE_STYLE('',(#13090));
#13090 = SURFACE_STYLE_FILL_AREA(#13091);
#13091 = FILL_AREA_STYLE('',(#13092));
#13092 = FILL_AREA_STYLE_COLOUR('',#12185);
#13093 = STYLED_ITEM('color',(#13094),#7513);
#13094 = PRESENTATION_STYLE_ASSIGNMENT((#13095));
#13095 = SURFACE_STYLE_USAGE(.BOTH.,#13096);
#13096 = SURFACE_SIDE_STYLE('',(#13097));
#13097 = SURFACE_STYLE_FILL_AREA(#13098);
#13098 = FILL_AREA_STYLE('',(#13099));
#13099 = FILL_AREA_STYLE_COLOUR('',#12185);
#13100 = STYLED_ITEM('color',(#13101),#7530);
#13101 = PRESENTATION_STYLE_ASSIGNMENT((#13102));
#13102 = SURFACE_STYLE_USAGE(.BOTH.,#13103);
#13103 = SURFACE_SIDE_STYLE('',(#13104));
#13104 = SURFACE_STYLE_FILL_AREA(#13105);
#13105 = FILL_AREA_STYLE('',(#13106));
#13106 = FILL_AREA_STYLE_COLOUR('',#12185);
#13107 = STYLED_ITEM('color',(#13108),#7542);
#13108 = PRESENTATION_STYLE_ASSIGNMENT((#13109));
#13109 = SURFACE_STYLE_USAGE(.BOTH.,#13110);
#13110 = SURFACE_SIDE_STYLE('',(#13111));
#13111 = SURFACE_STYLE_FILL_AREA(#13112);
#13112 = FILL_AREA_STYLE('',(#13113));
#13113 = FILL_AREA_STYLE_COLOUR('',#12185);
#13114 = STYLED_ITEM('color',(#13115),#7559);
#13115 = PRESENTATION_STYLE_ASSIGNMENT((#13116));
#13116 = SURFACE_STYLE_USAGE(.BOTH.,#13117);
#13117 = SURFACE_SIDE_STYLE('',(#13118));
#13118 = SURFACE_STYLE_FILL_AREA(#13119);
#13119 = FILL_AREA_STYLE('',(#13120));
#13120 = FILL_AREA_STYLE_COLOUR('',#12185);
#13121 = STYLED_ITEM('color',(#13122),#7571);
#13122 = PRESENTATION_STYLE_ASSIGNMENT((#13123));
#13123 = SURFACE_STYLE_USAGE(.BOTH.,#13124);
#13124 = SURFACE_SIDE_STYLE('',(#13125));
#13125 = SURFACE_STYLE_FILL_AREA(#13126);
#13126 = FILL_AREA_STYLE('',(#13127));
#13127 = FILL_AREA_STYLE_COLOUR('',#13128);
#13128 = COLOUR_RGB('',0.690999977303,0.663999984767,0.597999987832);
#13129 = STYLED_ITEM('color',(#13130),#7596);
#13130 = PRESENTATION_STYLE_ASSIGNMENT((#13131));
#13131 = SURFACE_STYLE_USAGE(.BOTH.,#13132);
#13132 = SURFACE_SIDE_STYLE('',(#13133));
#13133 = SURFACE_STYLE_FILL_AREA(#13134);
#13134 = FILL_AREA_STYLE('',(#13135));
#13135 = FILL_AREA_STYLE_COLOUR('',#13128);
#13136 = MECHANICAL_DESIGN_GEOMETRIC_PRESENTATION_REPRESENTATION('',(
    #13137,#13144,#13151,#13158,#13165,#13172,#13179,#13186,#13193,
    #13200,#13207,#13215,#13222,#13229,#13236,#13243,#13250,#13257,
    #13264,#13271,#13278,#13285,#13292,#13299,#13306,#13313,#13320,
    #13327),#4020);
#13137 = STYLED_ITEM('color',(#13138),#3168);
#13138 = PRESENTATION_STYLE_ASSIGNMENT((#13139));
#13139 = SURFACE_STYLE_USAGE(.BOTH.,#13140);
#13140 = SURFACE_SIDE_STYLE('',(#13141));
#13141 = SURFACE_STYLE_FILL_AREA(#13142);
#13142 = FILL_AREA_STYLE('',(#13143));
#13143 = FILL_AREA_STYLE_COLOUR('',#12185);
#13144 = STYLED_ITEM('color',(#13145),#3244);
#13145 = PRESENTATION_STYLE_ASSIGNMENT((#13146));
#13146 = SURFACE_STYLE_USAGE(.BOTH.,#13147);
#13147 = SURFACE_SIDE_STYLE('',(#13148));
#13148 = SURFACE_STYLE_FILL_AREA(#13149);
#13149 = FILL_AREA_STYLE('',(#13150));
#13150 = FILL_AREA_STYLE_COLOUR('',#12185);
#13151 = STYLED_ITEM('color',(#13152),#3275);
#13152 = PRESENTATION_STYLE_ASSIGNMENT((#13153));
#13153 = SURFACE_STYLE_USAGE(.BOTH.,#13154);
#13154 = SURFACE_SIDE_STYLE('',(#13155));
#13155 = SURFACE_STYLE_FILL_AREA(#13156);
#13156 = FILL_AREA_STYLE('',(#13157));
#13157 = FILL_AREA_STYLE_COLOUR('',#12185);
#13158 = STYLED_ITEM('color',(#13159),#3300);
#13159 = PRESENTATION_STYLE_ASSIGNMENT((#13160));
#13160 = SURFACE_STYLE_USAGE(.BOTH.,#13161);
#13161 = SURFACE_SIDE_STYLE('',(#13162));
#13162 = SURFACE_STYLE_FILL_AREA(#13163);
#13163 = FILL_AREA_STYLE('',(#13164));
#13164 = FILL_AREA_STYLE_COLOUR('',#12185);
#13165 = STYLED_ITEM('color',(#13166),#3325);
#13166 = PRESENTATION_STYLE_ASSIGNMENT((#13167));
#13167 = SURFACE_STYLE_USAGE(.BOTH.,#13168);
#13168 = SURFACE_SIDE_STYLE('',(#13169));
#13169 = SURFACE_STYLE_FILL_AREA(#13170);
#13170 = FILL_AREA_STYLE('',(#13171));
#13171 = FILL_AREA_STYLE_COLOUR('',#12185);
#13172 = STYLED_ITEM('color',(#13173),#3349);
#13173 = PRESENTATION_STYLE_ASSIGNMENT((#13174));
#13174 = SURFACE_STYLE_USAGE(.BOTH.,#13175);
#13175 = SURFACE_SIDE_STYLE('',(#13176));
#13176 = SURFACE_STYLE_FILL_AREA(#13177);
#13177 = FILL_AREA_STYLE('',(#13178));
#13178 = FILL_AREA_STYLE_COLOUR('',#12185);
#13179 = STYLED_ITEM('color',(#13180),#3373);
#13180 = PRESENTATION_STYLE_ASSIGNMENT((#13181));
#13181 = SURFACE_STYLE_USAGE(.BOTH.,#13182);
#13182 = SURFACE_SIDE_STYLE('',(#13183));
#13183 = SURFACE_STYLE_FILL_AREA(#13184);
#13184 = FILL_AREA_STYLE('',(#13185));
#13185 = FILL_AREA_STYLE_COLOUR('',#12185);
#13186 = STYLED_ITEM('color',(#13187),#3398);
#13187 = PRESENTATION_STYLE_ASSIGNMENT((#13188));
#13188 = SURFACE_STYLE_USAGE(.BOTH.,#13189);
#13189 = SURFACE_SIDE_STYLE('',(#13190));
#13190 = SURFACE_STYLE_FILL_AREA(#13191);
#13191 = FILL_AREA_STYLE('',(#13192));
#13192 = FILL_AREA_STYLE_COLOUR('',#12185);
#13193 = STYLED_ITEM('color',(#13194),#3423);
#13194 = PRESENTATION_STYLE_ASSIGNMENT((#13195));
#13195 = SURFACE_STYLE_USAGE(.BOTH.,#13196);
#13196 = SURFACE_SIDE_STYLE('',(#13197));
#13197 = SURFACE_STYLE_FILL_AREA(#13198);
#13198 = FILL_AREA_STYLE('',(#13199));
#13199 = FILL_AREA_STYLE_COLOUR('',#12185);
#13200 = STYLED_ITEM('color',(#13201),#3440);
#13201 = PRESENTATION_STYLE_ASSIGNMENT((#13202));
#13202 = SURFACE_STYLE_USAGE(.BOTH.,#13203);
#13203 = SURFACE_SIDE_STYLE('',(#13204));
#13204 = SURFACE_STYLE_FILL_AREA(#13205);
#13205 = FILL_AREA_STYLE('',(#13206));
#13206 = FILL_AREA_STYLE_COLOUR('',#12185);
#13207 = STYLED_ITEM('color',(#13208),#3526);
#13208 = PRESENTATION_STYLE_ASSIGNMENT((#13209));
#13209 = SURFACE_STYLE_USAGE(.BOTH.,#13210);
#13210 = SURFACE_SIDE_STYLE('',(#13211));
#13211 = SURFACE_STYLE_FILL_AREA(#13212);
#13212 = FILL_AREA_STYLE('',(#13213));
#13213 = FILL_AREA_STYLE_COLOUR('',#13214);
#13214 = COLOUR_RGB('',0.379000005575,0.270000008848,0.214999999939);
#13215 = STYLED_ITEM('color',(#13216),#3558);
#13216 = PRESENTATION_STYLE_ASSIGNMENT((#13217));
#13217 = SURFACE_STYLE_USAGE(.BOTH.,#13218);
#13218 = SURFACE_SIDE_STYLE('',(#13219));
#13219 = SURFACE_STYLE_FILL_AREA(#13220);
#13220 = FILL_AREA_STYLE('',(#13221));
#13221 = FILL_AREA_STYLE_COLOUR('',#13214);
#13222 = STYLED_ITEM('color',(#13223),#3582);
#13223 = PRESENTATION_STYLE_ASSIGNMENT((#13224));
#13224 = SURFACE_STYLE_USAGE(.BOTH.,#13225);
#13225 = SURFACE_SIDE_STYLE('',(#13226));
#13226 = SURFACE_STYLE_FILL_AREA(#13227);
#13227 = FILL_AREA_STYLE('',(#13228));
#13228 = FILL_AREA_STYLE_COLOUR('',#13214);
#13229 = STYLED_ITEM('color',(#13230),#3607);
#13230 = PRESENTATION_STYLE_ASSIGNMENT((#13231));
#13231 = SURFACE_STYLE_USAGE(.BOTH.,#13232);
#13232 = SURFACE_SIDE_STYLE('',(#13233));
#13233 = SURFACE_STYLE_FILL_AREA(#13234);
#13234 = FILL_AREA_STYLE('',(#13235));
#13235 = FILL_AREA_STYLE_COLOUR('',#13214);
#13236 = STYLED_ITEM('color',(#13237),#3631);
#13237 = PRESENTATION_STYLE_ASSIGNMENT((#13238));
#13238 = SURFACE_STYLE_USAGE(.BOTH.,#13239);
#13239 = SURFACE_SIDE_STYLE('',(#13240));
#13240 = SURFACE_STYLE_FILL_AREA(#13241);
#13241 = FILL_AREA_STYLE('',(#13242));
#13242 = FILL_AREA_STYLE_COLOUR('',#13214);
#13243 = STYLED_ITEM('color',(#13244),#3656);
#13244 = PRESENTATION_STYLE_ASSIGNMENT((#13245));
#13245 = SURFACE_STYLE_USAGE(.BOTH.,#13246);
#13246 = SURFACE_SIDE_STYLE('',(#13247));
#13247 = SURFACE_STYLE_FILL_AREA(#13248);
#13248 = FILL_AREA_STYLE('',(#13249));
#13249 = FILL_AREA_STYLE_COLOUR('',#13214);
#13250 = STYLED_ITEM('color',(#13251),#3680);
#13251 = PRESENTATION_STYLE_ASSIGNMENT((#13252));
#13252 = SURFACE_STYLE_USAGE(.BOTH.,#13253);
#13253 = SURFACE_SIDE_STYLE('',(#13254));
#13254 = SURFACE_STYLE_FILL_AREA(#13255);
#13255 = FILL_AREA_STYLE('',(#13256));
#13256 = FILL_AREA_STYLE_COLOUR('',#13214);
#13257 = STYLED_ITEM('color',(#13258),#3705);
#13258 = PRESENTATION_STYLE_ASSIGNMENT((#13259));
#13259 = SURFACE_STYLE_USAGE(.BOTH.,#13260);
#13260 = SURFACE_SIDE_STYLE('',(#13261));
#13261 = SURFACE_STYLE_FILL_AREA(#13262);
#13262 = FILL_AREA_STYLE('',(#13263));
#13263 = FILL_AREA_STYLE_COLOUR('',#13214);
#13264 = STYLED_ITEM('color',(#13265),#3722);
#13265 = PRESENTATION_STYLE_ASSIGNMENT((#13266));
#13266 = SURFACE_STYLE_USAGE(.BOTH.,#13267);
#13267 = SURFACE_SIDE_STYLE('',(#13268));
#13268 = SURFACE_STYLE_FILL_AREA(#13269);
#13269 = FILL_AREA_STYLE('',(#13270));
#13270 = FILL_AREA_STYLE_COLOUR('',#12185);
#13271 = STYLED_ITEM('color',(#13272),#3808);
#13272 = PRESENTATION_STYLE_ASSIGNMENT((#13273));
#13273 = SURFACE_STYLE_USAGE(.BOTH.,#13274);
#13274 = SURFACE_SIDE_STYLE('',(#13275));
#13275 = SURFACE_STYLE_FILL_AREA(#13276);
#13276 = FILL_AREA_STYLE('',(#13277));
#13277 = FILL_AREA_STYLE_COLOUR('',#12185);
#13278 = STYLED_ITEM('color',(#13279),#3839);
#13279 = PRESENTATION_STYLE_ASSIGNMENT((#13280));
#13280 = SURFACE_STYLE_USAGE(.BOTH.,#13281);
#13281 = SURFACE_SIDE_STYLE('',(#13282));
#13282 = SURFACE_STYLE_FILL_AREA(#13283);
#13283 = FILL_AREA_STYLE('',(#13284));
#13284 = FILL_AREA_STYLE_COLOUR('',#12185);
#13285 = STYLED_ITEM('color',(#13286),#3864);
#13286 = PRESENTATION_STYLE_ASSIGNMENT((#13287));
#13287 = SURFACE_STYLE_USAGE(.BOTH.,#13288);
#13288 = SURFACE_SIDE_STYLE('',(#13289));
#13289 = SURFACE_STYLE_FILL_AREA(#13290);
#13290 = FILL_AREA_STYLE('',(#13291));
#13291 = FILL_AREA_STYLE_COLOUR('',#12185);
#13292 = STYLED_ITEM('color',(#13293),#3889);
#13293 = PRESENTATION_STYLE_ASSIGNMENT((#13294));
#13294 = SURFACE_STYLE_USAGE(.BOTH.,#13295);
#13295 = SURFACE_SIDE_STYLE('',(#13296));
#13296 = SURFACE_STYLE_FILL_AREA(#13297);
#13297 = FILL_AREA_STYLE('',(#13298));
#13298 = FILL_AREA_STYLE_COLOUR('',#12185);
#13299 = STYLED_ITEM('color',(#13300),#3913);
#13300 = PRESENTATION_STYLE_ASSIGNMENT((#13301));
#13301 = SURFACE_STYLE_USAGE(.BOTH.,#13302);
#13302 = SURFACE_SIDE_STYLE('',(#13303));
#13303 = SURFACE_STYLE_FILL_AREA(#13304);
#13304 = FILL_AREA_STYLE('',(#13305));
#13305 = FILL_AREA_STYLE_COLOUR('',#12185);
#13306 = STYLED_ITEM('color',(#13307),#3937);
#13307 = PRESENTATION_STYLE_ASSIGNMENT((#13308));
#13308 = SURFACE_STYLE_USAGE(.BOTH.,#13309);
#13309 = SURFACE_SIDE_STYLE('',(#13310));
#13310 = SURFACE_STYLE_FILL_AREA(#13311);
#13311 = FILL_AREA_STYLE('',(#13312));
#13312 = FILL_AREA_STYLE_COLOUR('',#12185);
#13313 = STYLED_ITEM('color',(#13314),#3962);
#13314 = PRESENTATION_STYLE_ASSIGNMENT((#13315));
#13315 = SURFACE_STYLE_USAGE(.BOTH.,#13316);
#13316 = SURFACE_SIDE_STYLE('',(#13317));
#13317 = SURFACE_STYLE_FILL_AREA(#13318);
#13318 = FILL_AREA_STYLE('',(#13319));
#13319 = FILL_AREA_STYLE_COLOUR('',#12185);
#13320 = STYLED_ITEM('color',(#13321),#3987);
#13321 = PRESENTATION_STYLE_ASSIGNMENT((#13322));
#13322 = SURFACE_STYLE_USAGE(.BOTH.,#13323);
#13323 = SURFACE_SIDE_STYLE('',(#13324));
#13324 = SURFACE_STYLE_FILL_AREA(#13325);
#13325 = FILL_AREA_STYLE('',(#13326));
#13326 = FILL_AREA_STYLE_COLOUR('',#12185);
#13327 = STYLED_ITEM('color',(#13328),#4004);
#13328 = PRESENTATION_STYLE_ASSIGNMENT((#13329));
#13329 = SURFACE_STYLE_USAGE(.BOTH.,#13330);
#13330 = SURFACE_SIDE_STYLE('',(#13331));
#13331 = SURFACE_STYLE_FILL_AREA(#13332);
#13332 = FILL_AREA_STYLE('',(#13333));
#13333 = FILL_AREA_STYLE_COLOUR('',#12185);
#13334 = MECHANICAL_DESIGN_GEOMETRIC_PRESENTATION_REPRESENTATION('',(
    #13335,#13343,#13350,#13357,#13364,#13371,#13378,#13385,#13392,
    #13399,#13406,#13413,#13420,#13427,#13434,#13441,#13449,#13456,
    #13463,#13470,#13477,#13484,#13491,#13498,#13505,#13512,#13519,
    #13526,#13533,#13540,#13547,#13554,#13561,#13568,#13575,#13582,
    #13589,#13596,#13603,#13610,#13617,#13624,#13631,#13638,#13645,
    #13652,#13659,#13666,#13673,#13680,#13687,#13694,#13701,#13708,
    #13715,#13722,#13729,#13736,#13743,#13750,#13757,#13764,#13771,
    #13778,#13785,#13792,#13799,#13806,#13813,#13820,#13827,#13834,
    #13841,#13848,#13855,#13862),#3119);
#13335 = STYLED_ITEM('color',(#13336),#1047);
#13336 = PRESENTATION_STYLE_ASSIGNMENT((#13337));
#13337 = SURFACE_STYLE_USAGE(.BOTH.,#13338);
#13338 = SURFACE_SIDE_STYLE('',(#13339));
#13339 = SURFACE_STYLE_FILL_AREA(#13340);
#13340 = FILL_AREA_STYLE('',(#13341));
#13341 = FILL_AREA_STYLE_COLOUR('',#13342);
#13342 = COLOUR_RGB('',0.145098047169,0.14117647753,0.14117647753);
#13343 = STYLED_ITEM('color',(#13344),#1085);
#13344 = PRESENTATION_STYLE_ASSIGNMENT((#13345));
#13345 = SURFACE_STYLE_USAGE(.BOTH.,#13346);
#13346 = SURFACE_SIDE_STYLE('',(#13347));
#13347 = SURFACE_STYLE_FILL_AREA(#13348);
#13348 = FILL_AREA_STYLE('',(#13349));
#13349 = FILL_AREA_STYLE_COLOUR('',#13342);
#13350 = STYLED_ITEM('color',(#13351),#1148);
#13351 = PRESENTATION_STYLE_ASSIGNMENT((#13352));
#13352 = SURFACE_STYLE_USAGE(.BOTH.,#13353);
#13353 = SURFACE_SIDE_STYLE('',(#13354));
#13354 = SURFACE_STYLE_FILL_AREA(#13355);
#13355 = FILL_AREA_STYLE('',(#13356));
#13356 = FILL_AREA_STYLE_COLOUR('',#13342);
#13357 = STYLED_ITEM('color',(#13358),#1171);
#13358 = PRESENTATION_STYLE_ASSIGNMENT((#13359));
#13359 = SURFACE_STYLE_USAGE(.BOTH.,#13360);
#13360 = SURFACE_SIDE_STYLE('',(#13361));
#13361 = SURFACE_STYLE_FILL_AREA(#13362);
#13362 = FILL_AREA_STYLE('',(#13363));
#13363 = FILL_AREA_STYLE_COLOUR('',#13342);
#13364 = STYLED_ITEM('color',(#13365),#1200);
#13365 = PRESENTATION_STYLE_ASSIGNMENT((#13366));
#13366 = SURFACE_STYLE_USAGE(.BOTH.,#13367);
#13367 = SURFACE_SIDE_STYLE('',(#13368));
#13368 = SURFACE_STYLE_FILL_AREA(#13369);
#13369 = FILL_AREA_STYLE('',(#13370));
#13370 = FILL_AREA_STYLE_COLOUR('',#13342);
#13371 = STYLED_ITEM('color',(#13372),#1223);
#13372 = PRESENTATION_STYLE_ASSIGNMENT((#13373));
#13373 = SURFACE_STYLE_USAGE(.BOTH.,#13374);
#13374 = SURFACE_SIDE_STYLE('',(#13375));
#13375 = SURFACE_STYLE_FILL_AREA(#13376);
#13376 = FILL_AREA_STYLE('',(#13377));
#13377 = FILL_AREA_STYLE_COLOUR('',#13342);
#13378 = STYLED_ITEM('color',(#13379),#1262);
#13379 = PRESENTATION_STYLE_ASSIGNMENT((#13380));
#13380 = SURFACE_STYLE_USAGE(.BOTH.,#13381);
#13381 = SURFACE_SIDE_STYLE('',(#13382));
#13382 = SURFACE_STYLE_FILL_AREA(#13383);
#13383 = FILL_AREA_STYLE('',(#13384));
#13384 = FILL_AREA_STYLE_COLOUR('',#13342);
#13385 = STYLED_ITEM('color',(#13386),#1285);
#13386 = PRESENTATION_STYLE_ASSIGNMENT((#13387));
#13387 = SURFACE_STYLE_USAGE(.BOTH.,#13388);
#13388 = SURFACE_SIDE_STYLE('',(#13389));
#13389 = SURFACE_STYLE_FILL_AREA(#13390);
#13390 = FILL_AREA_STYLE('',(#13391));
#13391 = FILL_AREA_STYLE_COLOUR('',#13342);
#13392 = STYLED_ITEM('color',(#13393),#1308);
#13393 = PRESENTATION_STYLE_ASSIGNMENT((#13394));
#13394 = SURFACE_STYLE_USAGE(.BOTH.,#13395);
#13395 = SURFACE_SIDE_STYLE('',(#13396));
#13396 = SURFACE_STYLE_FILL_AREA(#13397);
#13397 = FILL_AREA_STYLE('',(#13398));
#13398 = FILL_AREA_STYLE_COLOUR('',#13342);
#13399 = STYLED_ITEM('color',(#13400),#1331);
#13400 = PRESENTATION_STYLE_ASSIGNMENT((#13401));
#13401 = SURFACE_STYLE_USAGE(.BOTH.,#13402);
#13402 = SURFACE_SIDE_STYLE('',(#13403));
#13403 = SURFACE_STYLE_FILL_AREA(#13404);
#13404 = FILL_AREA_STYLE('',(#13405));
#13405 = FILL_AREA_STYLE_COLOUR('',#13342);
#13406 = STYLED_ITEM('color',(#13407),#1380);
#13407 = PRESENTATION_STYLE_ASSIGNMENT((#13408));
#13408 = SURFACE_STYLE_USAGE(.BOTH.,#13409);
#13409 = SURFACE_SIDE_STYLE('',(#13410));
#13410 = SURFACE_STYLE_FILL_AREA(#13411);
#13411 = FILL_AREA_STYLE('',(#13412));
#13412 = FILL_AREA_STYLE_COLOUR('',#13342);
#13413 = STYLED_ITEM('color',(#13414),#1403);
#13414 = PRESENTATION_STYLE_ASSIGNMENT((#13415));
#13415 = SURFACE_STYLE_USAGE(.BOTH.,#13416);
#13416 = SURFACE_SIDE_STYLE('',(#13417));
#13417 = SURFACE_STYLE_FILL_AREA(#13418);
#13418 = FILL_AREA_STYLE('',(#13419));
#13419 = FILL_AREA_STYLE_COLOUR('',#13342);
#13420 = STYLED_ITEM('color',(#13421),#1432);
#13421 = PRESENTATION_STYLE_ASSIGNMENT((#13422));
#13422 = SURFACE_STYLE_USAGE(.BOTH.,#13423);
#13423 = SURFACE_SIDE_STYLE('',(#13424));
#13424 = SURFACE_STYLE_FILL_AREA(#13425);
#13425 = FILL_AREA_STYLE('',(#13426));
#13426 = FILL_AREA_STYLE_COLOUR('',#13342);
#13427 = STYLED_ITEM('color',(#13428),#1455);
#13428 = PRESENTATION_STYLE_ASSIGNMENT((#13429));
#13429 = SURFACE_STYLE_USAGE(.BOTH.,#13430);
#13430 = SURFACE_SIDE_STYLE('',(#13431));
#13431 = SURFACE_STYLE_FILL_AREA(#13432);
#13432 = FILL_AREA_STYLE('',(#13433));
#13433 = FILL_AREA_STYLE_COLOUR('',#13342);
#13434 = STYLED_ITEM('color',(#13435),#1479);
#13435 = PRESENTATION_STYLE_ASSIGNMENT((#13436));
#13436 = SURFACE_STYLE_USAGE(.BOTH.,#13437);
#13437 = SURFACE_SIDE_STYLE('',(#13438));
#13438 = SURFACE_STYLE_FILL_AREA(#13439);
#13439 = FILL_AREA_STYLE('',(#13440));
#13440 = FILL_AREA_STYLE_COLOUR('',#13342);
#13441 = STYLED_ITEM('color',(#13442),#1509);
#13442 = PRESENTATION_STYLE_ASSIGNMENT((#13443));
#13443 = SURFACE_STYLE_USAGE(.BOTH.,#13444);
#13444 = SURFACE_SIDE_STYLE('',(#13445));
#13445 = SURFACE_STYLE_FILL_AREA(#13446);
#13446 = FILL_AREA_STYLE('',(#13447));
#13447 = FILL_AREA_STYLE_COLOUR('',#13448);
#13448 = COLOUR_RGB('',0.823529417451,0.819607860991,0.780392170416);
#13449 = STYLED_ITEM('color',(#13450),#1542);
#13450 = PRESENTATION_STYLE_ASSIGNMENT((#13451));
#13451 = SURFACE_STYLE_USAGE(.BOTH.,#13452);
#13452 = SURFACE_SIDE_STYLE('',(#13453));
#13453 = SURFACE_STYLE_FILL_AREA(#13454);
#13454 = FILL_AREA_STYLE('',(#13455));
#13455 = FILL_AREA_STYLE_COLOUR('',#13342);
#13456 = STYLED_ITEM('color',(#13457),#1565);
#13457 = PRESENTATION_STYLE_ASSIGNMENT((#13458));
#13458 = SURFACE_STYLE_USAGE(.BOTH.,#13459);
#13459 = SURFACE_SIDE_STYLE('',(#13460));
#13460 = SURFACE_STYLE_FILL_AREA(#13461);
#13461 = FILL_AREA_STYLE('',(#13462));
#13462 = FILL_AREA_STYLE_COLOUR('',#13342);
#13463 = STYLED_ITEM('color',(#13464),#1588);
#13464 = PRESENTATION_STYLE_ASSIGNMENT((#13465));
#13465 = SURFACE_STYLE_USAGE(.BOTH.,#13466);
#13466 = SURFACE_SIDE_STYLE('',(#13467));
#13467 = SURFACE_STYLE_FILL_AREA(#13468);
#13468 = FILL_AREA_STYLE('',(#13469));
#13469 = FILL_AREA_STYLE_COLOUR('',#13342);
#13470 = STYLED_ITEM('color',(#13471),#1611);
#13471 = PRESENTATION_STYLE_ASSIGNMENT((#13472));
#13472 = SURFACE_STYLE_USAGE(.BOTH.,#13473);
#13473 = SURFACE_SIDE_STYLE('',(#13474));
#13474 = SURFACE_STYLE_FILL_AREA(#13475);
#13475 = FILL_AREA_STYLE('',(#13476));
#13476 = FILL_AREA_STYLE_COLOUR('',#13342);
#13477 = STYLED_ITEM('color',(#13478),#1635);
#13478 = PRESENTATION_STYLE_ASSIGNMENT((#13479));
#13479 = SURFACE_STYLE_USAGE(.BOTH.,#13480);
#13480 = SURFACE_SIDE_STYLE('',(#13481));
#13481 = SURFACE_STYLE_FILL_AREA(#13482);
#13482 = FILL_AREA_STYLE('',(#13483));
#13483 = FILL_AREA_STYLE_COLOUR('',#13342);
#13484 = STYLED_ITEM('color',(#13485),#1659);
#13485 = PRESENTATION_STYLE_ASSIGNMENT((#13486));
#13486 = SURFACE_STYLE_USAGE(.BOTH.,#13487);
#13487 = SURFACE_SIDE_STYLE('',(#13488));
#13488 = SURFACE_STYLE_FILL_AREA(#13489);
#13489 = FILL_AREA_STYLE('',(#13490));
#13490 = FILL_AREA_STYLE_COLOUR('',#13448);
#13491 = STYLED_ITEM('color',(#13492),#1692);
#13492 = PRESENTATION_STYLE_ASSIGNMENT((#13493));
#13493 = SURFACE_STYLE_USAGE(.BOTH.,#13494);
#13494 = SURFACE_SIDE_STYLE('',(#13495));
#13495 = SURFACE_STYLE_FILL_AREA(#13496);
#13496 = FILL_AREA_STYLE('',(#13497));
#13497 = FILL_AREA_STYLE_COLOUR('',#13448);
#13498 = STYLED_ITEM('color',(#13499),#1725);
#13499 = PRESENTATION_STYLE_ASSIGNMENT((#13500));
#13500 = SURFACE_STYLE_USAGE(.BOTH.,#13501);
#13501 = SURFACE_SIDE_STYLE('',(#13502));
#13502 = SURFACE_STYLE_FILL_AREA(#13503);
#13503 = FILL_AREA_STYLE('',(#13504));
#13504 = FILL_AREA_STYLE_COLOUR('',#13342);
#13505 = STYLED_ITEM('color',(#13506),#1756);
#13506 = PRESENTATION_STYLE_ASSIGNMENT((#13507));
#13507 = SURFACE_STYLE_USAGE(.BOTH.,#13508);
#13508 = SURFACE_SIDE_STYLE('',(#13509));
#13509 = SURFACE_STYLE_FILL_AREA(#13510);
#13510 = FILL_AREA_STYLE('',(#13511));
#13511 = FILL_AREA_STYLE_COLOUR('',#13342);
#13512 = STYLED_ITEM('color',(#13513),#1779);
#13513 = PRESENTATION_STYLE_ASSIGNMENT((#13514));
#13514 = SURFACE_STYLE_USAGE(.BOTH.,#13515);
#13515 = SURFACE_SIDE_STYLE('',(#13516));
#13516 = SURFACE_STYLE_FILL_AREA(#13517);
#13517 = FILL_AREA_STYLE('',(#13518));
#13518 = FILL_AREA_STYLE_COLOUR('',#13342);
#13519 = STYLED_ITEM('color',(#13520),#1808);
#13520 = PRESENTATION_STYLE_ASSIGNMENT((#13521));
#13521 = SURFACE_STYLE_USAGE(.BOTH.,#13522);
#13522 = SURFACE_SIDE_STYLE('',(#13523));
#13523 = SURFACE_STYLE_FILL_AREA(#13524);
#13524 = FILL_AREA_STYLE('',(#13525));
#13525 = FILL_AREA_STYLE_COLOUR('',#13342);
#13526 = STYLED_ITEM('color',(#13527),#1831);
#13527 = PRESENTATION_STYLE_ASSIGNMENT((#13528));
#13528 = SURFACE_STYLE_USAGE(.BOTH.,#13529);
#13529 = SURFACE_SIDE_STYLE('',(#13530));
#13530 = SURFACE_STYLE_FILL_AREA(#13531);
#13531 = FILL_AREA_STYLE('',(#13532));
#13532 = FILL_AREA_STYLE_COLOUR('',#13342);
#13533 = STYLED_ITEM('color',(#13534),#1855);
#13534 = PRESENTATION_STYLE_ASSIGNMENT((#13535));
#13535 = SURFACE_STYLE_USAGE(.BOTH.,#13536);
#13536 = SURFACE_SIDE_STYLE('',(#13537));
#13537 = SURFACE_STYLE_FILL_AREA(#13538);
#13538 = FILL_AREA_STYLE('',(#13539));
#13539 = FILL_AREA_STYLE_COLOUR('',#13448);
#13540 = STYLED_ITEM('color',(#13541),#1930);
#13541 = PRESENTATION_STYLE_ASSIGNMENT((#13542));
#13542 = SURFACE_STYLE_USAGE(.BOTH.,#13543);
#13543 = SURFACE_SIDE_STYLE('',(#13544));
#13544 = SURFACE_STYLE_FILL_AREA(#13545);
#13545 = FILL_AREA_STYLE('',(#13546));
#13546 = FILL_AREA_STYLE_COLOUR('',#13448);
#13547 = STYLED_ITEM('color',(#13548),#2005);
#13548 = PRESENTATION_STYLE_ASSIGNMENT((#13549));
#13549 = SURFACE_STYLE_USAGE(.BOTH.,#13550);
#13550 = SURFACE_SIDE_STYLE('',(#13551));
#13551 = SURFACE_STYLE_FILL_AREA(#13552);
#13552 = FILL_AREA_STYLE('',(#13553));
#13553 = FILL_AREA_STYLE_COLOUR('',#13342);
#13554 = STYLED_ITEM('color',(#13555),#2035);
#13555 = PRESENTATION_STYLE_ASSIGNMENT((#13556));
#13556 = SURFACE_STYLE_USAGE(.BOTH.,#13557);
#13557 = SURFACE_SIDE_STYLE('',(#13558));
#13558 = SURFACE_STYLE_FILL_AREA(#13559);
#13559 = FILL_AREA_STYLE('',(#13560));
#13560 = FILL_AREA_STYLE_COLOUR('',#13448);
#13561 = STYLED_ITEM('color',(#13562),#2052);
#13562 = PRESENTATION_STYLE_ASSIGNMENT((#13563));
#13563 = SURFACE_STYLE_USAGE(.BOTH.,#13564);
#13564 = SURFACE_SIDE_STYLE('',(#13565));
#13565 = SURFACE_STYLE_FILL_AREA(#13566);
#13566 = FILL_AREA_STYLE('',(#13567));
#13567 = FILL_AREA_STYLE_COLOUR('',#13342);
#13568 = STYLED_ITEM('color',(#13569),#2075);
#13569 = PRESENTATION_STYLE_ASSIGNMENT((#13570));
#13570 = SURFACE_STYLE_USAGE(.BOTH.,#13571);
#13571 = SURFACE_SIDE_STYLE('',(#13572));
#13572 = SURFACE_STYLE_FILL_AREA(#13573);
#13573 = FILL_AREA_STYLE('',(#13574));
#13574 = FILL_AREA_STYLE_COLOUR('',#13342);
#13575 = STYLED_ITEM('color',(#13576),#2098);
#13576 = PRESENTATION_STYLE_ASSIGNMENT((#13577));
#13577 = SURFACE_STYLE_USAGE(.BOTH.,#13578);
#13578 = SURFACE_SIDE_STYLE('',(#13579));
#13579 = SURFACE_STYLE_FILL_AREA(#13580);
#13580 = FILL_AREA_STYLE('',(#13581));
#13581 = FILL_AREA_STYLE_COLOUR('',#13342);
#13582 = STYLED_ITEM('color',(#13583),#2121);
#13583 = PRESENTATION_STYLE_ASSIGNMENT((#13584));
#13584 = SURFACE_STYLE_USAGE(.BOTH.,#13585);
#13585 = SURFACE_SIDE_STYLE('',(#13586));
#13586 = SURFACE_STYLE_FILL_AREA(#13587);
#13587 = FILL_AREA_STYLE('',(#13588));
#13588 = FILL_AREA_STYLE_COLOUR('',#13342);
#13589 = STYLED_ITEM('color',(#13590),#2145);
#13590 = PRESENTATION_STYLE_ASSIGNMENT((#13591));
#13591 = SURFACE_STYLE_USAGE(.BOTH.,#13592);
#13592 = SURFACE_SIDE_STYLE('',(#13593));
#13593 = SURFACE_STYLE_FILL_AREA(#13594);
#13594 = FILL_AREA_STYLE('',(#13595));
#13595 = FILL_AREA_STYLE_COLOUR('',#13448);
#13596 = STYLED_ITEM('color',(#13597),#2220);
#13597 = PRESENTATION_STYLE_ASSIGNMENT((#13598));
#13598 = SURFACE_STYLE_USAGE(.BOTH.,#13599);
#13599 = SURFACE_SIDE_STYLE('',(#13600));
#13600 = SURFACE_STYLE_FILL_AREA(#13601);
#13601 = FILL_AREA_STYLE('',(#13602));
#13602 = FILL_AREA_STYLE_COLOUR('',#13448);
#13603 = STYLED_ITEM('color',(#13604),#2295);
#13604 = PRESENTATION_STYLE_ASSIGNMENT((#13605));
#13605 = SURFACE_STYLE_USAGE(.BOTH.,#13606);
#13606 = SURFACE_SIDE_STYLE('',(#13607));
#13607 = SURFACE_STYLE_FILL_AREA(#13608);
#13608 = FILL_AREA_STYLE('',(#13609));
#13609 = FILL_AREA_STYLE_COLOUR('',#13342);
#13610 = STYLED_ITEM('color',(#13611),#2319);
#13611 = PRESENTATION_STYLE_ASSIGNMENT((#13612));
#13612 = SURFACE_STYLE_USAGE(.BOTH.,#13613);
#13613 = SURFACE_SIDE_STYLE('',(#13614));
#13614 = SURFACE_STYLE_FILL_AREA(#13615);
#13615 = FILL_AREA_STYLE('',(#13616));
#13616 = FILL_AREA_STYLE_COLOUR('',#13448);
#13617 = STYLED_ITEM('color',(#13618),#2394);
#13618 = PRESENTATION_STYLE_ASSIGNMENT((#13619));
#13619 = SURFACE_STYLE_USAGE(.BOTH.,#13620);
#13620 = SURFACE_SIDE_STYLE('',(#13621));
#13621 = SURFACE_STYLE_FILL_AREA(#13622);
#13622 = FILL_AREA_STYLE('',(#13623));
#13623 = FILL_AREA_STYLE_COLOUR('',#13448);
#13624 = STYLED_ITEM('color',(#13625),#2411);
#13625 = PRESENTATION_STYLE_ASSIGNMENT((#13626));
#13626 = SURFACE_STYLE_USAGE(.BOTH.,#13627);
#13627 = SURFACE_SIDE_STYLE('',(#13628));
#13628 = SURFACE_STYLE_FILL_AREA(#13629);
#13629 = FILL_AREA_STYLE('',(#13630));
#13630 = FILL_AREA_STYLE_COLOUR('',#13448);
#13631 = STYLED_ITEM('color',(#13632),#2486);
#13632 = PRESENTATION_STYLE_ASSIGNMENT((#13633));
#13633 = SURFACE_STYLE_USAGE(.BOTH.,#13634);
#13634 = SURFACE_SIDE_STYLE('',(#13635));
#13635 = SURFACE_STYLE_FILL_AREA(#13636);
#13636 = FILL_AREA_STYLE('',(#13637));
#13637 = FILL_AREA_STYLE_COLOUR('',#13448);
#13638 = STYLED_ITEM('color',(#13639),#2503);
#13639 = PRESENTATION_STYLE_ASSIGNMENT((#13640));
#13640 = SURFACE_STYLE_USAGE(.BOTH.,#13641);
#13641 = SURFACE_SIDE_STYLE('',(#13642));
#13642 = SURFACE_STYLE_FILL_AREA(#13643);
#13643 = FILL_AREA_STYLE('',(#13644));
#13644 = FILL_AREA_STYLE_COLOUR('',#13342);
#13645 = STYLED_ITEM('color',(#13646),#2534);
#13646 = PRESENTATION_STYLE_ASSIGNMENT((#13647));
#13647 = SURFACE_STYLE_USAGE(.BOTH.,#13648);
#13648 = SURFACE_SIDE_STYLE('',(#13649));
#13649 = SURFACE_STYLE_FILL_AREA(#13650);
#13650 = FILL_AREA_STYLE('',(#13651));
#13651 = FILL_AREA_STYLE_COLOUR('',#13342);
#13652 = STYLED_ITEM('color',(#13653),#2557);
#13653 = PRESENTATION_STYLE_ASSIGNMENT((#13654));
#13654 = SURFACE_STYLE_USAGE(.BOTH.,#13655);
#13655 = SURFACE_SIDE_STYLE('',(#13656));
#13656 = SURFACE_STYLE_FILL_AREA(#13657);
#13657 = FILL_AREA_STYLE('',(#13658));
#13658 = FILL_AREA_STYLE_COLOUR('',#13342);
#13659 = STYLED_ITEM('color',(#13660),#2613);
#13660 = PRESENTATION_STYLE_ASSIGNMENT((#13661));
#13661 = SURFACE_STYLE_USAGE(.BOTH.,#13662);
#13662 = SURFACE_SIDE_STYLE('',(#13663));
#13663 = SURFACE_STYLE_FILL_AREA(#13664);
#13664 = FILL_AREA_STYLE('',(#13665));
#13665 = FILL_AREA_STYLE_COLOUR('',#13342);
#13666 = STYLED_ITEM('color',(#13667),#2629);
#13667 = PRESENTATION_STYLE_ASSIGNMENT((#13668));
#13668 = SURFACE_STYLE_USAGE(.BOTH.,#13669);
#13669 = SURFACE_SIDE_STYLE('',(#13670));
#13670 = SURFACE_STYLE_FILL_AREA(#13671);
#13671 = FILL_AREA_STYLE('',(#13672));
#13672 = FILL_AREA_STYLE_COLOUR('',#13342);
#13673 = STYLED_ITEM('color',(#13674),#2652);
#13674 = PRESENTATION_STYLE_ASSIGNMENT((#13675));
#13675 = SURFACE_STYLE_USAGE(.BOTH.,#13676);
#13676 = SURFACE_SIDE_STYLE('',(#13677));
#13677 = SURFACE_STYLE_FILL_AREA(#13678);
#13678 = FILL_AREA_STYLE('',(#13679));
#13679 = FILL_AREA_STYLE_COLOUR('',#13448);
#13680 = STYLED_ITEM('color',(#13681),#2669);
#13681 = PRESENTATION_STYLE_ASSIGNMENT((#13682));
#13682 = SURFACE_STYLE_USAGE(.BOTH.,#13683);
#13683 = SURFACE_SIDE_STYLE('',(#13684));
#13684 = SURFACE_STYLE_FILL_AREA(#13685);
#13685 = FILL_AREA_STYLE('',(#13686));
#13686 = FILL_AREA_STYLE_COLOUR('',#13448);
#13687 = STYLED_ITEM('color',(#13688),#2686);
#13688 = PRESENTATION_STYLE_ASSIGNMENT((#13689));
#13689 = SURFACE_STYLE_USAGE(.BOTH.,#13690);
#13690 = SURFACE_SIDE_STYLE('',(#13691));
#13691 = SURFACE_STYLE_FILL_AREA(#13692);
#13692 = FILL_AREA_STYLE('',(#13693));
#13693 = FILL_AREA_STYLE_COLOUR('',#13448);
#13694 = STYLED_ITEM('color',(#13695),#2703);
#13695 = PRESENTATION_STYLE_ASSIGNMENT((#13696));
#13696 = SURFACE_STYLE_USAGE(.BOTH.,#13697);
#13697 = SURFACE_SIDE_STYLE('',(#13698));
#13698 = SURFACE_STYLE_FILL_AREA(#13699);
#13699 = FILL_AREA_STYLE('',(#13700));
#13700 = FILL_AREA_STYLE_COLOUR('',#13448);
#13701 = STYLED_ITEM('color',(#13702),#2720);
#13702 = PRESENTATION_STYLE_ASSIGNMENT((#13703));
#13703 = SURFACE_STYLE_USAGE(.BOTH.,#13704);
#13704 = SURFACE_SIDE_STYLE('',(#13705));
#13705 = SURFACE_STYLE_FILL_AREA(#13706);
#13706 = FILL_AREA_STYLE('',(#13707));
#13707 = FILL_AREA_STYLE_COLOUR('',#13448);
#13708 = STYLED_ITEM('color',(#13709),#2737);
#13709 = PRESENTATION_STYLE_ASSIGNMENT((#13710));
#13710 = SURFACE_STYLE_USAGE(.BOTH.,#13711);
#13711 = SURFACE_SIDE_STYLE('',(#13712));
#13712 = SURFACE_STYLE_FILL_AREA(#13713);
#13713 = FILL_AREA_STYLE('',(#13714));
#13714 = FILL_AREA_STYLE_COLOUR('',#13448);
#13715 = STYLED_ITEM('color',(#13716),#2754);
#13716 = PRESENTATION_STYLE_ASSIGNMENT((#13717));
#13717 = SURFACE_STYLE_USAGE(.BOTH.,#13718);
#13718 = SURFACE_SIDE_STYLE('',(#13719));
#13719 = SURFACE_STYLE_FILL_AREA(#13720);
#13720 = FILL_AREA_STYLE('',(#13721));
#13721 = FILL_AREA_STYLE_COLOUR('',#13448);
#13722 = STYLED_ITEM('color',(#13723),#2771);
#13723 = PRESENTATION_STYLE_ASSIGNMENT((#13724));
#13724 = SURFACE_STYLE_USAGE(.BOTH.,#13725);
#13725 = SURFACE_SIDE_STYLE('',(#13726));
#13726 = SURFACE_STYLE_FILL_AREA(#13727);
#13727 = FILL_AREA_STYLE('',(#13728));
#13728 = FILL_AREA_STYLE_COLOUR('',#13448);
#13729 = STYLED_ITEM('color',(#13730),#2783);
#13730 = PRESENTATION_STYLE_ASSIGNMENT((#13731));
#13731 = SURFACE_STYLE_USAGE(.BOTH.,#13732);
#13732 = SURFACE_SIDE_STYLE('',(#13733));
#13733 = SURFACE_STYLE_FILL_AREA(#13734);
#13734 = FILL_AREA_STYLE('',(#13735));
#13735 = FILL_AREA_STYLE_COLOUR('',#13342);
#13736 = STYLED_ITEM('color',(#13737),#2799);
#13737 = PRESENTATION_STYLE_ASSIGNMENT((#13738));
#13738 = SURFACE_STYLE_USAGE(.BOTH.,#13739);
#13739 = SURFACE_SIDE_STYLE('',(#13740));
#13740 = SURFACE_STYLE_FILL_AREA(#13741);
#13741 = FILL_AREA_STYLE('',(#13742));
#13742 = FILL_AREA_STYLE_COLOUR('',#13342);
#13743 = STYLED_ITEM('color',(#13744),#2815);
#13744 = PRESENTATION_STYLE_ASSIGNMENT((#13745));
#13745 = SURFACE_STYLE_USAGE(.BOTH.,#13746);
#13746 = SURFACE_SIDE_STYLE('',(#13747));
#13747 = SURFACE_STYLE_FILL_AREA(#13748);
#13748 = FILL_AREA_STYLE('',(#13749));
#13749 = FILL_AREA_STYLE_COLOUR('',#13342);
#13750 = STYLED_ITEM('color',(#13751),#2831);
#13751 = PRESENTATION_STYLE_ASSIGNMENT((#13752));
#13752 = SURFACE_STYLE_USAGE(.BOTH.,#13753);
#13753 = SURFACE_SIDE_STYLE('',(#13754));
#13754 = SURFACE_STYLE_FILL_AREA(#13755);
#13755 = FILL_AREA_STYLE('',(#13756));
#13756 = FILL_AREA_STYLE_COLOUR('',#13342);
#13757 = STYLED_ITEM('color',(#13758),#2857);
#13758 = PRESENTATION_STYLE_ASSIGNMENT((#13759));
#13759 = SURFACE_STYLE_USAGE(.BOTH.,#13760);
#13760 = SURFACE_SIDE_STYLE('',(#13761));
#13761 = SURFACE_STYLE_FILL_AREA(#13762);
#13762 = FILL_AREA_STYLE('',(#13763));
#13763 = FILL_AREA_STYLE_COLOUR('',#13448);
#13764 = STYLED_ITEM('color',(#13765),#2874);
#13765 = PRESENTATION_STYLE_ASSIGNMENT((#13766));
#13766 = SURFACE_STYLE_USAGE(.BOTH.,#13767);
#13767 = SURFACE_SIDE_STYLE('',(#13768));
#13768 = SURFACE_STYLE_FILL_AREA(#13769);
#13769 = FILL_AREA_STYLE('',(#13770));
#13770 = FILL_AREA_STYLE_COLOUR('',#13448);
#13771 = STYLED_ITEM('color',(#13772),#2891);
#13772 = PRESENTATION_STYLE_ASSIGNMENT((#13773));
#13773 = SURFACE_STYLE_USAGE(.BOTH.,#13774);
#13774 = SURFACE_SIDE_STYLE('',(#13775));
#13775 = SURFACE_STYLE_FILL_AREA(#13776);
#13776 = FILL_AREA_STYLE('',(#13777));
#13777 = FILL_AREA_STYLE_COLOUR('',#13448);
#13778 = STYLED_ITEM('color',(#13779),#2908);
#13779 = PRESENTATION_STYLE_ASSIGNMENT((#13780));
#13780 = SURFACE_STYLE_USAGE(.BOTH.,#13781);
#13781 = SURFACE_SIDE_STYLE('',(#13782));
#13782 = SURFACE_STYLE_FILL_AREA(#13783);
#13783 = FILL_AREA_STYLE('',(#13784));
#13784 = FILL_AREA_STYLE_COLOUR('',#13448);
#13785 = STYLED_ITEM('color',(#13786),#2925);
#13786 = PRESENTATION_STYLE_ASSIGNMENT((#13787));
#13787 = SURFACE_STYLE_USAGE(.BOTH.,#13788);
#13788 = SURFACE_SIDE_STYLE('',(#13789));
#13789 = SURFACE_STYLE_FILL_AREA(#13790);
#13790 = FILL_AREA_STYLE('',(#13791));
#13791 = FILL_AREA_STYLE_COLOUR('',#13448);
#13792 = STYLED_ITEM('color',(#13793),#2942);
#13793 = PRESENTATION_STYLE_ASSIGNMENT((#13794));
#13794 = SURFACE_STYLE_USAGE(.BOTH.,#13795);
#13795 = SURFACE_SIDE_STYLE('',(#13796));
#13796 = SURFACE_STYLE_FILL_AREA(#13797);
#13797 = FILL_AREA_STYLE('',(#13798));
#13798 = FILL_AREA_STYLE_COLOUR('',#13448);
#13799 = STYLED_ITEM('color',(#13800),#2959);
#13800 = PRESENTATION_STYLE_ASSIGNMENT((#13801));
#13801 = SURFACE_STYLE_USAGE(.BOTH.,#13802);
#13802 = SURFACE_SIDE_STYLE('',(#13803));
#13803 = SURFACE_STYLE_FILL_AREA(#13804);
#13804 = FILL_AREA_STYLE('',(#13805));
#13805 = FILL_AREA_STYLE_COLOUR('',#13448);
#13806 = STYLED_ITEM('color',(#13807),#2976);
#13807 = PRESENTATION_STYLE_ASSIGNMENT((#13808));
#13808 = SURFACE_STYLE_USAGE(.BOTH.,#13809);
#13809 = SURFACE_SIDE_STYLE('',(#13810));
#13810 = SURFACE_STYLE_FILL_AREA(#13811);
#13811 = FILL_AREA_STYLE('',(#13812));
#13812 = FILL_AREA_STYLE_COLOUR('',#13448);
#13813 = STYLED_ITEM('color',(#13814),#2988);
#13814 = PRESENTATION_STYLE_ASSIGNMENT((#13815));
#13815 = SURFACE_STYLE_USAGE(.BOTH.,#13816);
#13816 = SURFACE_SIDE_STYLE('',(#13817));
#13817 = SURFACE_STYLE_FILL_AREA(#13818);
#13818 = FILL_AREA_STYLE('',(#13819));
#13819 = FILL_AREA_STYLE_COLOUR('',#13448);
#13820 = STYLED_ITEM('color',(#13821),#3010);
#13821 = PRESENTATION_STYLE_ASSIGNMENT((#13822));
#13822 = SURFACE_STYLE_USAGE(.BOTH.,#13823);
#13823 = SURFACE_SIDE_STYLE('',(#13824));
#13824 = SURFACE_STYLE_FILL_AREA(#13825);
#13825 = FILL_AREA_STYLE('',(#13826));
#13826 = FILL_AREA_STYLE_COLOUR('',#13448);
#13827 = STYLED_ITEM('color',(#13828),#3027);
#13828 = PRESENTATION_STYLE_ASSIGNMENT((#13829));
#13829 = SURFACE_STYLE_USAGE(.BOTH.,#13830);
#13830 = SURFACE_SIDE_STYLE('',(#13831));
#13831 = SURFACE_STYLE_FILL_AREA(#13832);
#13832 = FILL_AREA_STYLE('',(#13833));
#13833 = FILL_AREA_STYLE_COLOUR('',#13448);
#13834 = STYLED_ITEM('color',(#13835),#3044);
#13835 = PRESENTATION_STYLE_ASSIGNMENT((#13836));
#13836 = SURFACE_STYLE_USAGE(.BOTH.,#13837);
#13837 = SURFACE_SIDE_STYLE('',(#13838));
#13838 = SURFACE_STYLE_FILL_AREA(#13839);
#13839 = FILL_AREA_STYLE('',(#13840));
#13840 = FILL_AREA_STYLE_COLOUR('',#13448);
#13841 = STYLED_ITEM('color',(#13842),#3061);
#13842 = PRESENTATION_STYLE_ASSIGNMENT((#13843));
#13843 = SURFACE_STYLE_USAGE(.BOTH.,#13844);
#13844 = SURFACE_SIDE_STYLE('',(#13845));
#13845 = SURFACE_STYLE_FILL_AREA(#13846);
#13846 = FILL_AREA_STYLE('',(#13847));
#13847 = FILL_AREA_STYLE_COLOUR('',#13448);
#13848 = STYLED_ITEM('color',(#13849),#3078);
#13849 = PRESENTATION_STYLE_ASSIGNMENT((#13850));
#13850 = SURFACE_STYLE_USAGE(.BOTH.,#13851);
#13851 = SURFACE_SIDE_STYLE('',(#13852));
#13852 = SURFACE_STYLE_FILL_AREA(#13853);
#13853 = FILL_AREA_STYLE('',(#13854));
#13854 = FILL_AREA_STYLE_COLOUR('',#13448);
#13855 = STYLED_ITEM('color',(#13856),#3095);
#13856 = PRESENTATION_STYLE_ASSIGNMENT((#13857));
#13857 = SURFACE_STYLE_USAGE(.BOTH.,#13858);
#13858 = SURFACE_SIDE_STYLE('',(#13859));
#13859 = SURFACE_STYLE_FILL_AREA(#13860);
#13860 = FILL_AREA_STYLE('',(#13861));
#13861 = FILL_AREA_STYLE_COLOUR('',#13448);
#13862 = STYLED_ITEM('color',(#13863),#3107);
#13863 = PRESENTATION_STYLE_ASSIGNMENT((#13864));
#13864 = SURFACE_STYLE_USAGE(.BOTH.,#13865);
#13865 = SURFACE_SIDE_STYLE('',(#13866));
#13866 = SURFACE_STYLE_FILL_AREA(#13867);
#13867 = FILL_AREA_STYLE('',(#13868));
#13868 = FILL_AREA_STYLE_COLOUR('',#13448);
#13869 = MECHANICAL_DESIGN_GEOMETRIC_PRESENTATION_REPRESENTATION('',(
    #13870,#13877,#13884,#13891,#13898,#13905,#13912,#13919,#13926,
    #13933,#13940,#13947,#13954,#13961,#13968,#13975,#13982,#13989,
    #13996,#14003,#14010,#14017,#14024,#14031,#14038,#14045,#14052,
    #14059,#14066,#14073,#14080,#14087,#14094,#14101,#14108,#14115,
    #14122,#14129,#14136,#14143,#14150,#14157,#14164,#14171,#14178,
    #14185,#14192,#14199,#14206,#14213,#14220,#14227,#14234,#14241,
    #14248,#14256,#14263,#14270,#14277,#14284,#14291,#14298,#14305,
    #14312,#14319,#14326,#14333),#9452);
#13870 = STYLED_ITEM('color',(#13871),#7654);
#13871 = PRESENTATION_STYLE_ASSIGNMENT((#13872));
#13872 = SURFACE_STYLE_USAGE(.BOTH.,#13873);
#13873 = SURFACE_SIDE_STYLE('',(#13874));
#13874 = SURFACE_STYLE_FILL_AREA(#13875);
#13875 = FILL_AREA_STYLE('',(#13876));
#13876 = FILL_AREA_STYLE_COLOUR('',#13448);
#13877 = STYLED_ITEM('color',(#13878),#7694);
#13878 = PRESENTATION_STYLE_ASSIGNMENT((#13879));
#13879 = SURFACE_STYLE_USAGE(.BOTH.,#13880);
#13880 = SURFACE_SIDE_STYLE('',(#13881));
#13881 = SURFACE_STYLE_FILL_AREA(#13882);
#13882 = FILL_AREA_STYLE('',(#13883));
#13883 = FILL_AREA_STYLE_COLOUR('',#13448);
#13884 = STYLED_ITEM('color',(#13885),#7727);
#13885 = PRESENTATION_STYLE_ASSIGNMENT((#13886));
#13886 = SURFACE_STYLE_USAGE(.BOTH.,#13887);
#13887 = SURFACE_SIDE_STYLE('',(#13888));
#13888 = SURFACE_STYLE_FILL_AREA(#13889);
#13889 = FILL_AREA_STYLE('',(#13890));
#13890 = FILL_AREA_STYLE_COLOUR('',#13448);
#13891 = STYLED_ITEM('color',(#13892),#7760);
#13892 = PRESENTATION_STYLE_ASSIGNMENT((#13893));
#13893 = SURFACE_STYLE_USAGE(.BOTH.,#13894);
#13894 = SURFACE_SIDE_STYLE('',(#13895));
#13895 = SURFACE_STYLE_FILL_AREA(#13896);
#13896 = FILL_AREA_STYLE('',(#13897));
#13897 = FILL_AREA_STYLE_COLOUR('',#13448);
#13898 = STYLED_ITEM('color',(#13899),#7827);
#13899 = PRESENTATION_STYLE_ASSIGNMENT((#13900));
#13900 = SURFACE_STYLE_USAGE(.BOTH.,#13901);
#13901 = SURFACE_SIDE_STYLE('',(#13902));
#13902 = SURFACE_STYLE_FILL_AREA(#13903);
#13903 = FILL_AREA_STYLE('',(#13904));
#13904 = FILL_AREA_STYLE_COLOUR('',#13448);
#13905 = STYLED_ITEM('color',(#13906),#7894);
#13906 = PRESENTATION_STYLE_ASSIGNMENT((#13907));
#13907 = SURFACE_STYLE_USAGE(.BOTH.,#13908);
#13908 = SURFACE_SIDE_STYLE('',(#13909));
#13909 = SURFACE_STYLE_FILL_AREA(#13910);
#13910 = FILL_AREA_STYLE('',(#13911));
#13911 = FILL_AREA_STYLE_COLOUR('',#13342);
#13912 = STYLED_ITEM('color',(#13913),#7939);
#13913 = PRESENTATION_STYLE_ASSIGNMENT((#13914));
#13914 = SURFACE_STYLE_USAGE(.BOTH.,#13915);
#13915 = SURFACE_SIDE_STYLE('',(#13916));
#13916 = SURFACE_STYLE_FILL_AREA(#13917);
#13917 = FILL_AREA_STYLE('',(#13918));
#13918 = FILL_AREA_STYLE_COLOUR('',#13448);
#13919 = STYLED_ITEM('color',(#13920),#7956);
#13920 = PRESENTATION_STYLE_ASSIGNMENT((#13921));
#13921 = SURFACE_STYLE_USAGE(.BOTH.,#13922);
#13922 = SURFACE_SIDE_STYLE('',(#13923));
#13923 = SURFACE_STYLE_FILL_AREA(#13924);
#13924 = FILL_AREA_STYLE('',(#13925));
#13925 = FILL_AREA_STYLE_COLOUR('',#13342);
#13926 = STYLED_ITEM('color',(#13927),#7979);
#13927 = PRESENTATION_STYLE_ASSIGNMENT((#13928));
#13928 = SURFACE_STYLE_USAGE(.BOTH.,#13929);
#13929 = SURFACE_SIDE_STYLE('',(#13930));
#13930 = SURFACE_STYLE_FILL_AREA(#13931);
#13931 = FILL_AREA_STYLE('',(#13932));
#13932 = FILL_AREA_STYLE_COLOUR('',#13448);
#13933 = STYLED_ITEM('color',(#13934),#8001);
#13934 = PRESENTATION_STYLE_ASSIGNMENT((#13935));
#13935 = SURFACE_STYLE_USAGE(.BOTH.,#13936);
#13936 = SURFACE_SIDE_STYLE('',(#13937));
#13937 = SURFACE_STYLE_FILL_AREA(#13938);
#13938 = FILL_AREA_STYLE('',(#13939));
#13939 = FILL_AREA_STYLE_COLOUR('',#13448);
#13940 = STYLED_ITEM('color',(#13941),#8018);
#13941 = PRESENTATION_STYLE_ASSIGNMENT((#13942));
#13942 = SURFACE_STYLE_USAGE(.BOTH.,#13943);
#13943 = SURFACE_SIDE_STYLE('',(#13944));
#13944 = SURFACE_STYLE_FILL_AREA(#13945);
#13945 = FILL_AREA_STYLE('',(#13946));
#13946 = FILL_AREA_STYLE_COLOUR('',#13448);
#13947 = STYLED_ITEM('color',(#13948),#8035);
#13948 = PRESENTATION_STYLE_ASSIGNMENT((#13949));
#13949 = SURFACE_STYLE_USAGE(.BOTH.,#13950);
#13950 = SURFACE_SIDE_STYLE('',(#13951));
#13951 = SURFACE_STYLE_FILL_AREA(#13952);
#13952 = FILL_AREA_STYLE('',(#13953));
#13953 = FILL_AREA_STYLE_COLOUR('',#13448);
#13954 = STYLED_ITEM('color',(#13955),#8052);
#13955 = PRESENTATION_STYLE_ASSIGNMENT((#13956));
#13956 = SURFACE_STYLE_USAGE(.BOTH.,#13957);
#13957 = SURFACE_SIDE_STYLE('',(#13958));
#13958 = SURFACE_STYLE_FILL_AREA(#13959);
#13959 = FILL_AREA_STYLE('',(#13960));
#13960 = FILL_AREA_STYLE_COLOUR('',#13448);
#13961 = STYLED_ITEM('color',(#13962),#8064);
#13962 = PRESENTATION_STYLE_ASSIGNMENT((#13963));
#13963 = SURFACE_STYLE_USAGE(.BOTH.,#13964);
#13964 = SURFACE_SIDE_STYLE('',(#13965));
#13965 = SURFACE_STYLE_FILL_AREA(#13966);
#13966 = FILL_AREA_STYLE('',(#13967));
#13967 = FILL_AREA_STYLE_COLOUR('',#13342);
#13968 = STYLED_ITEM('color',(#13969),#8087);
#13969 = PRESENTATION_STYLE_ASSIGNMENT((#13970));
#13970 = SURFACE_STYLE_USAGE(.BOTH.,#13971);
#13971 = SURFACE_SIDE_STYLE('',(#13972));
#13972 = SURFACE_STYLE_FILL_AREA(#13973);
#13973 = FILL_AREA_STYLE('',(#13974));
#13974 = FILL_AREA_STYLE_COLOUR('',#13342);
#13975 = STYLED_ITEM('color',(#13976),#8150);
#13976 = PRESENTATION_STYLE_ASSIGNMENT((#13977));
#13977 = SURFACE_STYLE_USAGE(.BOTH.,#13978);
#13978 = SURFACE_SIDE_STYLE('',(#13979));
#13979 = SURFACE_STYLE_FILL_AREA(#13980);
#13980 = FILL_AREA_STYLE('',(#13981));
#13981 = FILL_AREA_STYLE_COLOUR('',#13342);
#13982 = STYLED_ITEM('color',(#13983),#8173);
#13983 = PRESENTATION_STYLE_ASSIGNMENT((#13984));
#13984 = SURFACE_STYLE_USAGE(.BOTH.,#13985);
#13985 = SURFACE_SIDE_STYLE('',(#13986));
#13986 = SURFACE_STYLE_FILL_AREA(#13987);
#13987 = FILL_AREA_STYLE('',(#13988));
#13988 = FILL_AREA_STYLE_COLOUR('',#13342);
#13989 = STYLED_ITEM('color',(#13990),#8196);
#13990 = PRESENTATION_STYLE_ASSIGNMENT((#13991));
#13991 = SURFACE_STYLE_USAGE(.BOTH.,#13992);
#13992 = SURFACE_SIDE_STYLE('',(#13993));
#13993 = SURFACE_STYLE_FILL_AREA(#13994);
#13994 = FILL_AREA_STYLE('',(#13995));
#13995 = FILL_AREA_STYLE_COLOUR('',#13342);
#13996 = STYLED_ITEM('color',(#13997),#8219);
#13997 = PRESENTATION_STYLE_ASSIGNMENT((#13998));
#13998 = SURFACE_STYLE_USAGE(.BOTH.,#13999);
#13999 = SURFACE_SIDE_STYLE('',(#14000));
#14000 = SURFACE_STYLE_FILL_AREA(#14001);
#14001 = FILL_AREA_STYLE('',(#14002));
#14002 = FILL_AREA_STYLE_COLOUR('',#13342);
#14003 = STYLED_ITEM('color',(#14004),#8249);
#14004 = PRESENTATION_STYLE_ASSIGNMENT((#14005));
#14005 = SURFACE_STYLE_USAGE(.BOTH.,#14006);
#14006 = SURFACE_SIDE_STYLE('',(#14007));
#14007 = SURFACE_STYLE_FILL_AREA(#14008);
#14008 = FILL_AREA_STYLE('',(#14009));
#14009 = FILL_AREA_STYLE_COLOUR('',#13448);
#14010 = STYLED_ITEM('color',(#14011),#8273);
#14011 = PRESENTATION_STYLE_ASSIGNMENT((#14012));
#14012 = SURFACE_STYLE_USAGE(.BOTH.,#14013);
#14013 = SURFACE_SIDE_STYLE('',(#14014));
#14014 = SURFACE_STYLE_FILL_AREA(#14015);
#14015 = FILL_AREA_STYLE('',(#14016));
#14016 = FILL_AREA_STYLE_COLOUR('',#13342);
#14017 = STYLED_ITEM('color',(#14018),#8296);
#14018 = PRESENTATION_STYLE_ASSIGNMENT((#14019));
#14019 = SURFACE_STYLE_USAGE(.BOTH.,#14020);
#14020 = SURFACE_SIDE_STYLE('',(#14021));
#14021 = SURFACE_STYLE_FILL_AREA(#14022);
#14022 = FILL_AREA_STYLE('',(#14023));
#14023 = FILL_AREA_STYLE_COLOUR('',#13342);
#14024 = STYLED_ITEM('color',(#14025),#8319);
#14025 = PRESENTATION_STYLE_ASSIGNMENT((#14026));
#14026 = SURFACE_STYLE_USAGE(.BOTH.,#14027);
#14027 = SURFACE_SIDE_STYLE('',(#14028));
#14028 = SURFACE_STYLE_FILL_AREA(#14029);
#14029 = FILL_AREA_STYLE('',(#14030));
#14030 = FILL_AREA_STYLE_COLOUR('',#13342);
#14031 = STYLED_ITEM('color',(#14032),#8364);
#14032 = PRESENTATION_STYLE_ASSIGNMENT((#14033));
#14033 = SURFACE_STYLE_USAGE(.BOTH.,#14034);
#14034 = SURFACE_SIDE_STYLE('',(#14035));
#14035 = SURFACE_STYLE_FILL_AREA(#14036);
#14036 = FILL_AREA_STYLE('',(#14037));
#14037 = FILL_AREA_STYLE_COLOUR('',#13342);
#14038 = STYLED_ITEM('color',(#14039),#8387);
#14039 = PRESENTATION_STYLE_ASSIGNMENT((#14040));
#14040 = SURFACE_STYLE_USAGE(.BOTH.,#14041);
#14041 = SURFACE_SIDE_STYLE('',(#14042));
#14042 = SURFACE_STYLE_FILL_AREA(#14043);
#14043 = FILL_AREA_STYLE('',(#14044));
#14044 = FILL_AREA_STYLE_COLOUR('',#13342);
#14045 = STYLED_ITEM('color',(#14046),#8404);
#14046 = PRESENTATION_STYLE_ASSIGNMENT((#14047));
#14047 = SURFACE_STYLE_USAGE(.BOTH.,#14048);
#14048 = SURFACE_SIDE_STYLE('',(#14049));
#14049 = SURFACE_STYLE_FILL_AREA(#14050);
#14050 = FILL_AREA_STYLE('',(#14051));
#14051 = FILL_AREA_STYLE_COLOUR('',#13342);
#14052 = STYLED_ITEM('color',(#14053),#8427);
#14053 = PRESENTATION_STYLE_ASSIGNMENT((#14054));
#14054 = SURFACE_STYLE_USAGE(.BOTH.,#14055);
#14055 = SURFACE_SIDE_STYLE('',(#14056));
#14056 = SURFACE_STYLE_FILL_AREA(#14057);
#14057 = FILL_AREA_STYLE('',(#14058));
#14058 = FILL_AREA_STYLE_COLOUR('',#13342);
#14059 = STYLED_ITEM('color',(#14060),#8444);
#14060 = PRESENTATION_STYLE_ASSIGNMENT((#14061));
#14061 = SURFACE_STYLE_USAGE(.BOTH.,#14062);
#14062 = SURFACE_SIDE_STYLE('',(#14063));
#14063 = SURFACE_STYLE_FILL_AREA(#14064);
#14064 = FILL_AREA_STYLE('',(#14065));
#14065 = FILL_AREA_STYLE_COLOUR('',#13342);
#14066 = STYLED_ITEM('color',(#14067),#8467);
#14067 = PRESENTATION_STYLE_ASSIGNMENT((#14068));
#14068 = SURFACE_STYLE_USAGE(.BOTH.,#14069);
#14069 = SURFACE_SIDE_STYLE('',(#14070));
#14070 = SURFACE_STYLE_FILL_AREA(#14071);
#14071 = FILL_AREA_STYLE('',(#14072));
#14072 = FILL_AREA_STYLE_COLOUR('',#13342);
#14073 = STYLED_ITEM('color',(#14074),#8490);
#14074 = PRESENTATION_STYLE_ASSIGNMENT((#14075));
#14075 = SURFACE_STYLE_USAGE(.BOTH.,#14076);
#14076 = SURFACE_SIDE_STYLE('',(#14077));
#14077 = SURFACE_STYLE_FILL_AREA(#14078);
#14078 = FILL_AREA_STYLE('',(#14079));
#14079 = FILL_AREA_STYLE_COLOUR('',#13342);
#14080 = STYLED_ITEM('color',(#14081),#8521);
#14081 = PRESENTATION_STYLE_ASSIGNMENT((#14082));
#14082 = SURFACE_STYLE_USAGE(.BOTH.,#14083);
#14083 = SURFACE_SIDE_STYLE('',(#14084));
#14084 = SURFACE_STYLE_FILL_AREA(#14085);
#14085 = FILL_AREA_STYLE('',(#14086));
#14086 = FILL_AREA_STYLE_COLOUR('',#13342);
#14087 = STYLED_ITEM('color',(#14088),#8544);
#14088 = PRESENTATION_STYLE_ASSIGNMENT((#14089));
#14089 = SURFACE_STYLE_USAGE(.BOTH.,#14090);
#14090 = SURFACE_SIDE_STYLE('',(#14091));
#14091 = SURFACE_STYLE_FILL_AREA(#14092);
#14092 = FILL_AREA_STYLE('',(#14093));
#14093 = FILL_AREA_STYLE_COLOUR('',#13342);
#14094 = STYLED_ITEM('color',(#14095),#8567);
#14095 = PRESENTATION_STYLE_ASSIGNMENT((#14096));
#14096 = SURFACE_STYLE_USAGE(.BOTH.,#14097);
#14097 = SURFACE_SIDE_STYLE('',(#14098));
#14098 = SURFACE_STYLE_FILL_AREA(#14099);
#14099 = FILL_AREA_STYLE('',(#14100));
#14100 = FILL_AREA_STYLE_COLOUR('',#13342);
#14101 = STYLED_ITEM('color',(#14102),#8597);
#14102 = PRESENTATION_STYLE_ASSIGNMENT((#14103));
#14103 = SURFACE_STYLE_USAGE(.BOTH.,#14104);
#14104 = SURFACE_SIDE_STYLE('',(#14105));
#14105 = SURFACE_STYLE_FILL_AREA(#14106);
#14106 = FILL_AREA_STYLE('',(#14107));
#14107 = FILL_AREA_STYLE_COLOUR('',#13342);
#14108 = STYLED_ITEM('color',(#14109),#8627);
#14109 = PRESENTATION_STYLE_ASSIGNMENT((#14110));
#14110 = SURFACE_STYLE_USAGE(.BOTH.,#14111);
#14111 = SURFACE_SIDE_STYLE('',(#14112));
#14112 = SURFACE_STYLE_FILL_AREA(#14113);
#14113 = FILL_AREA_STYLE('',(#14114));
#14114 = FILL_AREA_STYLE_COLOUR('',#13448);
#14115 = STYLED_ITEM('color',(#14116),#8660);
#14116 = PRESENTATION_STYLE_ASSIGNMENT((#14117));
#14117 = SURFACE_STYLE_USAGE(.BOTH.,#14118);
#14118 = SURFACE_SIDE_STYLE('',(#14119));
#14119 = SURFACE_STYLE_FILL_AREA(#14120);
#14120 = FILL_AREA_STYLE('',(#14121));
#14121 = FILL_AREA_STYLE_COLOUR('',#13342);
#14122 = STYLED_ITEM('color',(#14123),#8677);
#14123 = PRESENTATION_STYLE_ASSIGNMENT((#14124));
#14124 = SURFACE_STYLE_USAGE(.BOTH.,#14125);
#14125 = SURFACE_SIDE_STYLE('',(#14126));
#14126 = SURFACE_STYLE_FILL_AREA(#14127);
#14127 = FILL_AREA_STYLE('',(#14128));
#14128 = FILL_AREA_STYLE_COLOUR('',#13342);
#14129 = STYLED_ITEM('color',(#14130),#8694);
#14130 = PRESENTATION_STYLE_ASSIGNMENT((#14131));
#14131 = SURFACE_STYLE_USAGE(.BOTH.,#14132);
#14132 = SURFACE_SIDE_STYLE('',(#14133));
#14133 = SURFACE_STYLE_FILL_AREA(#14134);
#14134 = FILL_AREA_STYLE('',(#14135));
#14135 = FILL_AREA_STYLE_COLOUR('',#13342);
#14136 = STYLED_ITEM('color',(#14137),#8717);
#14137 = PRESENTATION_STYLE_ASSIGNMENT((#14138));
#14138 = SURFACE_STYLE_USAGE(.BOTH.,#14139);
#14139 = SURFACE_SIDE_STYLE('',(#14140));
#14140 = SURFACE_STYLE_FILL_AREA(#14141);
#14141 = FILL_AREA_STYLE('',(#14142));
#14142 = FILL_AREA_STYLE_COLOUR('',#13342);
#14143 = STYLED_ITEM('color',(#14144),#8740);
#14144 = PRESENTATION_STYLE_ASSIGNMENT((#14145));
#14145 = SURFACE_STYLE_USAGE(.BOTH.,#14146);
#14146 = SURFACE_SIDE_STYLE('',(#14147));
#14147 = SURFACE_STYLE_FILL_AREA(#14148);
#14148 = FILL_AREA_STYLE('',(#14149));
#14149 = FILL_AREA_STYLE_COLOUR('',#13342);
#14150 = STYLED_ITEM('color',(#14151),#8830);
#14151 = PRESENTATION_STYLE_ASSIGNMENT((#14152));
#14152 = SURFACE_STYLE_USAGE(.BOTH.,#14153);
#14153 = SURFACE_SIDE_STYLE('',(#14154));
#14154 = SURFACE_STYLE_FILL_AREA(#14155);
#14155 = FILL_AREA_STYLE('',(#14156));
#14156 = FILL_AREA_STYLE_COLOUR('',#13342);
#14157 = STYLED_ITEM('color',(#14158),#8846);
#14158 = PRESENTATION_STYLE_ASSIGNMENT((#14159));
#14159 = SURFACE_STYLE_USAGE(.BOTH.,#14160);
#14160 = SURFACE_SIDE_STYLE('',(#14161));
#14161 = SURFACE_STYLE_FILL_AREA(#14162);
#14162 = FILL_AREA_STYLE('',(#14163));
#14163 = FILL_AREA_STYLE_COLOUR('',#13342);
#14164 = STYLED_ITEM('color',(#14165),#8869);
#14165 = PRESENTATION_STYLE_ASSIGNMENT((#14166));
#14166 = SURFACE_STYLE_USAGE(.BOTH.,#14167);
#14167 = SURFACE_SIDE_STYLE('',(#14168));
#14168 = SURFACE_STYLE_FILL_AREA(#14169);
#14169 = FILL_AREA_STYLE('',(#14170));
#14170 = FILL_AREA_STYLE_COLOUR('',#13342);
#14171 = STYLED_ITEM('color',(#14172),#8899);
#14172 = PRESENTATION_STYLE_ASSIGNMENT((#14173));
#14173 = SURFACE_STYLE_USAGE(.BOTH.,#14174);
#14174 = SURFACE_SIDE_STYLE('',(#14175));
#14175 = SURFACE_STYLE_FILL_AREA(#14176);
#14176 = FILL_AREA_STYLE('',(#14177));
#14177 = FILL_AREA_STYLE_COLOUR('',#13448);
#14178 = STYLED_ITEM('color',(#14179),#8974);
#14179 = PRESENTATION_STYLE_ASSIGNMENT((#14180));
#14180 = SURFACE_STYLE_USAGE(.BOTH.,#14181);
#14181 = SURFACE_SIDE_STYLE('',(#14182));
#14182 = SURFACE_STYLE_FILL_AREA(#14183);
#14183 = FILL_AREA_STYLE('',(#14184));
#14184 = FILL_AREA_STYLE_COLOUR('',#13448);
#14185 = STYLED_ITEM('color',(#14186),#9049);
#14186 = PRESENTATION_STYLE_ASSIGNMENT((#14187));
#14187 = SURFACE_STYLE_USAGE(.BOTH.,#14188);
#14188 = SURFACE_SIDE_STYLE('',(#14189));
#14189 = SURFACE_STYLE_FILL_AREA(#14190);
#14190 = FILL_AREA_STYLE('',(#14191));
#14191 = FILL_AREA_STYLE_COLOUR('',#13342);
#14192 = STYLED_ITEM('color',(#14193),#9079);
#14193 = PRESENTATION_STYLE_ASSIGNMENT((#14194));
#14194 = SURFACE_STYLE_USAGE(.BOTH.,#14195);
#14195 = SURFACE_SIDE_STYLE('',(#14196));
#14196 = SURFACE_STYLE_FILL_AREA(#14197);
#14197 = FILL_AREA_STYLE('',(#14198));
#14198 = FILL_AREA_STYLE_COLOUR('',#13448);
#14199 = STYLED_ITEM('color',(#14200),#9096);
#14200 = PRESENTATION_STYLE_ASSIGNMENT((#14201));
#14201 = SURFACE_STYLE_USAGE(.BOTH.,#14202);
#14202 = SURFACE_SIDE_STYLE('',(#14203));
#14203 = SURFACE_STYLE_FILL_AREA(#14204);
#14204 = FILL_AREA_STYLE('',(#14205));
#14205 = FILL_AREA_STYLE_COLOUR('',#13342);
#14206 = STYLED_ITEM('color',(#14207),#9113);
#14207 = PRESENTATION_STYLE_ASSIGNMENT((#14208));
#14208 = SURFACE_STYLE_USAGE(.BOTH.,#14209);
#14209 = SURFACE_SIDE_STYLE('',(#14210));
#14210 = SURFACE_STYLE_FILL_AREA(#14211);
#14211 = FILL_AREA_STYLE('',(#14212));
#14212 = FILL_AREA_STYLE_COLOUR('',#13342);
#14213 = STYLED_ITEM('color',(#14214),#9130);
#14214 = PRESENTATION_STYLE_ASSIGNMENT((#14215));
#14215 = SURFACE_STYLE_USAGE(.BOTH.,#14216);
#14216 = SURFACE_SIDE_STYLE('',(#14217));
#14217 = SURFACE_STYLE_FILL_AREA(#14218);
#14218 = FILL_AREA_STYLE('',(#14219));
#14219 = FILL_AREA_STYLE_COLOUR('',#13342);
#14220 = STYLED_ITEM('color',(#14221),#9146);
#14221 = PRESENTATION_STYLE_ASSIGNMENT((#14222));
#14222 = SURFACE_STYLE_USAGE(.BOTH.,#14223);
#14223 = SURFACE_SIDE_STYLE('',(#14224));
#14224 = SURFACE_STYLE_FILL_AREA(#14225);
#14225 = FILL_AREA_STYLE('',(#14226));
#14226 = FILL_AREA_STYLE_COLOUR('',#13342);
#14227 = STYLED_ITEM('color',(#14228),#9173);
#14228 = PRESENTATION_STYLE_ASSIGNMENT((#14229));
#14229 = SURFACE_STYLE_USAGE(.BOTH.,#14230);
#14230 = SURFACE_SIDE_STYLE('',(#14231));
#14231 = SURFACE_STYLE_FILL_AREA(#14232);
#14232 = FILL_AREA_STYLE('',(#14233));
#14233 = FILL_AREA_STYLE_COLOUR('',#13342);
#14234 = STYLED_ITEM('color',(#14235),#9189);
#14235 = PRESENTATION_STYLE_ASSIGNMENT((#14236));
#14236 = SURFACE_STYLE_USAGE(.BOTH.,#14237);
#14237 = SURFACE_SIDE_STYLE('',(#14238));
#14238 = SURFACE_STYLE_FILL_AREA(#14239);
#14239 = FILL_AREA_STYLE('',(#14240));
#14240 = FILL_AREA_STYLE_COLOUR('',#13342);
#14241 = STYLED_ITEM('color',(#14242),#9201);
#14242 = PRESENTATION_STYLE_ASSIGNMENT((#14243));
#14243 = SURFACE_STYLE_USAGE(.BOTH.,#14244);
#14244 = SURFACE_SIDE_STYLE('',(#14245));
#14245 = SURFACE_STYLE_FILL_AREA(#14246);
#14246 = FILL_AREA_STYLE('',(#14247));
#14247 = FILL_AREA_STYLE_COLOUR('',#13342);
#14248 = STYLED_ITEM('color',(#14249),#9213);
#14249 = PRESENTATION_STYLE_ASSIGNMENT((#14250));
#14250 = SURFACE_STYLE_USAGE(.BOTH.,#14251);
#14251 = SURFACE_SIDE_STYLE('',(#14252));
#14252 = SURFACE_STYLE_FILL_AREA(#14253);
#14253 = FILL_AREA_STYLE('',(#14254));
#14254 = FILL_AREA_STYLE_COLOUR('',#14255);
#14255 = COLOUR_RGB('',0.690196106937,0.662745111292,0.596078458879);
#14256 = STYLED_ITEM('color',(#14257),#9244);
#14257 = PRESENTATION_STYLE_ASSIGNMENT((#14258));
#14258 = SURFACE_STYLE_USAGE(.BOTH.,#14259);
#14259 = SURFACE_SIDE_STYLE('',(#14260));
#14260 = SURFACE_STYLE_FILL_AREA(#14261);
#14261 = FILL_AREA_STYLE('',(#14262));
#14262 = FILL_AREA_STYLE_COLOUR('',#14255);
#14263 = STYLED_ITEM('color',(#14264),#9268);
#14264 = PRESENTATION_STYLE_ASSIGNMENT((#14265));
#14265 = SURFACE_STYLE_USAGE(.BOTH.,#14266);
#14266 = SURFACE_SIDE_STYLE('',(#14267));
#14267 = SURFACE_STYLE_FILL_AREA(#14268);
#14268 = FILL_AREA_STYLE('',(#14269));
#14269 = FILL_AREA_STYLE_COLOUR('',#14255);
#14270 = STYLED_ITEM('color',(#14271),#9292);
#14271 = PRESENTATION_STYLE_ASSIGNMENT((#14272));
#14272 = SURFACE_STYLE_USAGE(.BOTH.,#14273);
#14273 = SURFACE_SIDE_STYLE('',(#14274));
#14274 = SURFACE_STYLE_FILL_AREA(#14275);
#14275 = FILL_AREA_STYLE('',(#14276));
#14276 = FILL_AREA_STYLE_COLOUR('',#14255);
#14277 = STYLED_ITEM('color',(#14278),#9309);
#14278 = PRESENTATION_STYLE_ASSIGNMENT((#14279));
#14279 = SURFACE_STYLE_USAGE(.BOTH.,#14280);
#14280 = SURFACE_SIDE_STYLE('',(#14281));
#14281 = SURFACE_STYLE_FILL_AREA(#14282);
#14282 = FILL_AREA_STYLE('',(#14283));
#14283 = FILL_AREA_STYLE_COLOUR('',#13448);
#14284 = STYLED_ITEM('color',(#14285),#9326);
#14285 = PRESENTATION_STYLE_ASSIGNMENT((#14286));
#14286 = SURFACE_STYLE_USAGE(.BOTH.,#14287);
#14287 = SURFACE_SIDE_STYLE('',(#14288));
#14288 = SURFACE_STYLE_FILL_AREA(#14289);
#14289 = FILL_AREA_STYLE('',(#14290));
#14290 = FILL_AREA_STYLE_COLOUR('',#13448);
#14291 = STYLED_ITEM('color',(#14292),#9343);
#14292 = PRESENTATION_STYLE_ASSIGNMENT((#14293));
#14293 = SURFACE_STYLE_USAGE(.BOTH.,#14294);
#14294 = SURFACE_SIDE_STYLE('',(#14295));
#14295 = SURFACE_STYLE_FILL_AREA(#14296);
#14296 = FILL_AREA_STYLE('',(#14297));
#14297 = FILL_AREA_STYLE_COLOUR('',#13448);
#14298 = STYLED_ITEM('color',(#14299),#9360);
#14299 = PRESENTATION_STYLE_ASSIGNMENT((#14300));
#14300 = SURFACE_STYLE_USAGE(.BOTH.,#14301);
#14301 = SURFACE_SIDE_STYLE('',(#14302));
#14302 = SURFACE_STYLE_FILL_AREA(#14303);
#14303 = FILL_AREA_STYLE('',(#14304));
#14304 = FILL_AREA_STYLE_COLOUR('',#13448);
#14305 = STYLED_ITEM('color',(#14306),#9377);
#14306 = PRESENTATION_STYLE_ASSIGNMENT((#14307));
#14307 = SURFACE_STYLE_USAGE(.BOTH.,#14308);
#14308 = SURFACE_SIDE_STYLE('',(#14309));
#14309 = SURFACE_STYLE_FILL_AREA(#14310);
#14310 = FILL_AREA_STYLE('',(#14311));
#14311 = FILL_AREA_STYLE_COLOUR('',#13448);
#14312 = STYLED_ITEM('color',(#14313),#9394);
#14313 = PRESENTATION_STYLE_ASSIGNMENT((#14314));
#14314 = SURFACE_STYLE_USAGE(.BOTH.,#14315);
#14315 = SURFACE_SIDE_STYLE('',(#14316));
#14316 = SURFACE_STYLE_FILL_AREA(#14317);
#14317 = FILL_AREA_STYLE('',(#14318));
#14318 = FILL_AREA_STYLE_COLOUR('',#13448);
#14319 = STYLED_ITEM('color',(#14320),#9411);
#14320 = PRESENTATION_STYLE_ASSIGNMENT((#14321));
#14321 = SURFACE_STYLE_USAGE(.BOTH.,#14322);
#14322 = SURFACE_SIDE_STYLE('',(#14323));
#14323 = SURFACE_STYLE_FILL_AREA(#14324);
#14324 = FILL_AREA_STYLE('',(#14325));
#14325 = FILL_AREA_STYLE_COLOUR('',#13448);
#14326 = STYLED_ITEM('color',(#14327),#9428);
#14327 = PRESENTATION_STYLE_ASSIGNMENT((#14328));
#14328 = SURFACE_STYLE_USAGE(.BOTH.,#14329);
#14329 = SURFACE_SIDE_STYLE('',(#14330));
#14330 = SURFACE_STYLE_FILL_AREA(#14331);
#14331 = FILL_AREA_STYLE('',(#14332));
#14332 = FILL_AREA_STYLE_COLOUR('',#13448);
#14333 = STYLED_ITEM('color',(#14334),#9440);
#14334 = PRESENTATION_STYLE_ASSIGNMENT((#14335));
#14335 = SURFACE_STYLE_USAGE(.BOTH.,#14336);
#14336 = SURFACE_SIDE_STYLE('',(#14337));
#14337 = SURFACE_STYLE_FILL_AREA(#14338);
#14338 = FILL_AREA_STYLE('',(#14339));
#14339 = FILL_AREA_STYLE_COLOUR('',#14255);
#14340 = MECHANICAL_DESIGN_GEOMETRIC_PRESENTATION_REPRESENTATION('',(
    #14341,#14350),#10703);
#14341 = STYLED_ITEM('color',(#14342),#9614);
#14342 = PRESENTATION_STYLE_ASSIGNMENT((#14343,#14348));
#14343 = SURFACE_STYLE_USAGE(.BOTH.,#14344);
#14344 = SURFACE_SIDE_STYLE('',(#14345));
#14345 = SURFACE_STYLE_FILL_AREA(#14346);
#14346 = FILL_AREA_STYLE('',(#14347));
#14347 = FILL_AREA_STYLE_COLOUR('',#12392);
#14348 = CURVE_STYLE('',#14349,POSITIVE_LENGTH_MEASURE(0.1),#12392);
#14349 = DRAUGHTING_PRE_DEFINED_CURVE_FONT('continuous');
#14350 = STYLED_ITEM('color',(#14351),#9905);
#14351 = PRESENTATION_STYLE_ASSIGNMENT((#14352,#14357));
#14352 = SURFACE_STYLE_USAGE(.BOTH.,#14353);
#14353 = SURFACE_SIDE_STYLE('',(#14354));
#14354 = SURFACE_STYLE_FILL_AREA(#14355);
#14355 = FILL_AREA_STYLE('',(#14356));
#14356 = FILL_AREA_STYLE_COLOUR('',#12185);
#14357 = CURVE_STYLE('',#14358,POSITIVE_LENGTH_MEASURE(0.1),#12185);
#14358 = DRAUGHTING_PRE_DEFINED_CURVE_FONT('continuous');
ENDSEC;
END-ISO-10303-21;
